case,profile,rep,scale,f_phi_hz,stream_hz,samples,exit_code,compute_median_ns,compute_p99_ns,compute_max_ns,compute_sum_ns,wake_p999_ns,e2e_p50_ns,e2e_p99_ns,e2e_p999_ns,e2e_max_ns,vmhwm_kb,cpu_ticks,compile_ns,probe_ns,r1,r2,nodes_public,nodes_substrates,tokens_from,tokens_fields,capacity_streams,capacity_sum,capacity_max,mat_bytes,mat_mem_bytes,artifacts_sha256,artifact_count,wall_ms
W3_d1,ALGSTRUCT,2,12,180,180,1368,0,636528,815538,890537,711842484,45600,703656,939021,1010219,1017783,20720,101,1436797,1574,8,0,10,1,19,9,5,14,4,34368,4308,8ddbcc7f9b06689df061e8aa42a9c97b497b353858025fd919f467020991e2ec,34,6213
W3_d1,ALGSTRUCT,15,12,180,180,1368,0,633315,813370,854852,709311577,39690,698737,938149,982803,983786,20692,100,593221,1612,8,0,10,1,19,9,5,14,4,34368,4308,8ddbcc7f9b06689df061e8aa42a9c97b497b353858025fd919f467020991e2ec,34,6077
W3_d1,ALGSTRUCT,9,12,180,180,1368,0,637982,820686,935797,714852926,51610,704529,950021,1003741,1080081,20692,100,585260,1462,8,0,10,1,19,9,5,14,4,34368,4308,8ddbcc7f9b06689df061e8aa42a9c97b497b353858025fd919f467020991e2ec,34,6076
W3_d1,OFF,3,12,180,180,1368,0,624750,919593,1010482,752022166,31280,696829,1046738,1133958,1171937,20724,106,1295704,1908,0,0,10,2,28,10,6,15,4,34368,4300,8ddbcc7f9b06689df061e8aa42a9c97b497b353858025fd919f467020991e2ec,34,6192
W3_d1,ALGSTRUCT,13,12,180,180,1368,0,659759,851000,942001,728663558,51387,724598,974040,1025060,1082321,20692,102,592129,1649,8,0,10,1,19,9,5,14,4,34368,4308,8ddbcc7f9b06689df061e8aa42a9c97b497b353858025fd919f467020991e2ec,34,6077
W3_d3,STRUCT,12,12,180,405,3078,0,587519,1183593,1334316,1560121482,939201,658262,1297893,1460046,1465428,21496,195,2273740,2279,0,0,12,8,42,16,14,46,8,60192,24320,b2bec6aa3c07c8dd779b780bfa185a0e58bdfe1731f1aa09a98d1bb5693767ad,36,4908
W3_d1,STRUCT,13,12,180,180,1368,0,600518,884834,978074,729085174,33069,671321,1017756,1052501,1062410,20696,103,567740,1927,0,0,10,2,28,10,6,15,4,34368,4300,8ddbcc7f9b06689df061e8aa42a9c97b497b353858025fd919f467020991e2ec,34,6075
W3_d3,ALGSTRUCT,5,12,180,405,3078,0,650584,1077223,1156278,1532405786,1022547,701581,1195961,1248485,1309405,21464,192,1431426,2056,10,0,12,5,29,13,11,43,8,60192,24320,b2bec6aa3c07c8dd779b780bfa185a0e58bdfe1731f1aa09a98d1bb5693767ad,36,4791
W3_d3,OFF,1,12,180,405,3078,0,586630,1147371,1357686,1529222007,937536,634099,1280515,1449652,1509201,21456,192,1181500,2723,0,0,12,8,42,16,14,46,8,60192,24320,b2bec6aa3c07c8dd779b780bfa185a0e58bdfe1731f1aa09a98d1bb5693767ad,36,4790
W3_d1,ALGSTRUCT,14,12,180,180,1368,0,633917,819371,863334,710100308,43561,700669,942405,983336,983965,20692,100,582000,1463,8,0,10,1,19,9,5,14,4,34368,4308,8ddbcc7f9b06689df061e8aa42a9c97b497b353858025fd919f467020991e2ec,34,6078
W3_d1,ALGSTRUCT,10,12,180,180,1368,0,657722,844815,994334,727782158,42365,723415,974770,1043484,1053951,20696,102,587148,1593,8,0,10,1,19,9,5,14,4,34368,4308,8ddbcc7f9b06689df061e8aa42a9c97b497b353858025fd919f467020991e2ec,34,6076
W3_d1,STRUCT,4,12,180,180,1368,0,595250,877464,961445,723525612,46546,665985,1007422,1061716,1079377,20696,102,578093,1796,0,0,10,2,28,10,6,15,4,34368,4300,8ddbcc7f9b06689df061e8aa42a9c97b497b353858025fd919f467020991e2ec,34,6074
W3_d3,ALGSTRUCT,3,12,180,405,3078,0,647009,1083889,1198797,1526696795,1008045,676314,1203251,1293734,1574978,21464,192,1430557,2221,10,0,12,5,29,13,11,43,8,60192,24320,b2bec6aa3c07c8dd779b780bfa185a0e58bdfe1731f1aa09a98d1bb5693767ad,36,4788
W3_d1,OFF,4,12,180,180,1368,0,597010,880223,914519,726827289,40139,669415,1012839,1067454,1071432,20692,102,452928,1925,0,0,10,2,28,10,6,15,4,34368,4300,8ddbcc7f9b06689df061e8aa42a9c97b497b353858025fd919f467020991e2ec,34,6077
W3_d3,STRUCT_R1,9,12,180,405,3078,0,642991,1065408,1162723,1517865457,992748,708261,1200376,1256263,1346435,21496,191,2267315,2297,10,0,12,5,29,13,11,43,8,60192,24320,b2bec6aa3c07c8dd779b780bfa185a0e58bdfe1731f1aa09a98d1bb5693767ad,36,4913
W3_d1,STRUCT_R1,12,12,180,180,1368,0,626157,808019,839168,699745273,51017,691557,931412,986698,986931,20692,99,581204,1722,8,0,10,1,19,9,5,14,4,34368,4308,8ddbcc7f9b06689df061e8aa42a9c97b497b353858025fd919f467020991e2ec,34,6074
W3_d3,OFF,2,12,180,405,3078,0,591695,1167538,1382927,1544385087,926729,639794,1295600,1422920,1462485,21460,194,1184593,2130,0,0,12,8,42,16,14,46,8,60192,24320,b2bec6aa3c07c8dd779b780bfa185a0e58bdfe1731f1aa09a98d1bb5693767ad,36,4793
W3_d1,STRUCT,11,12,180,180,1368,0,602334,888574,961649,730932664,42869,674218,1020256,1068143,1096616,20692,103,571630,2093,0,0,10,2,28,10,6,15,4,34368,4300,8ddbcc7f9b06689df061e8aa42a9c97b497b353858025fd919f467020991e2ec,34,6075
W3_d3,OFF,6,12,180,405,3078,0,589250,1152371,1396297,1533962128,926603,641868,1290415,1411542,1487849,21460,193,1180631,2537,0,0,12,8,42,16,14,46,8,60192,24320,b2bec6aa3c07c8dd779b780bfa185a0e58bdfe1731f1aa09a98d1bb5693767ad,36,4791
W3_d1,STRUCT_R1,4,12,180,180,1368,0,627666,839908,1030204,710025032,59222,693681,972173,1057817,1304001,20696,101,581278,1574,8,0,10,1,19,9,5,14,4,34368,4308,8ddbcc7f9b06689df061e8aa42a9c97b497b353858025fd919f467020991e2ec,34,6075
W3_d1,OFF,5,12,180,180,1368,0,649000,1041815,1250575,771877555,82209,717378,1119728,1253447,1338482,20692,111,454038,2259,0,0,10,2,28,10,6,15,4,34368,4300,8ddbcc7f9b06689df061e8aa42a9c97b497b353858025fd919f467020991e2ec,34,6082
W3_d3,OFF,4,12,180,405,3078,0,587538,1154279,1417297,1532883672,921208,637978,1284574,1410924,1499346,21460,193,1173704,2352,0,0,12,8,42,16,14,46,8,60192,24320,b2bec6aa3c07c8dd779b780bfa185a0e58bdfe1731f1aa09a98d1bb5693767ad,36,4792
W3_d1,STRUCT,2,12,180,180,1368,0,629222,993297,1646409,767064838,49592,704537,1130676,1446306,1834733,20704,108,573500,1833,0,0,10,2,28,10,6,15,4,34368,4300,8ddbcc7f9b06689df061e8aa42a9c97b497b353858025fd919f467020991e2ec,34,6075
W3_d1,OFF,7,12,180,180,1368,0,600325,881834,998686,729569452,41250,672860,1009882,1087280,1137524,20692,103,458574,1945,0,0,10,2,28,10,6,15,4,34368,4300,8ddbcc7f9b06689df061e8aa42a9c97b497b353858025fd919f467020991e2ec,34,6078
W3_d1,STRUCT_R1,7,12,180,180,1368,0,629880,818593,1072334,703652270,44981,696344,940521,974497,1262250,20692,100,581705,1740,8,0,10,1,19,9,5,14,4,34368,4308,8ddbcc7f9b06689df061e8aa42a9c97b497b353858025fd919f467020991e2ec,34,6075
W3_d1,STRUCT,14,12,180,180,1368,0,621750,909464,980834,745307058,39501,694758,1038731,1078290,1106570,20692,104,576795,2038,0,0,10,2,28,10,6,15,4,34368,4300,8ddbcc7f9b06689df061e8aa42a9c97b497b353858025fd919f467020991e2ec,34,6079
W3_d1,OFF,13,12,180,180,1368,0,624130,920500,1010927,750633923,43250,697694,1049290,1084471,1175632,20692,105,459464,2055,0,0,10,2,28,10,6,15,4,34368,4300,8ddbcc7f9b06689df061e8aa42a9c97b497b353858025fd919f467020991e2ec,34,6078
W3_d1,OFF,8,12,180,180,1368,0,600167,882297,936779,728357403,35735,673865,1011371,1060589,1071961,20696,102,454797,1907,0,0,10,2,28,10,6,15,4,34368,4300,8ddbcc7f9b06689df061e8aa42a9c97b497b353858025fd919f467020991e2ec,34,6077
W3_d1,OFF,11,12,180,180,1368,0,609713,889278,928001,738494250,33398,674334,1016388,1054894,1067970,20696,104,457795,1835,0,0,10,2,28,10,6,15,4,34368,4300,8ddbcc7f9b06689df061e8aa42a9c97b497b353858025fd919f467020991e2ec,34,6077
W3_d1,STRUCT,8,12,180,180,1368,0,603546,880352,957371,726973057,36890,670739,1007000,1073246,1098516,20692,102,568168,2036,0,0,10,2,28,10,6,15,4,34368,4300,8ddbcc7f9b06689df061e8aa42a9c97b497b353858025fd919f467020991e2ec,34,6079
W3_d3,STRUCT_R1,10,12,180,405,3078,0,642463,1066019,1172723,1516321671,1015949,672949,1197245,1263792,1315451,21464,191,1493167,3297,10,0,12,5,29,13,11,43,8,60192,24320,b2bec6aa3c07c8dd779b780bfa185a0e58bdfe1731f1aa09a98d1bb5693767ad,36,4794
W3_d3,OFF,5,12,180,405,3078,0,591250,1154686,1356223,1543136911,939976,641281,1294356,1426398,1436526,21464,195,1162446,2832,0,0,12,8,42,16,14,46,8,60192,24320,b2bec6aa3c07c8dd779b780bfa185a0e58bdfe1731f1aa09a98d1bb5693767ad,36,4790
W3_d1,STRUCT,3,12,180,180,1368,0,691593,1070630,1377427,796860564,87411,738861,1282465,1636012,1817466,20696,113,577816,2129,0,0,10,2,28,10,6,15,4,34368,4300,8ddbcc7f9b06689df061e8aa42a9c97b497b353858025fd919f467020991e2ec,34,6076
W3_d1,ALGSTRUCT,7,12,180,180,1368,0,664389,849816,901371,732446930,45611,731665,977447,1034158,1052357,20696,103,594501,1814,8,0,10,1,19,9,5,14,4,34368,4308,8ddbcc7f9b06689df061e8aa42a9c97b497b353858025fd919f467020991e2ec,34,6077
W3_d3,ALGSTRUCT,14,12,180,405,3078,0,651185,1081111,1187630,1537736136,1022853,683030,1211061,1255410,1381959,21460,192,1435741,2334,10,0,12,5,29,13,11,43,8,60192,24320,b2bec6aa3c07c8dd779b780bfa185a0e58bdfe1731f1aa09a98d1bb5693767ad,36,4791
W3_d3,STRUCT_R1,3,12,180,405,3078,0,641611,1097630,1174482,1540695715,1041382,675581,1222053,1273982,1314859,21460,193,1496241,2648,10,0,12,5,29,13,11,43,8,60192,24320,b2bec6aa3c07c8dd779b780bfa185a0e58bdfe1731f1aa09a98d1bb5693767ad,36,4792
W3_d1,ALGSTRUCT,1,12,180,180,1368,0,632991,812204,896426,707983293,37489,698582,941826,984852,1048412,20692,100,587499,1594,8,0,10,1,19,9,5,14,4,34368,4308,8ddbcc7f9b06689df061e8aa42a9c97b497b353858025fd919f467020991e2ec,34,6075
W3_d1,STRUCT_R1,13,12,180,180,1368,0,643926,809352,876000,709396339,43592,697692,941353,980534,1012932,20692,101,590705,1944,8,0,10,1,19,9,5,14,4,34368,4308,8ddbcc7f9b06689df061e8aa42a9c97b497b353858025fd919f467020991e2ec,34,6077
W3_d3,STRUCT_R1,13,12,180,405,3078,0,641834,1057890,1185316,1512610726,992394,694106,1177378,1249554,1388792,21464,191,1417464,2315,10,0,12,5,29,13,11,43,8,60192,24320,b2bec6aa3c07c8dd779b780bfa185a0e58bdfe1731f1aa09a98d1bb5693767ad,36,4789
W3_d3,OFF,13,12,180,405,3078,0,587481,1156112,1352241,1529290092,936297,636680,1286665,1422327,1510446,21464,192,1196852,2353,0,0,12,8,42,16,14,46,8,60192,24320,b2bec6aa3c07c8dd779b780bfa185a0e58bdfe1731f1aa09a98d1bb5693767ad,36,4793
W3_d1,ALGSTRUCT,4,12,180,180,1368,0,634565,825001,864963,709307667,43224,701457,953771,1006617,1017133,20696,100,588408,1444,8,0,10,1,19,9,5,14,4,34368,4308,8ddbcc7f9b06689df061e8aa42a9c97b497b353858025fd919f467020991e2ec,34,6075
W3_d3,STRUCT,1,12,180,405,3078,0,590287,1151278,1327816,1538698816,952885,643587,1279968,1413260,1505427,21464,194,1427371,2315,0,0,12,8,42,16,14,46,8,60192,24320,b2bec6aa3c07c8dd779b780bfa185a0e58bdfe1731f1aa09a98d1bb5693767ad,36,4793
W3_d3,STRUCT_R1,5,12,180,405,3078,0,644019,1065834,1160631,1519790535,1012660,700127,1188199,1254771,1276699,21464,191,1424390,2425,10,0,12,5,29,13,11,43,8,60192,24320,b2bec6aa3c07c8dd779b780bfa185a0e58bdfe1731f1aa09a98d1bb5693767ad,36,4790
W3_d3,STRUCT_R1,8,12,180,405,3078,0,641519,1209575,1615075,1634094971,1373622,706319,1473773,1821262,1893529,21440,204,1421984,2184,10,0,12,5,29,13,11,43,8,60192,24320,b2bec6aa3c07c8dd779b780bfa185a0e58bdfe1731f1aa09a98d1bb5693767ad,36,4793
W3_d1,OFF,12,12,180,180,1368,0,596593,877575,908426,727031294,43307,668033,1007406,1033791,1042820,20692,103,471037,2278,0,0,10,2,28,10,6,15,4,34368,4300,8ddbcc7f9b06689df061e8aa42a9c97b497b353858025fd919f467020991e2ec,34,6085
W3_d1,STRUCT,12,12,180,180,1368,0,598046,879334,919760,725870339,44553,670463,1001481,1059302,1066278,20696,102,567777,2019,0,0,10,2,28,10,6,15,4,34368,4300,8ddbcc7f9b06689df061e8aa42a9c97b497b353858025fd919f467020991e2ec,34,6077
W3_d3,STRUCT,6,12,180,405,3078,0,592509,1148241,1341871,1540073051,929188,640253,1270939,1433947,1485626,21460,193,1438148,2482,0,0,12,8,42,16,14,46,8,60192,24320,b2bec6aa3c07c8dd779b780bfa185a0e58bdfe1731f1aa09a98d1bb5693767ad,36,4790
W3_d1,OFF,15,12,180,180,1368,0,597704,885389,927685,728418038,34770,671872,1013631,1069230,1074651,20696,103,456629,2038,0,0,10,2,28,10,6,15,4,34368,4300,8ddbcc7f9b06689df061e8aa42a9c97b497b353858025fd919f467020991e2ec,34,6077
W3_d1,ALGSTRUCT,8,12,180,180,1368,0,636250,820222,906834,712565774,50805,702364,948638,991875,1063854,20692,100,590242,1610,8,0,10,1,19,9,5,14,4,34368,4308,8ddbcc7f9b06689df061e8aa42a9c97b497b353858025fd919f467020991e2ec,34,6075
W3_d1,STRUCT,10,12,180,180,1368,0,599944,883056,902371,728731711,33269,671001,1014815,1036652,1040966,20696,103,578316,1943,0,0,10,2,28,10,6,15,4,34368,4300,8ddbcc7f9b06689df061e8aa42a9c97b497b353858025fd919f467020991e2ec,34,6080
W3_d1,STRUCT_R1,5,12,180,180,1368,0,630157,816519,895852,704675257,40989,697328,943010,999637,1051203,20696,100,590203,1741,8,0,10,1,19,9,5,14,4,34368,4308,8ddbcc7f9b06689df061e8aa42a9c97b497b353858025fd919f467020991e2ec,34,6079
W3_d1,OFF,9,12,180,180,1368,0,601000,885038,918037,730932839,40661,672262,1011690,1035934,1044782,20696,103,451998,2076,0,0,10,2,28,10,6,15,4,34368,4300,8ddbcc7f9b06689df061e8aa42a9c97b497b353858025fd919f467020991e2ec,34,6074
W3_d3,ALGSTRUCT,4,12,180,405,3078,0,660185,1080278,1204222,1553715339,1013467,713032,1199805,1271990,1307111,21460,193,1425536,2409,10,0,12,5,29,13,11,43,8,60192,24320,b2bec6aa3c07c8dd779b780bfa185a0e58bdfe1731f1aa09a98d1bb5693767ad,36,4790
W3_d3,ALGSTRUCT,2,12,180,405,3078,0,649287,1074853,1196112,1532843104,1017641,701228,1197360,1294889,1333451,21464,192,1437185,2482,10,0,12,5,29,13,11,43,8,60192,24320,b2bec6aa3c07c8dd779b780bfa185a0e58bdfe1731f1aa09a98d1bb5693767ad,36,4788
W3_d3,ALGSTRUCT,10,12,180,405,3078,0,658426,1165112,1541483,1661742479,1131858,742760,1301639,1511299,1643324,21464,211,1544390,2852,10,0,12,5,29,13,11,43,8,60192,24320,b2bec6aa3c07c8dd779b780bfa185a0e58bdfe1731f1aa09a98d1bb5693767ad,36,4798
W3_d1,ALGSTRUCT,6,12,180,180,1368,0,631454,818075,868463,707091891,32970,695831,940820,966849,975243,20692,100,583501,1555,8,0,10,1,19,9,5,14,4,34368,4308,8ddbcc7f9b06689df061e8aa42a9c97b497b353858025fd919f467020991e2ec,34,6077
W3_d3,ALGSTRUCT,6,12,180,405,3078,0,648260,1072037,1217983,1535907254,1004424,701781,1202389,1260140,1292260,21464,193,1428444,2205,10,0,12,5,29,13,11,43,8,60192,24320,b2bec6aa3c07c8dd779b780bfa185a0e58bdfe1731f1aa09a98d1bb5693767ad,36,4787
W3_d3,STRUCT,7,12,180,405,3078,0,601204,1170483,1394001,1562405045,937319,656279,1297742,1423711,1543641,21464,195,1420817,2425,0,0,12,8,42,16,14,46,8,60192,24320,b2bec6aa3c07c8dd779b780bfa185a0e58bdfe1731f1aa09a98d1bb5693767ad,36,4793
W3_d1,OFF,10,12,180,180,1368,0,608926,890408,938037,736635268,47439,675028,1016201,1059866,1075524,20692,104,457149,2166,0,0,10,2,28,10,6,15,4,34368,4300,8ddbcc7f9b06689df061e8aa42a9c97b497b353858025fd919f467020991e2ec,34,6077
W3_d1,STRUCT_R1,14,12,180,180,1368,0,642815,819074,884019,710978686,44379,695279,942220,973069,996915,20696,100,579462,1427,8,0,10,1,19,9,5,14,4,34368,4308,8ddbcc7f9b06689df061e8aa42a9c97b497b353858025fd919f467020991e2ec,34,6077
W3_d3,OFF,7,12,180,405,3078,0,599629,1174075,1395908,1563057333,937918,653797,1301599,1427167,1473985,21464,196,1178889,2556,0,0,12,8,42,16,14,46,8,60192,24320,b2bec6aa3c07c8dd779b780bfa185a0e58bdfe1731f1aa09a98d1bb5693767ad,36,4791
W3_d3,STRUCT,15,12,180,405,3078,0,588065,1143593,1482908,1530761896,943759,636210,1273002,1409396,1635938,21460,192,1409575,2870,0,0,12,8,42,16,14,46,8,60192,24320,b2bec6aa3c07c8dd779b780bfa185a0e58bdfe1731f1aa09a98d1bb5693767ad,36,4794
W3_d1,STRUCT_R1,3,12,180,180,1368,0,642324,829612,947963,716080353,38142,706927,953263,1107906,1115853,20692,101,593037,1667,8,0,10,1,19,9,5,14,4,34368,4308,8ddbcc7f9b06689df061e8aa42a9c97b497b353858025fd919f467020991e2ec,34,6077
W3_d3,STRUCT,9,12,180,405,3078,0,589546,1156500,1336890,1538980073,939240,640863,1278863,1419037,1463273,21460,193,1435167,2241,0,0,12,8,42,16,14,46,8,60192,24320,b2bec6aa3c07c8dd779b780bfa185a0e58bdfe1731f1aa09a98d1bb5693767ad,36,4792
W3_d1,STRUCT_R1,8,12,180,180,1368,0,632537,868426,1313760,719968790,68606,693912,1025930,1324940,1500043,20704,103,574945,1611,8,0,10,1,19,9,5,14,4,34368,4308,8ddbcc7f9b06689df061e8aa42a9c97b497b353858025fd919f467020991e2ec,34,6078
W3_d1,ALGSTRUCT,3,12,180,180,1368,0,642630,852834,1184815,728937093,66780,711962,954551,1203855,1277141,20696,106,604630,2278,8,0,10,1,19,9,5,14,4,34368,4308,8ddbcc7f9b06689df061e8aa42a9c97b497b353858025fd919f467020991e2ec,34,6086
W3_d1,STRUCT,1,12,180,180,1368,0,606092,884167,915259,731758703,33599,672445,1015343,1040618,1072357,20696,103,570574,2352,0,0,10,2,28,10,6,15,4,34368,4300,8ddbcc7f9b06689df061e8aa42a9c97b497b353858025fd919f467020991e2ec,34,6078
W3_d3,STRUCT,11,12,180,405,3078,0,587352,1146445,1370668,1528769454,945307,620725,1280134,1426581,1496950,21460,192,1427168,2648,0,0,12,8,42,16,14,46,8,60192,24320,b2bec6aa3c07c8dd779b780bfa185a0e58bdfe1731f1aa09a98d1bb5693767ad,36,4792
W3_d3,STRUCT,3,12,180,405,3078,0,590852,1166704,1501408,1543773264,958610,621572,1293530,1431816,1719401,21464,194,1426926,2408,0,0,12,8,42,16,14,46,8,60192,24320,b2bec6aa3c07c8dd779b780bfa185a0e58bdfe1731f1aa09a98d1bb5693767ad,36,4794
W3_d1,OFF,14,12,180,180,1368,0,597963,885889,920760,727467637,39819,671476,1020118,1041631,1054450,20692,103,453501,1722,0,0,10,2,28,10,6,15,4,34368,4300,8ddbcc7f9b06689df061e8aa42a9c97b497b353858025fd919f467020991e2ec,34,6076
W3_d3,STRUCT,14,12,180,405,3078,0,591019,1151427,1372019,1538494371,937198,625415,1278881,1454761,1510783,21464,194,1421520,2592,0,0,12,8,42,16,14,46,8,60192,24320,b2bec6aa3c07c8dd779b780bfa185a0e58bdfe1731f1aa09a98d1bb5693767ad,36,4793
W3_d1,STRUCT,5,12,180,180,1368,0,598917,885371,1032871,728747868,41692,670898,1011593,1077504,1140444,20696,103,570314,2056,0,0,10,2,28,10,6,15,4,34368,4300,8ddbcc7f9b06689df061e8aa42a9c97b497b353858025fd919f467020991e2ec,34,6080
W3_d1,STRUCT,6,12,180,180,1368,0,600019,883556,937278,727861419,39149,671400,1011495,1057468,1076800,20692,103,567742,1832,0,0,10,2,28,10,6,15,4,34368,4300,8ddbcc7f9b06689df061e8aa42a9c97b497b353858025fd919f467020991e2ec,34,6074
W3_d1,STRUCT,9,12,180,180,1368,0,622269,907871,955019,744906304,43988,693419,1031398,1069835,1096803,20708,104,561520,2221,0,0,10,2,28,10,6,15,4,34368,4300,8ddbcc7f9b06689df061e8aa42a9c97b497b353858025fd919f467020991e2ec,34,6079
W3_d3,STRUCT,5,12,180,405,3078,0,603926,1178445,1470798,1563969973,966174,656429,1300833,1438971,1598848,21464,197,1421316,2537,0,0,12,8,42,16,14,46,8,60192,24320,b2bec6aa3c07c8dd779b780bfa185a0e58bdfe1731f1aa09a98d1bb5693767ad,36,4790
W3_d3,OFF,8,12,180,405,3078,0,586537,1356723,1738761,1700881799,1274261,675250,1541724,1857131,1968357,21464,217,1173612,2518,0,0,12,8,42,16,14,46,8,60192,24320,b2bec6aa3c07c8dd779b780bfa185a0e58bdfe1731f1aa09a98d1bb5693767ad,36,4795
W3_d1,ALGSTRUCT,11,12,180,180,1368,0,638490,828834,890779,715231189,37714,705896,950738,994450,1023742,20696,101,582650,1628,8,0,10,1,19,9,5,14,4,34368,4308,8ddbcc7f9b06689df061e8aa42a9c97b497b353858025fd919f467020991e2ec,34,6075
W3_d1,STRUCT_R1,6,12,180,180,1368,0,629741,816501,894333,706266913,38035,696566,951927,1034392,1095592,20692,100,579760,1630,8,0,10,1,19,9,5,14,4,34368,4308,8ddbcc7f9b06689df061e8aa42a9c97b497b353858025fd919f467020991e2ec,34,6079
W3_d3,STRUCT,13,12,180,405,3078,0,589963,1152259,1339408,1535852569,959734,625858,1278560,1436586,1496420,21464,193,1429428,2554,0,0,12,8,42,16,14,46,8,60192,24320,b2bec6aa3c07c8dd779b780bfa185a0e58bdfe1731f1aa09a98d1bb5693767ad,36,4793
W3_d3,STRUCT,4,12,180,405,3078,0,587871,1190834,1407594,1562757439,960137,644257,1317993,1453281,1551883,21460,195,1409482,3019,0,0,12,8,42,16,14,46,8,60192,24320,b2bec6aa3c07c8dd779b780bfa185a0e58bdfe1731f1aa09a98d1bb5693767ad,36,4802
W3_d3,STRUCT_R1,7,12,180,405,3078,0,641259,1069056,1148075,1519371607,1038325,699020,1194337,1255146,1301209,21464,191,1405296,1834,10,0,12,5,29,13,11,43,8,60192,24320,b2bec6aa3c07c8dd779b780bfa185a0e58bdfe1731f1aa09a98d1bb5693767ad,36,4793
W3_d3,STRUCT_R1,6,12,180,405,3078,0,641037,1063390,1193131,1511979240,1007436,693446,1189049,1270449,1377144,21460,190,1437594,2555,10,0,12,5,29,13,11,43,8,60192,24320,b2bec6aa3c07c8dd779b780bfa185a0e58bdfe1731f1aa09a98d1bb5693767ad,36,4789
W3_d1,OFF,1,12,180,180,1368,0,602093,881445,904963,731802286,51934,675203,1011740,1030319,1031758,20696,102,455537,2389,0,0,10,2,28,10,6,15,4,34368,4300,8ddbcc7f9b06689df061e8aa42a9c97b497b353858025fd919f467020991e2ec,34,6078
W3_d3,STRUCT,8,12,180,405,3078,0,589093,1159001,1388704,1539923192,948931,640179,1292796,1436101,1461189,21460,194,1432038,2370,0,0,12,8,42,16,14,46,8,60192,24320,b2bec6aa3c07c8dd779b780bfa185a0e58bdfe1731f1aa09a98d1bb5693767ad,36,4790
W3_d3,STRUCT_R1,15,12,180,405,3078,0,644537,1065630,1160890,1521499743,1006778,697062,1187977,1232268,1315615,21460,191,1421111,2204,10,0,12,5,29,13,11,43,8,60192,24320,b2bec6aa3c07c8dd779b780bfa185a0e58bdfe1731f1aa09a98d1bb5693767ad,36,4790
W3_d1,STRUCT_R1,11,12,180,180,1368,0,632491,820667,989223,708502710,39669,699891,953480,988802,1026229,20696,101,583408,1814,8,0,10,1,19,9,5,14,4,34368,4308,8ddbcc7f9b06689df061e8aa42a9c97b497b353858025fd919f467020991e2ec,34,6074
W3_d3,OFF,15,12,180,405,3078,0,587121,1375279,1751353,1704090320,1383236,662690,1588090,1907260,1976910,21480,214,1166073,2261,0,0,12,8,42,16,14,46,8,60192,24320,b2bec6aa3c07c8dd779b780bfa185a0e58bdfe1731f1aa09a98d1bb5693767ad,36,4796
W3_d1,STRUCT,15,12,180,180,1368,0,600982,881390,981593,731587478,44353,674347,1015923,1057568,1089663,20696,103,576036,1797,0,0,10,2,28,10,6,15,4,34368,4300,8ddbcc7f9b06689df061e8aa42a9c97b497b353858025fd919f467020991e2ec,34,6078
W3_d3,ALGSTRUCT,8,12,180,405,3078,0,648713,1100834,1353057,1563391577,1031906,701086,1228817,1303687,1510531,21464,195,1429666,2908,10,0,12,5,29,13,11,43,8,60192,24320,b2bec6aa3c07c8dd779b780bfa185a0e58bdfe1731f1aa09a98d1bb5693767ad,36,4793
W3_d3,ALGSTRUCT,12,12,180,405,3078,0,649797,1081593,1152889,1538727417,1011394,704179,1200895,1249102,1299111,21464,193,1428870,2186,10,0,12,5,29,13,11,43,8,60192,24320,b2bec6aa3c07c8dd779b780bfa185a0e58bdfe1731f1aa09a98d1bb5693767ad,36,4792
W3_d3,OFF,3,12,180,405,3078,0,588482,1153778,1322167,1539713476,927196,645318,1282745,1417723,1432317,21464,193,1172926,2389,0,0,12,8,42,16,14,46,8,60192,24320,b2bec6aa3c07c8dd779b780bfa185a0e58bdfe1731f1aa09a98d1bb5693767ad,36,4789
W3_d3,OFF,14,12,180,405,3078,0,606055,1184222,1412964,1578694702,946000,662945,1310275,1448771,1492194,21464,198,1172130,2852,0,0,12,8,42,16,14,46,8,60192,24320,b2bec6aa3c07c8dd779b780bfa185a0e58bdfe1731f1aa09a98d1bb5693767ad,36,4793
W3_d3,STRUCT_R1,11,12,180,405,3078,0,646223,1069371,1172871,1525799384,1020215,690962,1191189,1257420,1269478,21464,192,1416594,2370,10,0,12,5,29,13,11,43,8,60192,24320,b2bec6aa3c07c8dd779b780bfa185a0e58bdfe1731f1aa09a98d1bb5693767ad,36,4789
W3_d3,OFF,9,12,180,405,3078,0,588889,1165427,1329315,1537883130,938301,642623,1291461,1423563,1444206,21464,193,1182150,2351,0,0,12,8,42,16,14,46,8,60192,24320,b2bec6aa3c07c8dd779b780bfa185a0e58bdfe1731f1aa09a98d1bb5693767ad,36,4793
W3_d1,OFF,2,12,180,180,1368,0,617973,912667,970019,745983553,35774,689838,1040518,1066431,1123604,20692,104,455909,2184,0,0,10,2,28,10,6,15,4,34368,4300,8ddbcc7f9b06689df061e8aa42a9c97b497b353858025fd919f467020991e2ec,34,6076
W3_d3,ALGSTRUCT,7,12,180,405,3078,0,647621,1074000,1191963,1525421478,1002853,694510,1198491,1256517,1295249,21460,191,1434926,2371,10,0,12,5,29,13,11,43,8,60192,24320,b2bec6aa3c07c8dd779b780bfa185a0e58bdfe1731f1aa09a98d1bb5693767ad,36,4792
W3_d1,STRUCT_R1,10,12,180,180,1368,0,632009,816519,947815,706157742,41435,699438,943715,985803,1007127,20696,100,578798,1573,8,0,10,1,19,9,5,14,4,34368,4308,8ddbcc7f9b06689df061e8aa42a9c97b497b353858025fd919f467020991e2ec,34,6078
W3_d1,STRUCT,7,12,180,180,1368,0,661120,1120538,1433630,779401033,71720,715821,1312938,1494013,1670344,20704,110,582779,1888,0,0,10,2,28,10,6,15,4,34368,4300,8ddbcc7f9b06689df061e8aa42a9c97b497b353858025fd919f467020991e2ec,34,6081
W3_d3,STRUCT,2,12,180,405,3078,0,589583,1156482,1353557,1536873781,940910,637025,1288208,1415274,1505125,21464,194,1468259,2927,0,0,12,8,42,16,14,46,8,60192,24320,b2bec6aa3c07c8dd779b780bfa185a0e58bdfe1731f1aa09a98d1bb5693767ad,36,4794
W3_d3,STRUCT,10,12,180,405,3078,0,588880,1146723,1317390,1536071153,944189,644230,1273171,1422266,1467939,21464,193,1422908,2870,0,0,12,8,42,16,14,46,8,60192,24320,b2bec6aa3c07c8dd779b780bfa185a0e58bdfe1731f1aa09a98d1bb5693767ad,36,4797
W3_d3,OFF,11,12,180,405,3078,0,588741,1156630,1361705,1538013634,931922,641210,1284131,1424013,1447073,21464,194,1186648,2649,0,0,12,8,42,16,14,46,8,60192,24320,b2bec6aa3c07c8dd779b780bfa185a0e58bdfe1731f1aa09a98d1bb5693767ad,36,4793
W3_d3,ALGSTRUCT,15,12,180,405,3078,0,651833,1082686,1272834,1539199719,1016281,705084,1204946,1266924,1411012,21464,192,1423872,2314,10,0,12,5,29,13,11,43,8,60192,24320,b2bec6aa3c07c8dd779b780bfa185a0e58bdfe1731f1aa09a98d1bb5693767ad,36,4792
W3_d3,ALGSTRUCT,11,12,180,405,3078,0,650907,1084297,1132612,1540014719,1025728,691947,1215954,1252113,1291609,21464,192,1420537,2501,10,0,12,5,29,13,11,43,8,60192,24320,b2bec6aa3c07c8dd779b780bfa185a0e58bdfe1731f1aa09a98d1bb5693767ad,36,4789
W3_d3,STRUCT_R1,14,12,180,405,3078,0,655371,1066630,1249556,1538749041,1008364,708676,1193095,1248086,1482697,21460,192,1400705,2277,10,0,12,5,29,13,11,43,8,60192,24320,b2bec6aa3c07c8dd779b780bfa185a0e58bdfe1731f1aa09a98d1bb5693767ad,36,4792
W3_d3,STRUCT_R1,4,12,180,405,3078,0,640982,1054463,1129427,1510614250,995818,693791,1182260,1247514,1282085,21460,189,1456981,2427,10,0,12,5,29,13,11,43,8,60192,24320,b2bec6aa3c07c8dd779b780bfa185a0e58bdfe1731f1aa09a98d1bb5693767ad,36,4792
W3_d3,STRUCT_R1,12,12,180,405,3078,0,643907,1070778,1232204,1522150211,1011245,674882,1201058,1243717,1383719,21464,191,1429020,2666,10,0,12,5,29,13,11,43,8,60192,24320,b2bec6aa3c07c8dd779b780bfa185a0e58bdfe1731f1aa09a98d1bb5693767ad,36,4790
W3_d1,ALGSTRUCT,12,12,180,180,1368,0,636342,818056,843704,710049228,47552,703425,945300,985275,991080,20696,101,590649,1981,8,0,10,1,19,9,5,14,4,34368,4308,8ddbcc7f9b06689df061e8aa42a9c97b497b353858025fd919f467020991e2ec,34,6080
W3_d3,ALGSTRUCT,1,12,180,405,3078,0,650991,1080760,1170501,1536880821,1005160,705635,1205550,1243909,1305292,21460,193,1417964,2352,10,0,12,5,29,13,11,43,8,60192,24320,b2bec6aa3c07c8dd779b780bfa185a0e58bdfe1731f1aa09a98d1bb5693767ad,36,4788
W3_d3,ALGSTRUCT,9,12,180,405,3078,0,649222,1078371,1169927,1533622912,1013046,681445,1204921,1245979,1475496,21464,192,1431093,2556,10,0,12,5,29,13,11,43,8,60192,24320,b2bec6aa3c07c8dd779b780bfa185a0e58bdfe1731f1aa09a98d1bb5693767ad,36,4793
W3_d3,ALGSTRUCT,13,12,180,405,3078,0,651278,1290019,1590853,1700728701,1401720,714505,1554913,1810162,1934168,21476,217,1440907,2372,10,0,12,5,29,13,11,43,8,60192,24320,b2bec6aa3c07c8dd779b780bfa185a0e58bdfe1731f1aa09a98d1bb5693767ad,36,4790
W3_d1,STRUCT_R1,15,12,180,180,1368,0,629389,819204,950556,705617664,44102,697438,950413,1022137,1070664,20696,101,578722,1593,8,0,10,1,19,9,5,14,4,34368,4308,8ddbcc7f9b06689df061e8aa42a9c97b497b353858025fd919f467020991e2ec,34,6080
W3_d3,STRUCT_R1,2,12,180,405,3078,0,654871,1066075,1237723,1540059452,1024460,699273,1192112,1263940,1453422,21460,193,1460871,2667,10,0,12,5,29,13,11,43,8,60192,24320,b2bec6aa3c07c8dd779b780bfa185a0e58bdfe1731f1aa09a98d1bb5693767ad,36,4794
W3_d3,STRUCT_R1,1,12,180,405,3078,0,642408,1065908,1173519,1517746264,1015549,675135,1193281,1230529,1294662,21460,191,1421149,2611,10,0,12,5,29,13,11,43,8,60192,24320,b2bec6aa3c07c8dd779b780bfa185a0e58bdfe1731f1aa09a98d1bb5693767ad,36,4790
W3_d1,STRUCT_R1,9,12,180,180,1368,0,629991,814741,885149,705202257,42920,696653,943478,971442,1030577,20696,101,576353,1722,8,0,10,1,19,9,5,14,4,34368,4308,8ddbcc7f9b06689df061e8aa42a9c97b497b353858025fd919f467020991e2ec,34,6075
W3_d1,STRUCT_R1,2,12,180,180,1368,0,632639,814742,973148,705176073,44326,699894,943329,1020010,1036086,20696,101,575629,1649,8,0,10,1,19,9,5,14,4,34368,4308,8ddbcc7f9b06689df061e8aa42a9c97b497b353858025fd919f467020991e2ec,34,6076
W3_d3,OFF,12,12,180,405,3078,0,588472,1158556,1399982,1533712811,936164,626992,1285903,1429744,1459083,21464,193,1179463,2593,0,0,12,8,42,16,14,46,8,60192,24320,b2bec6aa3c07c8dd779b780bfa185a0e58bdfe1731f1aa09a98d1bb5693767ad,36,4790
W3_d3,OFF,10,12,180,405,3078,0,587815,1144574,1369482,1529821388,944882,619157,1276999,1414971,1436088,21460,192,1171074,2538,0,0,12,8,42,16,14,46,8,60192,24320,b2bec6aa3c07c8dd779b780bfa185a0e58bdfe1731f1aa09a98d1bb5693767ad,36,4796
W3_d1,OFF,6,12,180,180,1368,0,604944,884075,975130,732571032,45107,677528,1019565,1084758,1116416,20696,103,456927,2389,0,0,10,2,28,10,6,15,4,34368,4300,8ddbcc7f9b06689df061e8aa42a9c97b497b353858025fd919f467020991e2ec,34,6078
W3_d1,STRUCT_R1,1,12,180,180,1368,0,629287,807075,862945,703620639,43602,696057,935939,955549,1007292,20692,100,584425,1946,8,0,10,1,19,9,5,14,4,34368,4308,8ddbcc7f9b06689df061e8aa42a9c97b497b353858025fd919f467020991e2ec,34,6079
W3_d1,ALGSTRUCT,5,12,180,180,1368,0,634991,825353,844501,711850355,44435,701997,949409,985241,991764,20692,100,587946,1518,8,0,10,1,19,9,5,14,4,34368,4308,8ddbcc7f9b06689df061e8aa42a9c97b497b353858025fd919f467020991e2ec,34,6078
