path	bytes	sha256
W5_Q32_ALGSTRUCT_r01/a.txt	38893	9b1354225d822f59e4ee81f1168644f20157bedd9a4ca8dc775600bcd88b57a5
W5_Q32_ALGSTRUCT_r01/b.txt	40000	de26fb122c71e14f0897bd7291f4239e09c6b67ac7ab0106dba0e3dff7552ed2
W5_Q32_ALGSTRUCT_r01/e1_probe.csv	37093	85b7cb97e2c45d6fa15c157894fa4fd60addfd2b0fa478608f395fee092bdb8d
W5_Q32_ALGSTRUCT_r01/process.txt	47	8d545808dbdd424bfff96241c48b1bb86d88362e7bc7622dad923cbbb1a033a2
W5_Q32_ALGSTRUCT_r01/query.rql	5185	6288696e9eb23a595be8b714850a9df779727c3d99795ad94fe5a6ac0f462b0b
W5_Q32_ALGSTRUCT_r01/study.toml	30	d29eeb760c73a10bf13d76141a3d21c7f3f05af9c805422619f6b07129f74ba3
W5_Q32_ALGSTRUCT_r01/xqry.err	0	e3b0c44298fc1c149afbf4c8996fb92427ae41e4649b934ca495991b7852b855
W5_Q32_ALGSTRUCT_r01/xretractor.log	895	ffac6f5d55dfe933fccc7fcd31037b98d9aee6ea66af785052a0e31502010035
W5_Q32_ALGSTRUCT_r02/a.txt	38893	9b1354225d822f59e4ee81f1168644f20157bedd9a4ca8dc775600bcd88b57a5
W5_Q32_ALGSTRUCT_r02/b.txt	40000	de26fb122c71e14f0897bd7291f4239e09c6b67ac7ab0106dba0e3dff7552ed2
W5_Q32_ALGSTRUCT_r02/e1_probe.csv	37050	b1b838759af93ad3173da703776a351369bef247a986a19219e3b99b7ae1b03a
W5_Q32_ALGSTRUCT_r02/process.txt	47	2f7ab4a44af4fa57100194d1b0444df6648b2edf238eea832fd5784c885ae19f
W5_Q32_ALGSTRUCT_r02/query.rql	5185	6288696e9eb23a595be8b714850a9df779727c3d99795ad94fe5a6ac0f462b0b
W5_Q32_ALGSTRUCT_r02/study.toml	30	d29eeb760c73a10bf13d76141a3d21c7f3f05af9c805422619f6b07129f74ba3
W5_Q32_ALGSTRUCT_r02/xqry.err	0	e3b0c44298fc1c149afbf4c8996fb92427ae41e4649b934ca495991b7852b855
W5_Q32_ALGSTRUCT_r02/xretractor.log	895	8eb2129786e386e77ab2a3af4b93d65c4f14e3d18373e99cb5c17fa875db07d8
W5_Q32_ALGSTRUCT_r03/a.txt	38893	9b1354225d822f59e4ee81f1168644f20157bedd9a4ca8dc775600bcd88b57a5
W5_Q32_ALGSTRUCT_r03/b.txt	40000	de26fb122c71e14f0897bd7291f4239e09c6b67ac7ab0106dba0e3dff7552ed2
W5_Q32_ALGSTRUCT_r03/e1_probe.csv	37052	08fa59c653f9f45aec82bcfcfcdfe9e6d5533940a4aceed5cfda83b964908c28
W5_Q32_ALGSTRUCT_r03/process.txt	47	76e5907e3192f7dea23a5557e39ebc2df70244d3a4eca2e7bc56e0d7eafdb99c
W5_Q32_ALGSTRUCT_r03/query.rql	5185	6288696e9eb23a595be8b714850a9df779727c3d99795ad94fe5a6ac0f462b0b
W5_Q32_ALGSTRUCT_r03/study.toml	30	d29eeb760c73a10bf13d76141a3d21c7f3f05af9c805422619f6b07129f74ba3
W5_Q32_ALGSTRUCT_r03/xqry.err	0	e3b0c44298fc1c149afbf4c8996fb92427ae41e4649b934ca495991b7852b855
W5_Q32_ALGSTRUCT_r03/xretractor.log	895	406a4f1a7a79d7d95c3bef504eda1e26b98baf5edcf09a3e13c60e8a6d625fec
W5_Q32_ALGSTRUCT_r04/a.txt	38893	9b1354225d822f59e4ee81f1168644f20157bedd9a4ca8dc775600bcd88b57a5
W5_Q32_ALGSTRUCT_r04/b.txt	40000	de26fb122c71e14f0897bd7291f4239e09c6b67ac7ab0106dba0e3dff7552ed2
W5_Q32_ALGSTRUCT_r04/e1_probe.csv	37051	d54c48639ea65e53b08cb8f3a3170d833818c60bb7b95a06e9da7c6bdc816fd9
W5_Q32_ALGSTRUCT_r04/process.txt	47	76e5907e3192f7dea23a5557e39ebc2df70244d3a4eca2e7bc56e0d7eafdb99c
W5_Q32_ALGSTRUCT_r04/query.rql	5185	6288696e9eb23a595be8b714850a9df779727c3d99795ad94fe5a6ac0f462b0b
W5_Q32_ALGSTRUCT_r04/study.toml	30	d29eeb760c73a10bf13d76141a3d21c7f3f05af9c805422619f6b07129f74ba3
W5_Q32_ALGSTRUCT_r04/xqry.err	0	e3b0c44298fc1c149afbf4c8996fb92427ae41e4649b934ca495991b7852b855
W5_Q32_ALGSTRUCT_r04/xretractor.log	895	667d0654daa11a537369f9214ccbbbc586eeed728f11dd7d123770751ce5a916
W5_Q32_ALGSTRUCT_r05/a.txt	38893	9b1354225d822f59e4ee81f1168644f20157bedd9a4ca8dc775600bcd88b57a5
W5_Q32_ALGSTRUCT_r05/b.txt	40000	de26fb122c71e14f0897bd7291f4239e09c6b67ac7ab0106dba0e3dff7552ed2
W5_Q32_ALGSTRUCT_r05/e1_probe.csv	37083	76c7dc2e407436ccfc620eb3206807be9b83ae8b541784f05919c7c9b2e3da82
W5_Q32_ALGSTRUCT_r05/process.txt	47	96165c2f61c18f63a7bd0d7c0c4eeec85d2e15bb66c45eb653057e60fbe2b4e7
W5_Q32_ALGSTRUCT_r05/query.rql	5185	6288696e9eb23a595be8b714850a9df779727c3d99795ad94fe5a6ac0f462b0b
W5_Q32_ALGSTRUCT_r05/study.toml	30	d29eeb760c73a10bf13d76141a3d21c7f3f05af9c805422619f6b07129f74ba3
W5_Q32_ALGSTRUCT_r05/xqry.err	0	e3b0c44298fc1c149afbf4c8996fb92427ae41e4649b934ca495991b7852b855
W5_Q32_ALGSTRUCT_r05/xretractor.log	895	f9727a58fe7e8589b4cd50b58c49649aaa6d31c8d5296400f2ed9322cf1a1529
W5_Q32_ALGSTRUCT_r06/a.txt	38893	9b1354225d822f59e4ee81f1168644f20157bedd9a4ca8dc775600bcd88b57a5
W5_Q32_ALGSTRUCT_r06/b.txt	40000	de26fb122c71e14f0897bd7291f4239e09c6b67ac7ab0106dba0e3dff7552ed2
W5_Q32_ALGSTRUCT_r06/e1_probe.csv	37050	626939eb2fd3ccdb2811430e64c1a892b67dfe7651015e46d3a5645dcadeaee9
W5_Q32_ALGSTRUCT_r06/process.txt	47	66a729dad7c607ad853fbdc88bbb906576495f158ab5575db9d8d2c58cd7b280
W5_Q32_ALGSTRUCT_r06/query.rql	5185	6288696e9eb23a595be8b714850a9df779727c3d99795ad94fe5a6ac0f462b0b
W5_Q32_ALGSTRUCT_r06/study.toml	30	d29eeb760c73a10bf13d76141a3d21c7f3f05af9c805422619f6b07129f74ba3
W5_Q32_ALGSTRUCT_r06/xqry.err	0	e3b0c44298fc1c149afbf4c8996fb92427ae41e4649b934ca495991b7852b855
W5_Q32_ALGSTRUCT_r06/xretractor.log	895	845f867b246b08f5e0698d71d37c4cebe83fe1ce3557120defda61f93b81a983
W5_Q32_ALGSTRUCT_r07/a.txt	38893	9b1354225d822f59e4ee81f1168644f20157bedd9a4ca8dc775600bcd88b57a5
W5_Q32_ALGSTRUCT_r07/b.txt	40000	de26fb122c71e14f0897bd7291f4239e09c6b67ac7ab0106dba0e3dff7552ed2
W5_Q32_ALGSTRUCT_r07/e1_probe.csv	37056	b305aba5244e727ee143ea9f9ec7a95338f1cd6581d11be017bd99440bc18ae8
W5_Q32_ALGSTRUCT_r07/process.txt	47	e89c80c43ef026fa82a72ba48152f4b380a3acde4a891e0fe71c658af0b07c54
W5_Q32_ALGSTRUCT_r07/query.rql	5185	6288696e9eb23a595be8b714850a9df779727c3d99795ad94fe5a6ac0f462b0b
W5_Q32_ALGSTRUCT_r07/study.toml	30	d29eeb760c73a10bf13d76141a3d21c7f3f05af9c805422619f6b07129f74ba3
W5_Q32_ALGSTRUCT_r07/xqry.err	0	e3b0c44298fc1c149afbf4c8996fb92427ae41e4649b934ca495991b7852b855
W5_Q32_ALGSTRUCT_r07/xretractor.log	895	6a5bbcfe8fbcf920f1789f91d8e7fe67f126d25c61ffb9782e22524eab9c80bb
W5_Q32_ALGSTRUCT_r08/a.txt	38893	9b1354225d822f59e4ee81f1168644f20157bedd9a4ca8dc775600bcd88b57a5
W5_Q32_ALGSTRUCT_r08/b.txt	40000	de26fb122c71e14f0897bd7291f4239e09c6b67ac7ab0106dba0e3dff7552ed2
W5_Q32_ALGSTRUCT_r08/e1_probe.csv	37051	b45cfb049363c714cccefbd8c58eb6e8597f00eb6fa811ecd07a178fbf020801
W5_Q32_ALGSTRUCT_r08/process.txt	47	aa97c4d03deb06dc2842e8899bc14b7a8f401c5ff881c938250ae7dbcb19fb3a
W5_Q32_ALGSTRUCT_r08/query.rql	5185	6288696e9eb23a595be8b714850a9df779727c3d99795ad94fe5a6ac0f462b0b
W5_Q32_ALGSTRUCT_r08/study.toml	30	d29eeb760c73a10bf13d76141a3d21c7f3f05af9c805422619f6b07129f74ba3
W5_Q32_ALGSTRUCT_r08/xqry.err	0	e3b0c44298fc1c149afbf4c8996fb92427ae41e4649b934ca495991b7852b855
W5_Q32_ALGSTRUCT_r08/xretractor.log	895	c94ab4f04435f9142eb7be35e2a6757d6e2649e49ebbee4e7ead9f34cb1f0ace
W5_Q32_ALGSTRUCT_r09/a.txt	38893	9b1354225d822f59e4ee81f1168644f20157bedd9a4ca8dc775600bcd88b57a5
W5_Q32_ALGSTRUCT_r09/b.txt	40000	de26fb122c71e14f0897bd7291f4239e09c6b67ac7ab0106dba0e3dff7552ed2
W5_Q32_ALGSTRUCT_r09/e1_probe.csv	37051	50edfee8c65bea6ee9a41e260a75f97dce026c8709d9851469ff4bb4fcf5b3cd
W5_Q32_ALGSTRUCT_r09/process.txt	47	7d719e5f88f9acf006e8964cbb846220cb3014e2d1bb152599edef735faeebec
W5_Q32_ALGSTRUCT_r09/query.rql	5185	6288696e9eb23a595be8b714850a9df779727c3d99795ad94fe5a6ac0f462b0b
W5_Q32_ALGSTRUCT_r09/study.toml	30	d29eeb760c73a10bf13d76141a3d21c7f3f05af9c805422619f6b07129f74ba3
W5_Q32_ALGSTRUCT_r09/xqry.err	0	e3b0c44298fc1c149afbf4c8996fb92427ae41e4649b934ca495991b7852b855
W5_Q32_ALGSTRUCT_r09/xretractor.log	895	d08c820fcd36d40351ea18f9e3449be421a244df4af4cf23b9458d3e6a657a89
W5_Q32_ALGSTRUCT_r10/a.txt	38893	9b1354225d822f59e4ee81f1168644f20157bedd9a4ca8dc775600bcd88b57a5
W5_Q32_ALGSTRUCT_r10/b.txt	40000	de26fb122c71e14f0897bd7291f4239e09c6b67ac7ab0106dba0e3dff7552ed2
W5_Q32_ALGSTRUCT_r10/e1_probe.csv	37052	2ee9d930c327b926f882a4bb74d0db3f5b4fe7ec3bc88042bc17e4560cb7eebc
W5_Q32_ALGSTRUCT_r10/process.txt	47	4f1f543d8833f8c9ac3f29e3218ec3ff30a333a4066555e339884598994df4f1
W5_Q32_ALGSTRUCT_r10/query.rql	5185	6288696e9eb23a595be8b714850a9df779727c3d99795ad94fe5a6ac0f462b0b
W5_Q32_ALGSTRUCT_r10/study.toml	30	d29eeb760c73a10bf13d76141a3d21c7f3f05af9c805422619f6b07129f74ba3
W5_Q32_ALGSTRUCT_r10/xqry.err	0	e3b0c44298fc1c149afbf4c8996fb92427ae41e4649b934ca495991b7852b855
W5_Q32_ALGSTRUCT_r10/xretractor.log	895	85947b16ae75f31b2887e85d64a859ff7b88a1fbec8fd3a484cc7efdffb45b78
W5_Q32_ALGSTRUCT_r11/a.txt	38893	9b1354225d822f59e4ee81f1168644f20157bedd9a4ca8dc775600bcd88b57a5
W5_Q32_ALGSTRUCT_r11/b.txt	40000	de26fb122c71e14f0897bd7291f4239e09c6b67ac7ab0106dba0e3dff7552ed2
W5_Q32_ALGSTRUCT_r11/e1_probe.csv	37053	7afb940f9a47fa6bd46a0f7f60823aca96779cf3e37eab219488bdeb985812f4
W5_Q32_ALGSTRUCT_r11/process.txt	47	2f7ab4a44af4fa57100194d1b0444df6648b2edf238eea832fd5784c885ae19f
W5_Q32_ALGSTRUCT_r11/query.rql	5185	6288696e9eb23a595be8b714850a9df779727c3d99795ad94fe5a6ac0f462b0b
W5_Q32_ALGSTRUCT_r11/study.toml	30	d29eeb760c73a10bf13d76141a3d21c7f3f05af9c805422619f6b07129f74ba3
W5_Q32_ALGSTRUCT_r11/xqry.err	0	e3b0c44298fc1c149afbf4c8996fb92427ae41e4649b934ca495991b7852b855
W5_Q32_ALGSTRUCT_r11/xretractor.log	895	73c4b46409bce1e520b6c8fbccc806594bdfa2b52f0f227c2cdf798fd43bc815
W5_Q32_ALGSTRUCT_r12/a.txt	38893	9b1354225d822f59e4ee81f1168644f20157bedd9a4ca8dc775600bcd88b57a5
W5_Q32_ALGSTRUCT_r12/b.txt	40000	de26fb122c71e14f0897bd7291f4239e09c6b67ac7ab0106dba0e3dff7552ed2
W5_Q32_ALGSTRUCT_r12/e1_probe.csv	37052	2ad61ebbb631d43440bba5cda0fca18ebc493774afff1c1a18af852eb1675bce
W5_Q32_ALGSTRUCT_r12/process.txt	47	2949f8dcfbdde7db59549e4166e8c86f3f318b224779ad4e8ec3d80e297bca0f
W5_Q32_ALGSTRUCT_r12/query.rql	5185	6288696e9eb23a595be8b714850a9df779727c3d99795ad94fe5a6ac0f462b0b
W5_Q32_ALGSTRUCT_r12/study.toml	30	d29eeb760c73a10bf13d76141a3d21c7f3f05af9c805422619f6b07129f74ba3
W5_Q32_ALGSTRUCT_r12/xqry.err	0	e3b0c44298fc1c149afbf4c8996fb92427ae41e4649b934ca495991b7852b855
W5_Q32_ALGSTRUCT_r12/xretractor.log	894	b5115c63648eb90b4059c53a49e0eca4152dbea91cfaf5ca651391cb60dd220a
W5_Q32_ALGSTRUCT_r13/a.txt	38893	9b1354225d822f59e4ee81f1168644f20157bedd9a4ca8dc775600bcd88b57a5
W5_Q32_ALGSTRUCT_r13/b.txt	40000	de26fb122c71e14f0897bd7291f4239e09c6b67ac7ab0106dba0e3dff7552ed2
W5_Q32_ALGSTRUCT_r13/e1_probe.csv	37051	ab10067fdd9d429f7d701fbdd510fa80a168ed2db3fd8c498b1e99248ae3bc87
W5_Q32_ALGSTRUCT_r13/process.txt	47	2949f8dcfbdde7db59549e4166e8c86f3f318b224779ad4e8ec3d80e297bca0f
W5_Q32_ALGSTRUCT_r13/query.rql	5185	6288696e9eb23a595be8b714850a9df779727c3d99795ad94fe5a6ac0f462b0b
W5_Q32_ALGSTRUCT_r13/study.toml	30	d29eeb760c73a10bf13d76141a3d21c7f3f05af9c805422619f6b07129f74ba3
W5_Q32_ALGSTRUCT_r13/xqry.err	0	e3b0c44298fc1c149afbf4c8996fb92427ae41e4649b934ca495991b7852b855
W5_Q32_ALGSTRUCT_r13/xretractor.log	895	9c5412fa07c473d258ee39c8b38d9bcd5440f7caabd8e580bfff9dd4e664b834
W5_Q32_ALGSTRUCT_r14/a.txt	38893	9b1354225d822f59e4ee81f1168644f20157bedd9a4ca8dc775600bcd88b57a5
W5_Q32_ALGSTRUCT_r14/b.txt	40000	de26fb122c71e14f0897bd7291f4239e09c6b67ac7ab0106dba0e3dff7552ed2
W5_Q32_ALGSTRUCT_r14/e1_probe.csv	37051	4653acc954acc2dcb72ad5e79c2a90c17c8ce4d4411d70721a9307b4e2b3fd31
W5_Q32_ALGSTRUCT_r14/process.txt	47	d1c3079ad869c0e4ed01c02f79aa9fafe95e92d2312f91cfc882a1c0166d42ea
W5_Q32_ALGSTRUCT_r14/query.rql	5185	6288696e9eb23a595be8b714850a9df779727c3d99795ad94fe5a6ac0f462b0b
W5_Q32_ALGSTRUCT_r14/study.toml	30	d29eeb760c73a10bf13d76141a3d21c7f3f05af9c805422619f6b07129f74ba3
W5_Q32_ALGSTRUCT_r14/xqry.err	0	e3b0c44298fc1c149afbf4c8996fb92427ae41e4649b934ca495991b7852b855
W5_Q32_ALGSTRUCT_r14/xretractor.log	895	6e2b0a90e9341e7bf5ecd7d0085c98d6d46240bd8522640ec950ec44bc512155
W5_Q32_ALGSTRUCT_r15/a.txt	38893	9b1354225d822f59e4ee81f1168644f20157bedd9a4ca8dc775600bcd88b57a5
W5_Q32_ALGSTRUCT_r15/b.txt	40000	de26fb122c71e14f0897bd7291f4239e09c6b67ac7ab0106dba0e3dff7552ed2
W5_Q32_ALGSTRUCT_r15/e1_probe.csv	37091	962554e0e463050793a93c6a22e1c97aac35b850459f6607ddd53ed88a60ad4b
W5_Q32_ALGSTRUCT_r15/process.txt	47	d58a38676de13c7ae65074d59082660ea05273d63be19867014332b5b272755f
W5_Q32_ALGSTRUCT_r15/query.rql	5185	6288696e9eb23a595be8b714850a9df779727c3d99795ad94fe5a6ac0f462b0b
W5_Q32_ALGSTRUCT_r15/study.toml	30	d29eeb760c73a10bf13d76141a3d21c7f3f05af9c805422619f6b07129f74ba3
W5_Q32_ALGSTRUCT_r15/xqry.err	0	e3b0c44298fc1c149afbf4c8996fb92427ae41e4649b934ca495991b7852b855
W5_Q32_ALGSTRUCT_r15/xretractor.log	895	f5369c7fb3eb5c86c7c8d4408c745639cb980b17350104c3173506ad7e129290
W5_Q32_OFF_r01/a.txt	38893	9b1354225d822f59e4ee81f1168644f20157bedd9a4ca8dc775600bcd88b57a5
W5_Q32_OFF_r01/b.txt	40000	de26fb122c71e14f0897bd7291f4239e09c6b67ac7ab0106dba0e3dff7552ed2
W5_Q32_OFF_r01/e1_probe.csv	37050	21a092579650ec17efcdc180e1cdab03fe6a282d36590472cc985a25cb0e5d7d
W5_Q32_OFF_r01/process.txt	47	e5c0346683e296c15d4854aa52394b5b19d098c37d3ea1b563065206491294c5
W5_Q32_OFF_r01/query.rql	5185	6288696e9eb23a595be8b714850a9df779727c3d99795ad94fe5a6ac0f462b0b
W5_Q32_OFF_r01/study.toml	30	d29eeb760c73a10bf13d76141a3d21c7f3f05af9c805422619f6b07129f74ba3
W5_Q32_OFF_r01/xqry.err	0	e3b0c44298fc1c149afbf4c8996fb92427ae41e4649b934ca495991b7852b855
W5_Q32_OFF_r01/xretractor.log	896	2931ce9c35c7770307e46d694b946ec0ec3b208ffc61bd9eb38a576d43e905a2
W5_Q32_OFF_r02/a.txt	38893	9b1354225d822f59e4ee81f1168644f20157bedd9a4ca8dc775600bcd88b57a5
W5_Q32_OFF_r02/b.txt	40000	de26fb122c71e14f0897bd7291f4239e09c6b67ac7ab0106dba0e3dff7552ed2
W5_Q32_OFF_r02/e1_probe.csv	37051	316cd6db80d8ddf9943861dc65c6acfed48e9649afebefb48e6edfc75f43c515
W5_Q32_OFF_r02/process.txt	47	e5c0346683e296c15d4854aa52394b5b19d098c37d3ea1b563065206491294c5
W5_Q32_OFF_r02/query.rql	5185	6288696e9eb23a595be8b714850a9df779727c3d99795ad94fe5a6ac0f462b0b
W5_Q32_OFF_r02/study.toml	30	d29eeb760c73a10bf13d76141a3d21c7f3f05af9c805422619f6b07129f74ba3
W5_Q32_OFF_r02/xqry.err	0	e3b0c44298fc1c149afbf4c8996fb92427ae41e4649b934ca495991b7852b855
W5_Q32_OFF_r02/xretractor.log	896	5362781bc1b2ffeaabc1161e4683da3830c9c7f9cfc58f68db1c76dad361b719
W5_Q32_OFF_r03/a.txt	38893	9b1354225d822f59e4ee81f1168644f20157bedd9a4ca8dc775600bcd88b57a5
W5_Q32_OFF_r03/b.txt	40000	de26fb122c71e14f0897bd7291f4239e09c6b67ac7ab0106dba0e3dff7552ed2
W5_Q32_OFF_r03/e1_probe.csv	37047	d5230c4b5721fdf0a46cd9544d417c64329b088cbcc72cbed934b2f13354535c
W5_Q32_OFF_r03/process.txt	47	e5c0346683e296c15d4854aa52394b5b19d098c37d3ea1b563065206491294c5
W5_Q32_OFF_r03/query.rql	5185	6288696e9eb23a595be8b714850a9df779727c3d99795ad94fe5a6ac0f462b0b
W5_Q32_OFF_r03/study.toml	30	d29eeb760c73a10bf13d76141a3d21c7f3f05af9c805422619f6b07129f74ba3
W5_Q32_OFF_r03/xqry.err	0	e3b0c44298fc1c149afbf4c8996fb92427ae41e4649b934ca495991b7852b855
W5_Q32_OFF_r03/xretractor.log	895	7d8af78e6255519ab1dd88a8d285aa30cc944d04b889a47f3c76619f2f24a0a3
W5_Q32_OFF_r04/a.txt	38893	9b1354225d822f59e4ee81f1168644f20157bedd9a4ca8dc775600bcd88b57a5
W5_Q32_OFF_r04/b.txt	40000	de26fb122c71e14f0897bd7291f4239e09c6b67ac7ab0106dba0e3dff7552ed2
W5_Q32_OFF_r04/e1_probe.csv	37051	e6c04cf4e8979e17974aefb3d258ee621d2896c5b2f066357d94397bada179db
W5_Q32_OFF_r04/process.txt	47	e5c0346683e296c15d4854aa52394b5b19d098c37d3ea1b563065206491294c5
W5_Q32_OFF_r04/query.rql	5185	6288696e9eb23a595be8b714850a9df779727c3d99795ad94fe5a6ac0f462b0b
W5_Q32_OFF_r04/study.toml	30	d29eeb760c73a10bf13d76141a3d21c7f3f05af9c805422619f6b07129f74ba3
W5_Q32_OFF_r04/xqry.err	0	e3b0c44298fc1c149afbf4c8996fb92427ae41e4649b934ca495991b7852b855
W5_Q32_OFF_r04/xretractor.log	896	09eb2f29db131a0a61748cd450cc62492d8a6d1e2477f1406c930a04cd76ba1b
W5_Q32_OFF_r05/a.txt	38893	9b1354225d822f59e4ee81f1168644f20157bedd9a4ca8dc775600bcd88b57a5
W5_Q32_OFF_r05/b.txt	40000	de26fb122c71e14f0897bd7291f4239e09c6b67ac7ab0106dba0e3dff7552ed2
W5_Q32_OFF_r05/e1_probe.csv	37040	dfb47e4683f8242483138cd94862456e02aee861934df5fa8125e3106a4a6b46
W5_Q32_OFF_r05/process.txt	47	099e893f73c20ad63e5f77d7a82327e9244de7df38e9aa6e4b67eec7685bdc7d
W5_Q32_OFF_r05/query.rql	5185	6288696e9eb23a595be8b714850a9df779727c3d99795ad94fe5a6ac0f462b0b
W5_Q32_OFF_r05/study.toml	30	d29eeb760c73a10bf13d76141a3d21c7f3f05af9c805422619f6b07129f74ba3
W5_Q32_OFF_r05/xqry.err	0	e3b0c44298fc1c149afbf4c8996fb92427ae41e4649b934ca495991b7852b855
W5_Q32_OFF_r05/xretractor.log	895	ef6f44418eca1ab20dfe5105dfa265ad0533ba44446cd66a3ae59dfe71ecf5f8
W5_Q32_OFF_r06/a.txt	38893	9b1354225d822f59e4ee81f1168644f20157bedd9a4ca8dc775600bcd88b57a5
W5_Q32_OFF_r06/b.txt	40000	de26fb122c71e14f0897bd7291f4239e09c6b67ac7ab0106dba0e3dff7552ed2
W5_Q32_OFF_r06/e1_probe.csv	37050	95f8c9c0aa119b32710d4094b21dd919927b9b841417f16d015789e4eb2783c2
W5_Q32_OFF_r06/process.txt	47	a72dc7fe1b578ff05872ee4c244f698e23a8e0488fb28e726a05c502c9aaef64
W5_Q32_OFF_r06/query.rql	5185	6288696e9eb23a595be8b714850a9df779727c3d99795ad94fe5a6ac0f462b0b
W5_Q32_OFF_r06/study.toml	30	d29eeb760c73a10bf13d76141a3d21c7f3f05af9c805422619f6b07129f74ba3
W5_Q32_OFF_r06/xqry.err	0	e3b0c44298fc1c149afbf4c8996fb92427ae41e4649b934ca495991b7852b855
W5_Q32_OFF_r06/xretractor.log	896	fc469846fb7f0ae4cef57adeb4a576304b236a3e50ded343f3c5ee8f697b0941
W5_Q32_OFF_r07/a.txt	38893	9b1354225d822f59e4ee81f1168644f20157bedd9a4ca8dc775600bcd88b57a5
W5_Q32_OFF_r07/b.txt	40000	de26fb122c71e14f0897bd7291f4239e09c6b67ac7ab0106dba0e3dff7552ed2
W5_Q32_OFF_r07/e1_probe.csv	37051	a8632b5c78a88d4684184924ca80c5f55ddd067d0605b5eb031381d97111a434
W5_Q32_OFF_r07/process.txt	47	2768b7346e18877475cd3208d56120c66dfa7eccfb6aebca4a91773b4dc6f2f4
W5_Q32_OFF_r07/query.rql	5185	6288696e9eb23a595be8b714850a9df779727c3d99795ad94fe5a6ac0f462b0b
W5_Q32_OFF_r07/study.toml	30	d29eeb760c73a10bf13d76141a3d21c7f3f05af9c805422619f6b07129f74ba3
W5_Q32_OFF_r07/xqry.err	0	e3b0c44298fc1c149afbf4c8996fb92427ae41e4649b934ca495991b7852b855
W5_Q32_OFF_r07/xretractor.log	896	d1276f3e5ff5e2f24f2a9ee1e8224cf90973b4427f3c58dd946594b5ce2476ab
W5_Q32_OFF_r08/a.txt	38893	9b1354225d822f59e4ee81f1168644f20157bedd9a4ca8dc775600bcd88b57a5
W5_Q32_OFF_r08/b.txt	40000	de26fb122c71e14f0897bd7291f4239e09c6b67ac7ab0106dba0e3dff7552ed2
W5_Q32_OFF_r08/e1_probe.csv	37051	30e3271caad44c7ac629d7b51013253087bd6cb56fe3b46d7e66bed50d1b9b64
W5_Q32_OFF_r08/process.txt	47	ae76dc5e48fcc178c42804a2f8188646cfc703b70059e92e2b567d05a908d058
W5_Q32_OFF_r08/query.rql	5185	6288696e9eb23a595be8b714850a9df779727c3d99795ad94fe5a6ac0f462b0b
W5_Q32_OFF_r08/study.toml	30	d29eeb760c73a10bf13d76141a3d21c7f3f05af9c805422619f6b07129f74ba3
W5_Q32_OFF_r08/xqry.err	0	e3b0c44298fc1c149afbf4c8996fb92427ae41e4649b934ca495991b7852b855
W5_Q32_OFF_r08/xretractor.log	896	11a76ddb081a7ed6e3edf961c9c58f33a59483490e27e039672f6da7900646fd
W5_Q32_OFF_r09/a.txt	38893	9b1354225d822f59e4ee81f1168644f20157bedd9a4ca8dc775600bcd88b57a5
W5_Q32_OFF_r09/b.txt	40000	de26fb122c71e14f0897bd7291f4239e09c6b67ac7ab0106dba0e3dff7552ed2
W5_Q32_OFF_r09/e1_probe.csv	37050	cb0a0ef5d242cdeda67eb0baf89f6b4eeb4e39fda9c1bcafb16a98825d555a82
W5_Q32_OFF_r09/process.txt	47	66a729dad7c607ad853fbdc88bbb906576495f158ab5575db9d8d2c58cd7b280
W5_Q32_OFF_r09/query.rql	5185	6288696e9eb23a595be8b714850a9df779727c3d99795ad94fe5a6ac0f462b0b
W5_Q32_OFF_r09/study.toml	30	d29eeb760c73a10bf13d76141a3d21c7f3f05af9c805422619f6b07129f74ba3
W5_Q32_OFF_r09/xqry.err	0	e3b0c44298fc1c149afbf4c8996fb92427ae41e4649b934ca495991b7852b855
W5_Q32_OFF_r09/xretractor.log	895	568e9c7cca389b8cc6c92a693b2fad0b56ed66999a0744feaffe38ac4d67f5d2
W5_Q32_OFF_r10/a.txt	38893	9b1354225d822f59e4ee81f1168644f20157bedd9a4ca8dc775600bcd88b57a5
W5_Q32_OFF_r10/b.txt	40000	de26fb122c71e14f0897bd7291f4239e09c6b67ac7ab0106dba0e3dff7552ed2
W5_Q32_OFF_r10/e1_probe.csv	37051	1eede5925b63fb630e4b2fbf891d81f94338e0f8344d1d07242cdf494b98ab8c
W5_Q32_OFF_r10/process.txt	47	a72dc7fe1b578ff05872ee4c244f698e23a8e0488fb28e726a05c502c9aaef64
W5_Q32_OFF_r10/query.rql	5185	6288696e9eb23a595be8b714850a9df779727c3d99795ad94fe5a6ac0f462b0b
W5_Q32_OFF_r10/study.toml	30	d29eeb760c73a10bf13d76141a3d21c7f3f05af9c805422619f6b07129f74ba3
W5_Q32_OFF_r10/xqry.err	0	e3b0c44298fc1c149afbf4c8996fb92427ae41e4649b934ca495991b7852b855
W5_Q32_OFF_r10/xretractor.log	896	53334b9c916fc725db6899b5e41007bec7d1f9c4c31c382e5da42d4b428a783c
W5_Q32_OFF_r11/a.txt	38893	9b1354225d822f59e4ee81f1168644f20157bedd9a4ca8dc775600bcd88b57a5
W5_Q32_OFF_r11/b.txt	40000	de26fb122c71e14f0897bd7291f4239e09c6b67ac7ab0106dba0e3dff7552ed2
W5_Q32_OFF_r11/e1_probe.csv	37051	b1e6753d2bc24140f1bfba2c011f5420bf3921d2da6ad8c02fa6161c620ae6bd
W5_Q32_OFF_r11/process.txt	47	e5c0346683e296c15d4854aa52394b5b19d098c37d3ea1b563065206491294c5
W5_Q32_OFF_r11/query.rql	5185	6288696e9eb23a595be8b714850a9df779727c3d99795ad94fe5a6ac0f462b0b
W5_Q32_OFF_r11/study.toml	30	d29eeb760c73a10bf13d76141a3d21c7f3f05af9c805422619f6b07129f74ba3
W5_Q32_OFF_r11/xqry.err	0	e3b0c44298fc1c149afbf4c8996fb92427ae41e4649b934ca495991b7852b855
W5_Q32_OFF_r11/xretractor.log	896	930f0133295942e5950a82044aa26be518de938dc6e85492563f8c233412f869
W5_Q32_OFF_r12/a.txt	38893	9b1354225d822f59e4ee81f1168644f20157bedd9a4ca8dc775600bcd88b57a5
W5_Q32_OFF_r12/b.txt	40000	de26fb122c71e14f0897bd7291f4239e09c6b67ac7ab0106dba0e3dff7552ed2
W5_Q32_OFF_r12/e1_probe.csv	37044	b7a6c2dcde329ea13c9922b863e48abd6db5175b1270e9caab8f7f0faa1f569d
W5_Q32_OFF_r12/process.txt	47	66091130b81a371381f98228ee659783957981e70a85e0978f3e803a3facc667
W5_Q32_OFF_r12/query.rql	5185	6288696e9eb23a595be8b714850a9df779727c3d99795ad94fe5a6ac0f462b0b
W5_Q32_OFF_r12/study.toml	30	d29eeb760c73a10bf13d76141a3d21c7f3f05af9c805422619f6b07129f74ba3
W5_Q32_OFF_r12/xqry.err	0	e3b0c44298fc1c149afbf4c8996fb92427ae41e4649b934ca495991b7852b855
W5_Q32_OFF_r12/xretractor.log	896	e290c178726ff808b3d4de89b76f0d1be73976a690ac1f144797fb15b8838876
W5_Q32_OFF_r13/a.txt	38893	9b1354225d822f59e4ee81f1168644f20157bedd9a4ca8dc775600bcd88b57a5
W5_Q32_OFF_r13/b.txt	40000	de26fb122c71e14f0897bd7291f4239e09c6b67ac7ab0106dba0e3dff7552ed2
W5_Q32_OFF_r13/e1_probe.csv	37082	bb0f7a053cfd7890e8c27ce754b0acad21b5ac592e3e0481ce4e3cb002ca6eef
W5_Q32_OFF_r13/process.txt	47	88de39f54f7ee1d4daf372d800cc9f34b61607fe1bbf3f50c2bbbfc360129aa2
W5_Q32_OFF_r13/query.rql	5185	6288696e9eb23a595be8b714850a9df779727c3d99795ad94fe5a6ac0f462b0b
W5_Q32_OFF_r13/study.toml	30	d29eeb760c73a10bf13d76141a3d21c7f3f05af9c805422619f6b07129f74ba3
W5_Q32_OFF_r13/xqry.err	0	e3b0c44298fc1c149afbf4c8996fb92427ae41e4649b934ca495991b7852b855
W5_Q32_OFF_r13/xretractor.log	896	35a0e2aebba3d0fb99d328cd05c14a97afe347b3e2cc885bfa42aae71562e7ad
W5_Q32_OFF_r14/a.txt	38893	9b1354225d822f59e4ee81f1168644f20157bedd9a4ca8dc775600bcd88b57a5
W5_Q32_OFF_r14/b.txt	40000	de26fb122c71e14f0897bd7291f4239e09c6b67ac7ab0106dba0e3dff7552ed2
W5_Q32_OFF_r14/e1_probe.csv	37022	30a71cc922be1ec29d4140a3b5559b78d640ae15aa745f8f58dd7b9fbe5d6ebf
W5_Q32_OFF_r14/process.txt	47	099e893f73c20ad63e5f77d7a82327e9244de7df38e9aa6e4b67eec7685bdc7d
W5_Q32_OFF_r14/query.rql	5185	6288696e9eb23a595be8b714850a9df779727c3d99795ad94fe5a6ac0f462b0b
W5_Q32_OFF_r14/study.toml	30	d29eeb760c73a10bf13d76141a3d21c7f3f05af9c805422619f6b07129f74ba3
W5_Q32_OFF_r14/xqry.err	0	e3b0c44298fc1c149afbf4c8996fb92427ae41e4649b934ca495991b7852b855
W5_Q32_OFF_r14/xretractor.log	896	76fd44837524388cd2c7f329e66cf6dc41b07140800f9683e3df3a03f46fbd03
W5_Q32_OFF_r15/a.txt	38893	9b1354225d822f59e4ee81f1168644f20157bedd9a4ca8dc775600bcd88b57a5
W5_Q32_OFF_r15/b.txt	40000	de26fb122c71e14f0897bd7291f4239e09c6b67ac7ab0106dba0e3dff7552ed2
W5_Q32_OFF_r15/e1_probe.csv	37051	3be64a3f2ce3799e30eb4d9d8c5d1b2ab41697c43e5e0a497a532d6856abb8b6
W5_Q32_OFF_r15/process.txt	47	a7edb63087669f944ad7f3feb326123ee9398d0c9b1db8436c0dc9cac7f7642e
W5_Q32_OFF_r15/query.rql	5185	6288696e9eb23a595be8b714850a9df779727c3d99795ad94fe5a6ac0f462b0b
W5_Q32_OFF_r15/study.toml	30	d29eeb760c73a10bf13d76141a3d21c7f3f05af9c805422619f6b07129f74ba3
W5_Q32_OFF_r15/xqry.err	0	e3b0c44298fc1c149afbf4c8996fb92427ae41e4649b934ca495991b7852b855
W5_Q32_OFF_r15/xretractor.log	895	d74dec6b89dd78444b8e60c1239ad6c2bc51bfd787b4857aa68e4e1ae9796e4f
W5_Q32_STRUCT_R1_r01/a.txt	38893	9b1354225d822f59e4ee81f1168644f20157bedd9a4ca8dc775600bcd88b57a5
W5_Q32_STRUCT_R1_r01/b.txt	40000	de26fb122c71e14f0897bd7291f4239e09c6b67ac7ab0106dba0e3dff7552ed2
W5_Q32_STRUCT_R1_r01/e1_probe.csv	36969	cf4929f40cbecd436d0e517a5f09d46c80059d4266b17ec836c13599aa8a78f7
W5_Q32_STRUCT_R1_r01/process.txt	47	7923138ba51c0643f14278b1f0ba90977e696a36a17c0be5a6e55632ca44e87b
W5_Q32_STRUCT_R1_r01/query.rql	5185	6288696e9eb23a595be8b714850a9df779727c3d99795ad94fe5a6ac0f462b0b
W5_Q32_STRUCT_R1_r01/study.toml	30	d29eeb760c73a10bf13d76141a3d21c7f3f05af9c805422619f6b07129f74ba3
W5_Q32_STRUCT_R1_r01/xqry.err	0	e3b0c44298fc1c149afbf4c8996fb92427ae41e4649b934ca495991b7852b855
W5_Q32_STRUCT_R1_r01/xretractor.log	894	7f4e436f73e08c77fab32968d7311a66cf805576a65d99114e280c54fb9ad9c5
W5_Q32_STRUCT_R1_r02/a.txt	38893	9b1354225d822f59e4ee81f1168644f20157bedd9a4ca8dc775600bcd88b57a5
W5_Q32_STRUCT_R1_r02/b.txt	40000	de26fb122c71e14f0897bd7291f4239e09c6b67ac7ab0106dba0e3dff7552ed2
W5_Q32_STRUCT_R1_r02/e1_probe.csv	36957	0776c98a78cecc864bcf6dfa786303da4b3756d3b3d68a1b63f468ad49041738
W5_Q32_STRUCT_R1_r02/process.txt	47	e5c0346683e296c15d4854aa52394b5b19d098c37d3ea1b563065206491294c5
W5_Q32_STRUCT_R1_r02/query.rql	5185	6288696e9eb23a595be8b714850a9df779727c3d99795ad94fe5a6ac0f462b0b
W5_Q32_STRUCT_R1_r02/study.toml	30	d29eeb760c73a10bf13d76141a3d21c7f3f05af9c805422619f6b07129f74ba3
W5_Q32_STRUCT_R1_r02/xqry.err	0	e3b0c44298fc1c149afbf4c8996fb92427ae41e4649b934ca495991b7852b855
W5_Q32_STRUCT_R1_r02/xretractor.log	895	322126e7c053337383df61c215cebc6359ac7f7912c6ca542310685c48048af3
W5_Q32_STRUCT_R1_r03/a.txt	38893	9b1354225d822f59e4ee81f1168644f20157bedd9a4ca8dc775600bcd88b57a5
W5_Q32_STRUCT_R1_r03/b.txt	40000	de26fb122c71e14f0897bd7291f4239e09c6b67ac7ab0106dba0e3dff7552ed2
W5_Q32_STRUCT_R1_r03/e1_probe.csv	37009	ca577fa4a3fce28961f6bcbe27e35314d88485b6c0b54e93ad4e13af89589844
W5_Q32_STRUCT_R1_r03/process.txt	47	6eabb89c540b5e96ef911330d52e3cea610f6eed1bf1e49fbdc4f2f4cfdd1880
W5_Q32_STRUCT_R1_r03/query.rql	5185	6288696e9eb23a595be8b714850a9df779727c3d99795ad94fe5a6ac0f462b0b
W5_Q32_STRUCT_R1_r03/study.toml	30	d29eeb760c73a10bf13d76141a3d21c7f3f05af9c805422619f6b07129f74ba3
W5_Q32_STRUCT_R1_r03/xqry.err	0	e3b0c44298fc1c149afbf4c8996fb92427ae41e4649b934ca495991b7852b855
W5_Q32_STRUCT_R1_r03/xretractor.log	895	6a7345b8567e45a907850a8cf7cc09f64c3e57203f14e7e2d31c57c7fa30e4f7
W5_Q32_STRUCT_R1_r04/a.txt	38893	9b1354225d822f59e4ee81f1168644f20157bedd9a4ca8dc775600bcd88b57a5
W5_Q32_STRUCT_R1_r04/b.txt	40000	de26fb122c71e14f0897bd7291f4239e09c6b67ac7ab0106dba0e3dff7552ed2
W5_Q32_STRUCT_R1_r04/e1_probe.csv	36966	8f03749caa93b00b785445cab953cac2c3841dcf02b25171ab0d46dafba70dbe
W5_Q32_STRUCT_R1_r04/process.txt	47	79d8ef67b244dfa897dd263d2f93ff4972114163978973c7041fc81a42de46e6
W5_Q32_STRUCT_R1_r04/query.rql	5185	6288696e9eb23a595be8b714850a9df779727c3d99795ad94fe5a6ac0f462b0b
W5_Q32_STRUCT_R1_r04/study.toml	30	d29eeb760c73a10bf13d76141a3d21c7f3f05af9c805422619f6b07129f74ba3
W5_Q32_STRUCT_R1_r04/xqry.err	0	e3b0c44298fc1c149afbf4c8996fb92427ae41e4649b934ca495991b7852b855
W5_Q32_STRUCT_R1_r04/xretractor.log	895	800c0b6a08cc45c042ade82d9700657a8c83903471d5519ddf9624b253ec5f29
W5_Q32_STRUCT_R1_r05/a.txt	38893	9b1354225d822f59e4ee81f1168644f20157bedd9a4ca8dc775600bcd88b57a5
W5_Q32_STRUCT_R1_r05/b.txt	40000	de26fb122c71e14f0897bd7291f4239e09c6b67ac7ab0106dba0e3dff7552ed2
W5_Q32_STRUCT_R1_r05/e1_probe.csv	37011	52973093f62fa091568f20a8384fd394946aa995acc172acaf76e69e57ffa652
W5_Q32_STRUCT_R1_r05/process.txt	47	7923138ba51c0643f14278b1f0ba90977e696a36a17c0be5a6e55632ca44e87b
W5_Q32_STRUCT_R1_r05/query.rql	5185	6288696e9eb23a595be8b714850a9df779727c3d99795ad94fe5a6ac0f462b0b
W5_Q32_STRUCT_R1_r05/study.toml	30	d29eeb760c73a10bf13d76141a3d21c7f3f05af9c805422619f6b07129f74ba3
W5_Q32_STRUCT_R1_r05/xqry.err	0	e3b0c44298fc1c149afbf4c8996fb92427ae41e4649b934ca495991b7852b855
W5_Q32_STRUCT_R1_r05/xretractor.log	895	c9c774b4fab806bbc039f423cb473262bc301d3e4a74a71c50cb943499955d77
W5_Q32_STRUCT_R1_r06/a.txt	38893	9b1354225d822f59e4ee81f1168644f20157bedd9a4ca8dc775600bcd88b57a5
W5_Q32_STRUCT_R1_r06/b.txt	40000	de26fb122c71e14f0897bd7291f4239e09c6b67ac7ab0106dba0e3dff7552ed2
W5_Q32_STRUCT_R1_r06/e1_probe.csv	36965	f4ef28cee478248d5f6ca726513ac2b5d52ec07a9a9f240a0540f1f3e9466d02
W5_Q32_STRUCT_R1_r06/process.txt	47	f066030de0efbdb542115a081103ef531920f38d9281becab9bc05b81e9ecd10
W5_Q32_STRUCT_R1_r06/query.rql	5185	6288696e9eb23a595be8b714850a9df779727c3d99795ad94fe5a6ac0f462b0b
W5_Q32_STRUCT_R1_r06/study.toml	30	d29eeb760c73a10bf13d76141a3d21c7f3f05af9c805422619f6b07129f74ba3
W5_Q32_STRUCT_R1_r06/xqry.err	0	e3b0c44298fc1c149afbf4c8996fb92427ae41e4649b934ca495991b7852b855
W5_Q32_STRUCT_R1_r06/xretractor.log	895	e8e5c1c4186db229d23fff60650b016d80e30387f73454246fc44537dd93cb73
W5_Q32_STRUCT_R1_r07/a.txt	38893	9b1354225d822f59e4ee81f1168644f20157bedd9a4ca8dc775600bcd88b57a5
W5_Q32_STRUCT_R1_r07/b.txt	40000	de26fb122c71e14f0897bd7291f4239e09c6b67ac7ab0106dba0e3dff7552ed2
W5_Q32_STRUCT_R1_r07/e1_probe.csv	37016	0092f47a06b9609b67a883588c6487a5e4d3a1cc3f6835997e1bb4b5dff71fae
W5_Q32_STRUCT_R1_r07/process.txt	47	9ad26f35f4aa62ff75952aec5396c80d4fb802f1dcef94f219633ffc27dc4b53
W5_Q32_STRUCT_R1_r07/query.rql	5185	6288696e9eb23a595be8b714850a9df779727c3d99795ad94fe5a6ac0f462b0b
W5_Q32_STRUCT_R1_r07/study.toml	30	d29eeb760c73a10bf13d76141a3d21c7f3f05af9c805422619f6b07129f74ba3
W5_Q32_STRUCT_R1_r07/xqry.err	0	e3b0c44298fc1c149afbf4c8996fb92427ae41e4649b934ca495991b7852b855
W5_Q32_STRUCT_R1_r07/xretractor.log	895	09bda9881df2baf87346cad6468ea62c060d121adb1404141862804c7d0cd4a6
W5_Q32_STRUCT_R1_r08/a.txt	38893	9b1354225d822f59e4ee81f1168644f20157bedd9a4ca8dc775600bcd88b57a5
W5_Q32_STRUCT_R1_r08/b.txt	40000	de26fb122c71e14f0897bd7291f4239e09c6b67ac7ab0106dba0e3dff7552ed2
W5_Q32_STRUCT_R1_r08/e1_probe.csv	36962	07750c41e34f7bf50fe2423dc0530373c0f294723816c8f1bdad60db3d5ccbd8
W5_Q32_STRUCT_R1_r08/process.txt	47	099e893f73c20ad63e5f77d7a82327e9244de7df38e9aa6e4b67eec7685bdc7d
W5_Q32_STRUCT_R1_r08/query.rql	5185	6288696e9eb23a595be8b714850a9df779727c3d99795ad94fe5a6ac0f462b0b
W5_Q32_STRUCT_R1_r08/study.toml	30	d29eeb760c73a10bf13d76141a3d21c7f3f05af9c805422619f6b07129f74ba3
W5_Q32_STRUCT_R1_r08/xqry.err	0	e3b0c44298fc1c149afbf4c8996fb92427ae41e4649b934ca495991b7852b855
W5_Q32_STRUCT_R1_r08/xretractor.log	894	8ef9dd5837a27031768f44cbdd46dd8fdf8f8db5cd1330d162840eab3754f399
W5_Q32_STRUCT_R1_r09/a.txt	38893	9b1354225d822f59e4ee81f1168644f20157bedd9a4ca8dc775600bcd88b57a5
W5_Q32_STRUCT_R1_r09/b.txt	40000	de26fb122c71e14f0897bd7291f4239e09c6b67ac7ab0106dba0e3dff7552ed2
W5_Q32_STRUCT_R1_r09/e1_probe.csv	36958	d9cd39a5abf879628ae7c0c58ee7e87220e76c49ac26837c2e54b9b6d34afac2
W5_Q32_STRUCT_R1_r09/process.txt	47	5114c275b8fed30f108ce821da842185038641671eb383b64467d8f9c0e9aa7b
W5_Q32_STRUCT_R1_r09/query.rql	5185	6288696e9eb23a595be8b714850a9df779727c3d99795ad94fe5a6ac0f462b0b
W5_Q32_STRUCT_R1_r09/study.toml	30	d29eeb760c73a10bf13d76141a3d21c7f3f05af9c805422619f6b07129f74ba3
W5_Q32_STRUCT_R1_r09/xqry.err	0	e3b0c44298fc1c149afbf4c8996fb92427ae41e4649b934ca495991b7852b855
W5_Q32_STRUCT_R1_r09/xretractor.log	895	81112c98a24e0fdce2f20d4dc4308948b3ad841fb23d965a2b63013240281d52
W5_Q32_STRUCT_R1_r10/a.txt	38893	9b1354225d822f59e4ee81f1168644f20157bedd9a4ca8dc775600bcd88b57a5
W5_Q32_STRUCT_R1_r10/b.txt	40000	de26fb122c71e14f0897bd7291f4239e09c6b67ac7ab0106dba0e3dff7552ed2
W5_Q32_STRUCT_R1_r10/e1_probe.csv	36972	e9233c36dd6f3d6553967036e28725b590e2344a170887b4b47b44ce98d0479d
W5_Q32_STRUCT_R1_r10/process.txt	47	6228833592bd929b33f67924c3bce9189ed14cd6b025c7c7b99eae7289e8c0eb
W5_Q32_STRUCT_R1_r10/query.rql	5185	6288696e9eb23a595be8b714850a9df779727c3d99795ad94fe5a6ac0f462b0b
W5_Q32_STRUCT_R1_r10/study.toml	30	d29eeb760c73a10bf13d76141a3d21c7f3f05af9c805422619f6b07129f74ba3
W5_Q32_STRUCT_R1_r10/xqry.err	0	e3b0c44298fc1c149afbf4c8996fb92427ae41e4649b934ca495991b7852b855
W5_Q32_STRUCT_R1_r10/xretractor.log	895	3a6b18fa90836735bb0317171d07a02fea14b43c8cbe0b92d100d1586b26e521
W5_Q32_STRUCT_R1_r11/a.txt	38893	9b1354225d822f59e4ee81f1168644f20157bedd9a4ca8dc775600bcd88b57a5
W5_Q32_STRUCT_R1_r11/b.txt	40000	de26fb122c71e14f0897bd7291f4239e09c6b67ac7ab0106dba0e3dff7552ed2
W5_Q32_STRUCT_R1_r11/e1_probe.csv	36986	8205e7f30d68b781207f688ab57d746ac114760e5e8848aed76d6f2ad1d40ba9
W5_Q32_STRUCT_R1_r11/process.txt	47	7923138ba51c0643f14278b1f0ba90977e696a36a17c0be5a6e55632ca44e87b
W5_Q32_STRUCT_R1_r11/query.rql	5185	6288696e9eb23a595be8b714850a9df779727c3d99795ad94fe5a6ac0f462b0b
W5_Q32_STRUCT_R1_r11/study.toml	30	d29eeb760c73a10bf13d76141a3d21c7f3f05af9c805422619f6b07129f74ba3
W5_Q32_STRUCT_R1_r11/xqry.err	0	e3b0c44298fc1c149afbf4c8996fb92427ae41e4649b934ca495991b7852b855
W5_Q32_STRUCT_R1_r11/xretractor.log	894	48ed32b9f6aa85aaa59a450fd71cfdc544e0e76d647dfd422540b679600f2f75
W5_Q32_STRUCT_R1_r12/a.txt	38893	9b1354225d822f59e4ee81f1168644f20157bedd9a4ca8dc775600bcd88b57a5
W5_Q32_STRUCT_R1_r12/b.txt	40000	de26fb122c71e14f0897bd7291f4239e09c6b67ac7ab0106dba0e3dff7552ed2
W5_Q32_STRUCT_R1_r12/e1_probe.csv	36996	c79c9fcd48d22d9f42ced0eeceb1b7d191d38b12d431225b147cccbe6ffcf129
W5_Q32_STRUCT_R1_r12/process.txt	47	3cb98a49546c225965b355979f59c9024147ea42cbc1f405cc4a9e1157d5fca2
W5_Q32_STRUCT_R1_r12/query.rql	5185	6288696e9eb23a595be8b714850a9df779727c3d99795ad94fe5a6ac0f462b0b
W5_Q32_STRUCT_R1_r12/study.toml	30	d29eeb760c73a10bf13d76141a3d21c7f3f05af9c805422619f6b07129f74ba3
W5_Q32_STRUCT_R1_r12/xqry.err	0	e3b0c44298fc1c149afbf4c8996fb92427ae41e4649b934ca495991b7852b855
W5_Q32_STRUCT_R1_r12/xretractor.log	895	cac31f9fb20b18ff0568da1ca4fc47dce0e28cdd371a4e40869e3a71eefa9a46
W5_Q32_STRUCT_R1_r13/a.txt	38893	9b1354225d822f59e4ee81f1168644f20157bedd9a4ca8dc775600bcd88b57a5
W5_Q32_STRUCT_R1_r13/b.txt	40000	de26fb122c71e14f0897bd7291f4239e09c6b67ac7ab0106dba0e3dff7552ed2
W5_Q32_STRUCT_R1_r13/e1_probe.csv	37020	149d421c59b5ac21d87dc14eff8a5d8311172bbeebb3259d3e5df9423ffcd94b
W5_Q32_STRUCT_R1_r13/process.txt	47	a1ce5af40660ad3d1b7c6311ba8d5536b6c1ac487960af4e161fa42894242285
W5_Q32_STRUCT_R1_r13/query.rql	5185	6288696e9eb23a595be8b714850a9df779727c3d99795ad94fe5a6ac0f462b0b
W5_Q32_STRUCT_R1_r13/study.toml	30	d29eeb760c73a10bf13d76141a3d21c7f3f05af9c805422619f6b07129f74ba3
W5_Q32_STRUCT_R1_r13/xqry.err	0	e3b0c44298fc1c149afbf4c8996fb92427ae41e4649b934ca495991b7852b855
W5_Q32_STRUCT_R1_r13/xretractor.log	895	7ce01cd0742fda708cfd0d3ec0b78579a02314456aaf293a4f7d863e3e458a7a
W5_Q32_STRUCT_R1_r14/a.txt	38893	9b1354225d822f59e4ee81f1168644f20157bedd9a4ca8dc775600bcd88b57a5
W5_Q32_STRUCT_R1_r14/b.txt	40000	de26fb122c71e14f0897bd7291f4239e09c6b67ac7ab0106dba0e3dff7552ed2
W5_Q32_STRUCT_R1_r14/e1_probe.csv	36956	9ff5f2067ff57b4f5a49636e2a3b4fe75f5b34d2f315a79d38f826addf177ba6
W5_Q32_STRUCT_R1_r14/process.txt	47	79d8ef67b244dfa897dd263d2f93ff4972114163978973c7041fc81a42de46e6
W5_Q32_STRUCT_R1_r14/query.rql	5185	6288696e9eb23a595be8b714850a9df779727c3d99795ad94fe5a6ac0f462b0b
W5_Q32_STRUCT_R1_r14/study.toml	30	d29eeb760c73a10bf13d76141a3d21c7f3f05af9c805422619f6b07129f74ba3
W5_Q32_STRUCT_R1_r14/xqry.err	0	e3b0c44298fc1c149afbf4c8996fb92427ae41e4649b934ca495991b7852b855
W5_Q32_STRUCT_R1_r14/xretractor.log	895	bc93251bcea9891714c6bb7a16f1a4f7cd940c11190e3b8c663cf74da447219d
W5_Q32_STRUCT_R1_r15/a.txt	38893	9b1354225d822f59e4ee81f1168644f20157bedd9a4ca8dc775600bcd88b57a5
W5_Q32_STRUCT_R1_r15/b.txt	40000	de26fb122c71e14f0897bd7291f4239e09c6b67ac7ab0106dba0e3dff7552ed2
W5_Q32_STRUCT_R1_r15/e1_probe.csv	36959	050ffa7f471423cf0d449c9ea68170c00b25b3ef891bf628a71d306c9bdae95e
W5_Q32_STRUCT_R1_r15/process.txt	47	5563da675df3b0e36a0104a508bbe4811b9bf3218c23daed32ce4f757bb2d937
W5_Q32_STRUCT_R1_r15/query.rql	5185	6288696e9eb23a595be8b714850a9df779727c3d99795ad94fe5a6ac0f462b0b
W5_Q32_STRUCT_R1_r15/study.toml	30	d29eeb760c73a10bf13d76141a3d21c7f3f05af9c805422619f6b07129f74ba3
W5_Q32_STRUCT_R1_r15/xqry.err	0	e3b0c44298fc1c149afbf4c8996fb92427ae41e4649b934ca495991b7852b855
W5_Q32_STRUCT_R1_r15/xretractor.log	895	151a7207ce652ff2f0878f07cba64bf572fa2511a481df694b7a4d95bc49fc19
W5_Q32_STRUCT_r01/a.txt	38893	9b1354225d822f59e4ee81f1168644f20157bedd9a4ca8dc775600bcd88b57a5
W5_Q32_STRUCT_r01/b.txt	40000	de26fb122c71e14f0897bd7291f4239e09c6b67ac7ab0106dba0e3dff7552ed2
W5_Q32_STRUCT_r01/e1_probe.csv	36977	bc1c41d82e81361ce5bf7899930699f363dfeb4310c2736c7b429d293ee06513
W5_Q32_STRUCT_r01/process.txt	47	6eabb89c540b5e96ef911330d52e3cea610f6eed1bf1e49fbdc4f2f4cfdd1880
W5_Q32_STRUCT_r01/query.rql	5185	6288696e9eb23a595be8b714850a9df779727c3d99795ad94fe5a6ac0f462b0b
W5_Q32_STRUCT_r01/study.toml	30	d29eeb760c73a10bf13d76141a3d21c7f3f05af9c805422619f6b07129f74ba3
W5_Q32_STRUCT_r01/xqry.err	0	e3b0c44298fc1c149afbf4c8996fb92427ae41e4649b934ca495991b7852b855
W5_Q32_STRUCT_r01/xretractor.log	895	2683a66a65644341413d72f9e2db77db03a9a0f2b1706f30c2e9d4b6b2e09d42
W5_Q32_STRUCT_r02/a.txt	38893	9b1354225d822f59e4ee81f1168644f20157bedd9a4ca8dc775600bcd88b57a5
W5_Q32_STRUCT_r02/b.txt	40000	de26fb122c71e14f0897bd7291f4239e09c6b67ac7ab0106dba0e3dff7552ed2
W5_Q32_STRUCT_r02/e1_probe.csv	37038	664e06a566b40081bbdce6785d1d424f1219e741e08991e67ce978e38c8b5d3f
W5_Q32_STRUCT_r02/process.txt	47	f446f6ab333371fdd4f5720194ea9b0feae629bd1db90aa41a57f46520b796af
W5_Q32_STRUCT_r02/query.rql	5185	6288696e9eb23a595be8b714850a9df779727c3d99795ad94fe5a6ac0f462b0b
W5_Q32_STRUCT_r02/study.toml	30	d29eeb760c73a10bf13d76141a3d21c7f3f05af9c805422619f6b07129f74ba3
W5_Q32_STRUCT_r02/xqry.err	0	e3b0c44298fc1c149afbf4c8996fb92427ae41e4649b934ca495991b7852b855
W5_Q32_STRUCT_r02/xretractor.log	894	b333be9fbad598a8f5bf49cbc3e17125d008bfce03dd0dfdd297775054161ae0
W5_Q32_STRUCT_r03/a.txt	38893	9b1354225d822f59e4ee81f1168644f20157bedd9a4ca8dc775600bcd88b57a5
W5_Q32_STRUCT_r03/b.txt	40000	de26fb122c71e14f0897bd7291f4239e09c6b67ac7ab0106dba0e3dff7552ed2
W5_Q32_STRUCT_r03/e1_probe.csv	36975	5fa1b4f7e260c467034efbbc30330314d4d19c46fd2588151e34f7a26facbc50
W5_Q32_STRUCT_r03/process.txt	47	e407a3b0cec2462e6068901310552d1224cd999411bef8fc838c425c97f0744b
W5_Q32_STRUCT_r03/query.rql	5185	6288696e9eb23a595be8b714850a9df779727c3d99795ad94fe5a6ac0f462b0b
W5_Q32_STRUCT_r03/study.toml	30	d29eeb760c73a10bf13d76141a3d21c7f3f05af9c805422619f6b07129f74ba3
W5_Q32_STRUCT_r03/xqry.err	0	e3b0c44298fc1c149afbf4c8996fb92427ae41e4649b934ca495991b7852b855
W5_Q32_STRUCT_r03/xretractor.log	894	d153c2714de232cea058e325c836ba796a15d540c091fc2a22a21ae4451a4b64
W5_Q32_STRUCT_r04/a.txt	38893	9b1354225d822f59e4ee81f1168644f20157bedd9a4ca8dc775600bcd88b57a5
W5_Q32_STRUCT_r04/b.txt	40000	de26fb122c71e14f0897bd7291f4239e09c6b67ac7ab0106dba0e3dff7552ed2
W5_Q32_STRUCT_r04/e1_probe.csv	36959	fcdb1ae11609bacd5e93d2640a8e92305da490377b9c3255b17031c0ebf2a7c7
W5_Q32_STRUCT_r04/process.txt	47	e5c0346683e296c15d4854aa52394b5b19d098c37d3ea1b563065206491294c5
W5_Q32_STRUCT_r04/query.rql	5185	6288696e9eb23a595be8b714850a9df779727c3d99795ad94fe5a6ac0f462b0b
W5_Q32_STRUCT_r04/study.toml	30	d29eeb760c73a10bf13d76141a3d21c7f3f05af9c805422619f6b07129f74ba3
W5_Q32_STRUCT_r04/xqry.err	0	e3b0c44298fc1c149afbf4c8996fb92427ae41e4649b934ca495991b7852b855
W5_Q32_STRUCT_r04/xretractor.log	895	91cf36c240feca16cabe4a66724611d45f9b36faab9a94496bf94d9817ef8c45
W5_Q32_STRUCT_r05/a.txt	38893	9b1354225d822f59e4ee81f1168644f20157bedd9a4ca8dc775600bcd88b57a5
W5_Q32_STRUCT_r05/b.txt	40000	de26fb122c71e14f0897bd7291f4239e09c6b67ac7ab0106dba0e3dff7552ed2
W5_Q32_STRUCT_r05/e1_probe.csv	36957	da082e8c5944523485bdd4fe7152f3d46814dee50f8c2da991851503caa104c8
W5_Q32_STRUCT_r05/process.txt	47	eb14b018c0a608378da90a4cc70b03d7eedc680c8fec914d1bd842f697481c20
W5_Q32_STRUCT_r05/query.rql	5185	6288696e9eb23a595be8b714850a9df779727c3d99795ad94fe5a6ac0f462b0b
W5_Q32_STRUCT_r05/study.toml	30	d29eeb760c73a10bf13d76141a3d21c7f3f05af9c805422619f6b07129f74ba3
W5_Q32_STRUCT_r05/xqry.err	0	e3b0c44298fc1c149afbf4c8996fb92427ae41e4649b934ca495991b7852b855
W5_Q32_STRUCT_r05/xretractor.log	894	a347e31ac030ba3188dfe3ea7c309a51e81dce32c689d386231dad4d93bb03ca
W5_Q32_STRUCT_r06/a.txt	38893	9b1354225d822f59e4ee81f1168644f20157bedd9a4ca8dc775600bcd88b57a5
W5_Q32_STRUCT_r06/b.txt	40000	de26fb122c71e14f0897bd7291f4239e09c6b67ac7ab0106dba0e3dff7552ed2
W5_Q32_STRUCT_r06/e1_probe.csv	37005	941513dad62d3171a9eaf21fd78d1d67c2b82eac7d9d32da89cbd3fbc51164ce
W5_Q32_STRUCT_r06/process.txt	47	28cec5552cd62f0d36ab027df4c1c960a626b695d0ea16e6b9dfd30709e8f46c
W5_Q32_STRUCT_r06/query.rql	5185	6288696e9eb23a595be8b714850a9df779727c3d99795ad94fe5a6ac0f462b0b
W5_Q32_STRUCT_r06/study.toml	30	d29eeb760c73a10bf13d76141a3d21c7f3f05af9c805422619f6b07129f74ba3
W5_Q32_STRUCT_r06/xqry.err	0	e3b0c44298fc1c149afbf4c8996fb92427ae41e4649b934ca495991b7852b855
W5_Q32_STRUCT_r06/xretractor.log	895	e205c74acf74b8778a2146047c8a1baae5df141cf840b7b4ea9b79f34f39f589
W5_Q32_STRUCT_r07/a.txt	38893	9b1354225d822f59e4ee81f1168644f20157bedd9a4ca8dc775600bcd88b57a5
W5_Q32_STRUCT_r07/b.txt	40000	de26fb122c71e14f0897bd7291f4239e09c6b67ac7ab0106dba0e3dff7552ed2
W5_Q32_STRUCT_r07/e1_probe.csv	36971	d16dffbe31507f1a2ab0598081845240bdef160e3fd03a065cef332c290ea629
W5_Q32_STRUCT_r07/process.txt	47	5563da675df3b0e36a0104a508bbe4811b9bf3218c23daed32ce4f757bb2d937
W5_Q32_STRUCT_r07/query.rql	5185	6288696e9eb23a595be8b714850a9df779727c3d99795ad94fe5a6ac0f462b0b
W5_Q32_STRUCT_r07/study.toml	30	d29eeb760c73a10bf13d76141a3d21c7f3f05af9c805422619f6b07129f74ba3
W5_Q32_STRUCT_r07/xqry.err	0	e3b0c44298fc1c149afbf4c8996fb92427ae41e4649b934ca495991b7852b855
W5_Q32_STRUCT_r07/xretractor.log	895	040d7823cbb725ff9e15490ac89cd87f81a5734e99af1fbe32c53cd3aaea6a50
W5_Q32_STRUCT_r08/a.txt	38893	9b1354225d822f59e4ee81f1168644f20157bedd9a4ca8dc775600bcd88b57a5
W5_Q32_STRUCT_r08/b.txt	40000	de26fb122c71e14f0897bd7291f4239e09c6b67ac7ab0106dba0e3dff7552ed2
W5_Q32_STRUCT_r08/e1_probe.csv	36956	fa245934876cf78e502e125c7acea102631c2b208eccf451955aa35f0ebef383
W5_Q32_STRUCT_r08/process.txt	47	e5c0346683e296c15d4854aa52394b5b19d098c37d3ea1b563065206491294c5
W5_Q32_STRUCT_r08/query.rql	5185	6288696e9eb23a595be8b714850a9df779727c3d99795ad94fe5a6ac0f462b0b
W5_Q32_STRUCT_r08/study.toml	30	d29eeb760c73a10bf13d76141a3d21c7f3f05af9c805422619f6b07129f74ba3
W5_Q32_STRUCT_r08/xqry.err	0	e3b0c44298fc1c149afbf4c8996fb92427ae41e4649b934ca495991b7852b855
W5_Q32_STRUCT_r08/xretractor.log	894	ff8cabc1e3e03fe464c047320ea9eae1af32486aaa236ebcf0323aace558f2e2
W5_Q32_STRUCT_r09/a.txt	38893	9b1354225d822f59e4ee81f1168644f20157bedd9a4ca8dc775600bcd88b57a5
W5_Q32_STRUCT_r09/b.txt	40000	de26fb122c71e14f0897bd7291f4239e09c6b67ac7ab0106dba0e3dff7552ed2
W5_Q32_STRUCT_r09/e1_probe.csv	36996	f88366e7c4e6d659aaa5be967b9ecc692831ac26c68afc37284b0d5ab0aa93d1
W5_Q32_STRUCT_r09/process.txt	47	4ab9664f3394ef09c46c8d2026a23b1d977211fff8cf49700fccd8abdd0f196a
W5_Q32_STRUCT_r09/query.rql	5185	6288696e9eb23a595be8b714850a9df779727c3d99795ad94fe5a6ac0f462b0b
W5_Q32_STRUCT_r09/study.toml	30	d29eeb760c73a10bf13d76141a3d21c7f3f05af9c805422619f6b07129f74ba3
W5_Q32_STRUCT_r09/xqry.err	0	e3b0c44298fc1c149afbf4c8996fb92427ae41e4649b934ca495991b7852b855
W5_Q32_STRUCT_r09/xretractor.log	895	05c0074cb287decd8e2671dcf210964d7b28c46939dded02bd4235f53bf3e899
W5_Q32_STRUCT_r10/a.txt	38893	9b1354225d822f59e4ee81f1168644f20157bedd9a4ca8dc775600bcd88b57a5
W5_Q32_STRUCT_r10/b.txt	40000	de26fb122c71e14f0897bd7291f4239e09c6b67ac7ab0106dba0e3dff7552ed2
W5_Q32_STRUCT_r10/e1_probe.csv	36994	6dcf92f7525cf6f6e90f397ed5318e492db8787b90fa59e90cfa329c8e87809d
W5_Q32_STRUCT_r10/process.txt	47	c720ea4b61d4b9d1a128ac6178508c59dbca1dd881bda6e0080efef296643dbb
W5_Q32_STRUCT_r10/query.rql	5185	6288696e9eb23a595be8b714850a9df779727c3d99795ad94fe5a6ac0f462b0b
W5_Q32_STRUCT_r10/study.toml	30	d29eeb760c73a10bf13d76141a3d21c7f3f05af9c805422619f6b07129f74ba3
W5_Q32_STRUCT_r10/xqry.err	0	e3b0c44298fc1c149afbf4c8996fb92427ae41e4649b934ca495991b7852b855
W5_Q32_STRUCT_r10/xretractor.log	895	96a19851a91e7736196833d6009b3d7529fa2ba7c3d740cd129d83ab53a6c890
W5_Q32_STRUCT_r11/a.txt	38893	9b1354225d822f59e4ee81f1168644f20157bedd9a4ca8dc775600bcd88b57a5
W5_Q32_STRUCT_r11/b.txt	40000	de26fb122c71e14f0897bd7291f4239e09c6b67ac7ab0106dba0e3dff7552ed2
W5_Q32_STRUCT_r11/e1_probe.csv	36967	6f0ab1f7f31cc57688fcce724fca0794bbf43aeaf027d75a9fb4f3e77b33f4bd
W5_Q32_STRUCT_r11/process.txt	47	28cec5552cd62f0d36ab027df4c1c960a626b695d0ea16e6b9dfd30709e8f46c
W5_Q32_STRUCT_r11/query.rql	5185	6288696e9eb23a595be8b714850a9df779727c3d99795ad94fe5a6ac0f462b0b
W5_Q32_STRUCT_r11/study.toml	30	d29eeb760c73a10bf13d76141a3d21c7f3f05af9c805422619f6b07129f74ba3
W5_Q32_STRUCT_r11/xqry.err	0	e3b0c44298fc1c149afbf4c8996fb92427ae41e4649b934ca495991b7852b855
W5_Q32_STRUCT_r11/xretractor.log	894	cc01c0ce91b9d9b28741c3e92df717b5d18664dfabd8d99b40fec8394f4180f2
W5_Q32_STRUCT_r12/a.txt	38893	9b1354225d822f59e4ee81f1168644f20157bedd9a4ca8dc775600bcd88b57a5
W5_Q32_STRUCT_r12/b.txt	40000	de26fb122c71e14f0897bd7291f4239e09c6b67ac7ab0106dba0e3dff7552ed2
W5_Q32_STRUCT_r12/e1_probe.csv	36951	08806f69476183d5d924906b054e9e43ada899485d215cba0919a53dc0021870
W5_Q32_STRUCT_r12/process.txt	47	099e893f73c20ad63e5f77d7a82327e9244de7df38e9aa6e4b67eec7685bdc7d
W5_Q32_STRUCT_r12/query.rql	5185	6288696e9eb23a595be8b714850a9df779727c3d99795ad94fe5a6ac0f462b0b
W5_Q32_STRUCT_r12/study.toml	30	d29eeb760c73a10bf13d76141a3d21c7f3f05af9c805422619f6b07129f74ba3
W5_Q32_STRUCT_r12/xqry.err	0	e3b0c44298fc1c149afbf4c8996fb92427ae41e4649b934ca495991b7852b855
W5_Q32_STRUCT_r12/xretractor.log	895	e90b692e4af9ebf1cd059e53191c95c582de50f932d53434822f4d1fc81b4315
W5_Q32_STRUCT_r13/a.txt	38893	9b1354225d822f59e4ee81f1168644f20157bedd9a4ca8dc775600bcd88b57a5
W5_Q32_STRUCT_r13/b.txt	40000	de26fb122c71e14f0897bd7291f4239e09c6b67ac7ab0106dba0e3dff7552ed2
W5_Q32_STRUCT_r13/e1_probe.csv	36963	b2321771dfdf276c3353d8294e73265cc8b13d9d507c775ba31e185de986f3e0
W5_Q32_STRUCT_r13/process.txt	47	7ea9ee54c40ae6fe1ada3224c55a6059a3e13e5d2b100839e885365dacb8cac8
W5_Q32_STRUCT_r13/query.rql	5185	6288696e9eb23a595be8b714850a9df779727c3d99795ad94fe5a6ac0f462b0b
W5_Q32_STRUCT_r13/study.toml	30	d29eeb760c73a10bf13d76141a3d21c7f3f05af9c805422619f6b07129f74ba3
W5_Q32_STRUCT_r13/xqry.err	0	e3b0c44298fc1c149afbf4c8996fb92427ae41e4649b934ca495991b7852b855
W5_Q32_STRUCT_r13/xretractor.log	895	58bdbe276f4fe90f3c524e256f56b356bc5204662712dd45464562a8624f119c
W5_Q32_STRUCT_r14/a.txt	38893	9b1354225d822f59e4ee81f1168644f20157bedd9a4ca8dc775600bcd88b57a5
W5_Q32_STRUCT_r14/b.txt	40000	de26fb122c71e14f0897bd7291f4239e09c6b67ac7ab0106dba0e3dff7552ed2
W5_Q32_STRUCT_r14/e1_probe.csv	36995	d93459e22fa83fb9ad1d9fe46a7ae56aae143b8c8498b449f5f5c794131362b4
W5_Q32_STRUCT_r14/process.txt	47	e5c0346683e296c15d4854aa52394b5b19d098c37d3ea1b563065206491294c5
W5_Q32_STRUCT_r14/query.rql	5185	6288696e9eb23a595be8b714850a9df779727c3d99795ad94fe5a6ac0f462b0b
W5_Q32_STRUCT_r14/study.toml	30	d29eeb760c73a10bf13d76141a3d21c7f3f05af9c805422619f6b07129f74ba3
W5_Q32_STRUCT_r14/xqry.err	0	e3b0c44298fc1c149afbf4c8996fb92427ae41e4649b934ca495991b7852b855
W5_Q32_STRUCT_r14/xretractor.log	894	6e6fc537de1486c64b5855a3aaa17993e53ab5b2218bdc532a6048f1aaba0376
W5_Q32_STRUCT_r15/a.txt	38893	9b1354225d822f59e4ee81f1168644f20157bedd9a4ca8dc775600bcd88b57a5
W5_Q32_STRUCT_r15/b.txt	40000	de26fb122c71e14f0897bd7291f4239e09c6b67ac7ab0106dba0e3dff7552ed2
W5_Q32_STRUCT_r15/e1_probe.csv	36961	0c76a8725ae2301c4e75f09397b5d618c1d89adbca68c3758875a2e2efb03f4f
W5_Q32_STRUCT_r15/process.txt	47	e5c0346683e296c15d4854aa52394b5b19d098c37d3ea1b563065206491294c5
W5_Q32_STRUCT_r15/query.rql	5185	6288696e9eb23a595be8b714850a9df779727c3d99795ad94fe5a6ac0f462b0b
W5_Q32_STRUCT_r15/study.toml	30	d29eeb760c73a10bf13d76141a3d21c7f3f05af9c805422619f6b07129f74ba3
W5_Q32_STRUCT_r15/xqry.err	0	e3b0c44298fc1c149afbf4c8996fb92427ae41e4649b934ca495991b7852b855
W5_Q32_STRUCT_r15/xretractor.log	895	cc493173d5abccf6afea3ccbe6f8066f38b693d11b14d9bf5a1fdc768792497a
