plan,stratum,node,delta_a,delta_b,oracle,local_a,deficit,form
2,HASH,n0,4/25,4/25,1,0,1,1
2,HASH,n1,4/25,4/25,1,0,1,1
9,HC_NONINT,n0,147/1000,5/8,6,0,6,6
10,HC_SHIFT_UNDER_HASH,n0,1/10,147/1000,3,0,3,3
11,HC_INT,n0,1/8,1/8,1,0,1,1
16,HASH,n0,1,1/16,1,0,1,1
23,HC_NONINT,n0,1/16,1,16,0,16,16
23,HC_NONINT,n2,1,1/16,1,0,1,1
25,HC_INT,n0,1/4,1/2,2,0,2,2
30,HASH,n0,5/8,1/4,2,0,2,2
30,HASH,n1,5/8,1/4,2,0,2,2
37,HC_NONINT,n2,1/3,1,3,0,3,3
44,HASH,n0,2/3,1/8,2,0,2,2
51,HC_NONINT,n0,2/3,5/8,2,0,2,2
53,HC_INT,n0,1/2,1/2,1,0,1,1
58,HASH,n0,1,1/3,1,0,1,1
65,HC_NONINT,n0,1/8,2/5,4,0,4,4
72,HASH,n0,1/3,1/3,1,0,1,1
79,HC_NONINT,n0,1/16,1,16,0,16,16
86,HASH,n0,1/10,5/8,7,0,7,7
93,HC_NONINT,n0,1/100,4/25,16,0,16,16
95,HC_INT,n0,2/3,2/3,1,0,1,1
97,HC_DEEP,n0,4/25,1/100,1,0,1,1
100,HASH,n0,1/16,2/5,8,0,8,8
107,HC_NONINT,n0,1/3,3/8,2,0,2,2
114,HASH,n0,1/16,2/3,12,0,12,12
123,HC_INT,n1,1,1/16,1,0,1,1
128,HASH,n0,147/1000,147/1000,1,0,1,1
128,HASH,n2,147/1000,147/1000,1,0,1,1
135,HC_NONINT,n0,147/1000,1/10,2,0,2,2
139,HC_DEEP,n2,1/4,1/10,2,0,2,2
142,HASH,n0,1/100,1/4,25,0,25,25
149,HC_NONINT,n0,2/3,3/10,2,0,2,2
150,HC_SHIFT_UNDER_HASH,n1,1/5,2/3,4,0,4,4
151,HC_INT,n0,1,1,1,0,1,1
151,HC_INT,n1,1,1/4,1,0,1,1
156,HASH,n0,2/3,4/25,2,0,2,2
156,HASH,n1,2/3,4/25,2,0,2,2
163,HC_NONINT,n0,1/16,2/3,12,0,12,12
165,HC_INT,n0,1/100,1/5,20,0,20,20
165,HC_INT,n1,1/5,1/100,1,0,1,1
170,HASH,n0,2/3,1/10,2,0,2,2
179,HC_INT,n0,5/8,1/4,2,0,2,2
184,HASH,n0,1/10,147/1000,3,0,3,3
191,HC_NONINT,n0,1/8,1/5,3,0,3,3
198,HASH,n0,1/10,3/10,3,0,3,3
205,HC_NONINT,n2,1/10,2/3,8,0,8,8
207,HC_INT,n1,1,1,1,0,1,1
212,HASH,n0,1/5,2/3,4,0,4,4
212,HASH,n1,4/25,1/5,2,0,2,2
220,HC_SHIFT_UNDER_HASH,n3,1/100,2/5,40,0,40,40
221,HC_INT,n0,1/10,1/10,1,0,1,1
226,HASH,n0,3/10,2/3,4,0,4,4
233,HC_NONINT,n0,1/4,1/3,2,0,2,2
233,HC_NONINT,n1,2/5,1/3,2,0,2,2
233,HC_NONINT,n5,2/5,1/3,2,0,2,2
235,HC_INT,n0,1/2,1/4,1,0,1,1
240,HASH,n0,1,1/5,1,0,1,1
247,HC_NONINT,n1,1/10,3/10,3,0,3,3
254,HASH,n0,2/3,1/8,2,0,2,2
254,HASH,n1,2/3,2/3,1,0,1,1
261,HC_NONINT,n0,1/3,1/16,2,0,2,2
263,HC_INT,n0,4/25,1/100,1,0,1,1
268,HASH,n0,1/8,147/1000,3,0,3,3
268,HASH,n1,3/10,147/1000,2,0,2,2
282,HASH,n0,1/10,1/10,1,0,1,1
289,HC_NONINT,n1,1/100,147/1000,16,0,16,16
290,HC_SHIFT_UNDER_HASH,n1,1/16,2/3,12,0,12,12
296,HASH,n0,5/8,3/10,2,0,2,2
296,HASH,n1,5/8,3/10,2,0,2,2
305,HC_INT,n0,1/100,1,100,0,100,100
310,HASH,n0,1,147/1000,2,0,2,2
310,HASH,n1,147/1000,1,8,0,8,8
324,HASH,n0,5/8,2/5,2,0,2,2
331,HC_NONINT,n0,1/8,5/8,5,0,5,5
338,HASH,n0,2/5,1/5,1,0,1,1
352,HASH,n0,1/10,2/3,8,0,8,8
352,HASH,n1,3/10,1/10,1,0,1,1
359,HC_NONINT,n0,5/8,3/10,2,0,2,2
360,HC_SHIFT_UNDER_HASH,n0,1/8,1/8,1,0,1,1
363,HC_DEEP,n0,1/4,1/5,2,0,2,2
366,HASH,n0,1/2,1/8,1,0,1,1
373,HC_NONINT,n0,5/8,1/10,2,0,2,2
380,HASH,n0,1,2/5,2,0,2,2
387,HC_NONINT,n0,3/10,1/2,3,0,3,3
389,HC_INT,n0,3/8,1/16,1,0,1,1
394,HASH,n0,1/2,2/3,2,0,2,2
394,HASH,n1,1/2,2/3,2,0,2,2
394,HASH,n2,2/3,1/2,2,0,2,2
401,HC_NONINT,n1,3/10,1/8,2,0,2,2
403,HC_INT,n0,1/10,1/10,1,0,1,1
408,HASH,n0,1/8,3/8,3,0,3,3
408,HASH,n2,1/8,3/8,3,0,3,3
415,HC_NONINT,n0,147/1000,1/3,4,0,4,4
415,HC_NONINT,n2,1/3,147/1000,2,0,2,2
422,HASH,n0,1,1/8,1,0,1,1
422,HASH,n3,1,1/8,1,0,1,1
436,HASH,n0,1/16,1/2,8,0,8,8
436,HASH,n4,1/2,1/16,1,0,1,1
443,HC_NONINT,n1,1/8,1/4,2,0,2,2
450,HASH,n0,2/3,1/3,1,0,1,1
464,HASH,n0,147/1000,1/100,2,0,2,2
464,HASH,n2,147/1000,1/100,2,0,2,2
471,HC_NONINT,n0,2/5,1/5,1,0,1,1
471,HC_NONINT,n2,1/5,2/5,2,0,2,2
473,HC_INT,n0,3/10,1/100,1,0,1,1
478,HASH,n0,2/5,3/10,2,0,2,2
478,HASH,n1,2/5,3/10,2,0,2,2
478,HASH,n3,2/5,3/10,2,0,2,2
485,HC_NONINT,n0,1/100,1/8,13,0,13,13
492,HASH,n0,1/8,3/10,4,0,4,4
499,HC_NONINT,n0,2/3,5/8,2,0,2,2
506,HASH,n0,1/4,1/3,2,0,2,2
513,HC_NONINT,n0,1/8,3/8,3,0,3,3
515,HC_INT,n1,1/4,1/100,1,0,1,1
520,HASH,n0,2/3,1/2,2,0,2,2
527,HC_NONINT,n0,147/1000,1/3,4,0,4,4
527,HC_NONINT,n1,1/100,147/1000,16,0,16,16
527,HC_NONINT,n3,1/3,147/1000,2,0,2,2
534,HASH,n0,2/5,1/5,1,0,1,1
534,HASH,n3,1/5,2/5,2,0,2,2
548,HASH,n0,1/8,2/5,4,0,4,4
555,HC_NONINT,n0,1/16,1/4,4,0,4,4
557,HC_INT,n1,1/5,1/5,1,0,1,1
562,HASH,n0,5/8,1,3,0,3,3
571,HC_INT,n1,1/5,1/10,1,0,1,1
576,HASH,n0,1,1/4,1,0,1,1
576,HASH,n2,1/4,1,4,0,4,4
583,HC_NONINT,n2,1,2/5,2,0,2,2
584,HC_SHIFT_UNDER_HASH,n0,1/4,147/1000,2,0,2,2
585,HC_INT,n0,3/10,1/100,1,0,1,1
585,HC_INT,n1,3/10,1/100,1,0,1,1
587,HC_DEEP,n0,1/4,2/5,3,0,3,3
590,HASH,n0,1/10,1/5,2,0,2,2
597,HC_NONINT,n0,1/5,147/1000,2,0,2,2
599,HC_INT,n0,4/25,1/100,1,0,1,1
601,HC_DEEP,n0,3/8,147/1000,2,0,2,2
604,HASH,n0,1/100,147/1000,16,0,16,16
611,HC_NONINT,n1,1/16,2/5,8,0,8,8
613,HC_INT,n0,1/5,1/5,1,0,1,1
618,HASH,n0,1/10,1/2,5,0,5,5
618,HASH,n2,1/10,1/2,5,0,5,5
625,HC_NONINT,n0,2/5,1/10,1,0,1,1
625,HC_NONINT,n1,2/5,1/10,1,0,1,1
626,HC_SHIFT_UNDER_HASH,n0,1/3,1/16,2,0,2,2
627,HC_INT,n0,1/16,1/4,4,0,4,4
632,HASH,n0,1/10,3/10,3,0,3,3
639,HC_NONINT,n0,3/10,1/2,3,0,3,3
639,HC_NONINT,n2,3/10,1/2,3,0,3,3
646,HASH,n0,1/2,3/10,2,0,2,2
646,HASH,n1,1/3,3/10,2,0,2,2
660,HASH,n0,2/3,2/3,1,0,1,1
660,HASH,n1,2/3,2/3,1,0,1,1
667,HC_NONINT,n2,1/4,1/2,2,0,2,2
669,HC_INT,n0,1/4,1/100,1,0,1,1
669,HC_INT,n3,1/100,1/4,25,0,25,25
674,HASH,n0,2/5,1/2,2,0,2,2
674,HASH,n2,1/2,2/5,2,0,2,2
674,HASH,n3,2/5,1/2,2,0,2,2
681,HC_NONINT,n1,1/16,2/5,8,0,8,8
681,HC_NONINT,n2,1/16,2/5,8,0,8,8
683,HC_INT,n0,1/2,1/16,1,0,1,1
683,HC_INT,n2,1/2,1/16,1,0,1,1
688,HASH,n0,1/5,3/8,3,0,3,3
688,HASH,n1,1/5,3/8,3,0,3,3
695,HC_NONINT,n0,1/16,5/8,10,0,10,10
699,HC_DEEP,n0,3/10,147/1000,2,0,2,2
702,HASH,n0,1,2/3,2,0,2,2
702,HASH,n1,1,2/3,2,0,2,2
709,HC_NONINT,n0,1/4,3/8,2,0,2,2
710,HC_SHIFT_UNDER_HASH,n0,1/5,2/3,4,0,4,4
716,HASH,n0,2/5,2/3,3,0,3,3
716,HASH,n1,2/3,2/5,2,0,2,2
723,HC_NONINT,n1,1/5,2/5,2,0,2,2
724,HC_SHIFT_UNDER_HASH,n1,1/2,1/3,2,0,2,2
730,HASH,n0,4/25,1/3,3,0,3,3
738,HC_SHIFT_UNDER_HASH,n0,147/1000,1,8,0,8,8
744,HASH,n0,4/25,1/5,2,0,2,2
744,HASH,n1,4/25,1/5,2,0,2,2
751,HC_NONINT,n3,1/4,5/8,3,0,3,3
752,HC_SHIFT_UNDER_HASH,n3,4/25,1/16,2,0,2,2
758,HASH,n0,1/3,1/8,2,0,2,2
766,HC_SHIFT_UNDER_HASH,n1,2/5,1/4,2,0,2,2
767,HC_INT,n1,3/8,1/16,1,0,1,1
772,HASH,n0,1/100,3/8,38,0,38,38
772,HASH,n4,3/8,1/100,2,0,2,2
779,HC_NONINT,n0,147/1000,1/3,4,0,4,4
779,HC_NONINT,n2,147/1000,2/5,4,0,4,4
783,HC_DEEP,n2,1/100,1/5,20,0,20,20
783,HC_DEEP,n4,1/5,1/100,1,0,1,1
786,HASH,n0,2/5,5/8,3,0,3,3
786,HASH,n1,2/5,5/8,3,0,3,3
793,HC_NONINT,n1,1/4,4/25,2,0,2,2
795,HC_INT,n1,1/5,1/5,1,0,1,1
800,HASH,n0,1/4,1/100,1,0,1,1
800,HASH,n2,1/2,1/4,1,0,1,1
807,HC_NONINT,n1,4/25,3/10,3,0,3,3
807,HC_NONINT,n5,1/100,4/25,16,0,16,16
814,HASH,n0,3/8,147/1000,2,0,2,2
814,HASH,n3,147/1000,5/8,6,0,6,6
821,HC_NONINT,n0,1/2,1/5,2,0,2,2
822,HC_SHIFT_UNDER_HASH,n2,2/5,1/16,2,0,2,2
823,HC_INT,n0,147/1000,147/1000,1,0,1,1
823,HC_INT,n1,147/1000,147/1000,1,0,1,1
825,HC_DEEP,n0,1/2,1,2,0,2,2
828,HASH,n0,1,2/3,2,0,2,2
835,HC_NONINT,n0,1/5,2/5,2,0,2,2
837,HC_INT,n0,1,1/100,1,0,1,1
842,HASH,n0,1/10,1/100,1,0,1,1
849,HC_NONINT,n0,1/2,1,2,0,2,2
849,HC_NONINT,n2,1/2,2/3,2,0,2,2
851,HC_INT,n0,2/3,1/3,1,0,1,1
856,HASH,n0,3/8,1/2,2,0,2,2
856,HASH,n1,1/2,3/8,2,0,2,2
856,HASH,n2,1/2,3/8,2,0,2,2
856,HASH,n5,1/2,3/8,2,0,2,2
863,HC_NONINT,n0,5/8,1/2,2,0,2,2
870,HASH,n0,5/8,1/10,2,0,2,2
870,HASH,n1,1/10,5/8,7,0,7,7
877,HC_NONINT,n0,3/8,1,4,0,4,4
884,HASH,n0,1/5,2/5,2,0,2,2
898,HASH,n0,1/2,1/10,1,0,1,1
898,HASH,n2,1/2,1/10,1,0,1,1
905,HC_NONINT,n0,147/1000,2/3,6,0,6,6
909,HC_DEEP,n3,1/10,1/2,5,0,5,5
912,HASH,n0,2/3,1/100,2,0,2,2
920,HC_SHIFT_UNDER_HASH,n0,4/25,1/8,2,0,2,2
921,HC_INT,n0,1/16,1/16,1,0,1,1
926,HASH,n0,1/8,5/8,5,0,5,5
926,HASH,n2,1/8,5/8,5,0,5,5
934,HC_SHIFT_UNDER_HASH,n0,4/25,4/25,1,0,1,1
935,HC_INT,n0,1/4,1/4,1,0,1,1
940,HASH,n0,1/16,1/10,3,0,3,3
940,HASH,n1,1/10,1/16,2,0,2,2
947,HC_NONINT,n4,1/8,5/8,5,0,5,5
949,HC_INT,n1,1/3,1,3,0,3,3
949,HC_INT,n2,1/3,1/3,1,0,1,1
954,HASH,n0,1/3,2/5,2,0,2,2
961,HC_NONINT,n1,1/3,147/1000,2,0,2,2
965,HC_DEEP,n0,3/8,1/8,1,0,1,1
968,HASH,n0,2/5,1/100,1,0,1,1
968,HASH,n1,1/100,2/5,40,0,40,40
968,HASH,n2,2/5,2/3,3,0,3,3
975,HC_NONINT,n0,2/3,1/2,2,0,2,2
982,HASH,n0,2/3,1/16,2,0,2,2
989,HC_NONINT,n0,147/1000,2/5,4,0,4,4
991,HC_INT,n0,1/100,2/5,40,0,40,40
996,HASH,n0,1/4,1/100,1,0,1,1
996,HASH,n1,1/100,1/4,25,0,25,25
1003,HC_NONINT,n0,3/8,1/5,2,0,2,2
1004,HC_SHIFT_UNDER_HASH,n3,4/25,2/5,3,0,3,3
1005,HC_INT,n0,1,2/5,2,0,2,2
1010,HASH,n0,1/100,1,100,0,100,100
1024,HASH,n0,1/2,1/8,1,0,1,1
1024,HASH,n1,1/2,1/8,1,0,1,1
1031,HC_NONINT,n0,1/3,1/4,2,0,2,2
1035,HC_DEEP,n0,1/8,5/8,5,0,5,5
1038,HASH,n0,1/10,147/1000,3,0,3,3
1045,HC_NONINT,n0,1/5,3/10,2,0,2,2
1052,HASH,n0,2/3,1/5,2,0,2,2
1059,HC_NONINT,n1,1/8,3/8,3,0,3,3
1066,HASH,n0,5/8,1/8,1,0,1,1
1073,HC_NONINT,n1,147/1000,2/3,6,0,6,6
1080,HASH,n0,1/100,3/10,30,0,30,30
1087,HC_NONINT,n0,1/4,1/2,2,0,2,2
1089,HC_INT,n3,1/2,1/16,1,0,1,1
1094,HASH,n0,1/100,147/1000,16,0,16,16
1101,HC_NONINT,n0,1/10,2/5,4,0,4,4
1108,HASH,n0,1/16,1/10,3,0,3,3
1108,HASH,n1,1/10,1/16,2,0,2,2
1115,HC_NONINT,n1,1/16,1/100,2,0,2,2
1119,HC_DEEP,n0,4/25,1/2,4,0,4,4
1122,HASH,n0,1/8,1/2,4,0,4,4
1136,HASH,n0,3/10,3/10,1,0,1,1
1143,HC_NONINT,n1,4/25,1/3,3,0,3,3
1150,HASH,n0,1/4,1,4,0,4,4
1157,HC_NONINT,n2,1/100,3/10,30,0,30,30
1164,HASH,n0,5/8,1/5,2,0,2,2
1171,HC_NONINT,n0,1/10,1/3,4,0,4,4
1178,HASH,n0,1,2/3,2,0,2,2
1187,HC_INT,n0,1/3,1/3,1,0,1,1
1189,HC_DEEP,n1,1/2,3/10,2,0,2,2
1192,HASH,n0,1/100,2/5,40,0,40,40
1199,HC_NONINT,n0,3/10,5/8,3,0,3,3
1200,HC_SHIFT_UNDER_HASH,n3,2/5,3/10,2,0,2,2
1206,HASH,n0,2/5,1,3,0,3,3
1206,HASH,n3,2/5,1,3,0,3,3
1215,HC_INT,n3,2/5,1/5,1,0,1,1
1220,HASH,n0,1/8,1/5,3,0,3,3
1227,HC_NONINT,n0,2/3,2/3,1,0,1,1
1228,HC_SHIFT_UNDER_HASH,n0,1,1/5,1,0,1,1
1234,HASH,n0,1/4,1/100,1,0,1,1
1234,HASH,n1,1/4,1/100,1,0,1,1
1241,HC_NONINT,n0,1/10,1/16,2,0,2,2
1248,HASH,n0,1/10,2/5,4,0,4,4
1257,HC_INT,n0,1/16,5/8,10,0,10,10
1262,HASH,n0,1/5,1/16,2,0,2,2
1269,HC_NONINT,n0,2/5,2/3,3,0,3,3
1271,HC_INT,n0,1/16,3/10,6,0,6,6
1276,HASH,n0,1/4,3/10,2,0,2,2
1283,HC_NONINT,n0,2/5,1,3,0,3,3
1284,HC_SHIFT_UNDER_HASH,n0,1/2,1/5,2,0,2,2
1284,HC_SHIFT_UNDER_HASH,n4,1/5,1/2,3,0,3,3
1285,HC_INT,n0,1,1/4,1,0,1,1
1290,HASH,n0,1/100,2/3,68,0,68,68
1297,HC_NONINT,n0,4/25,3/8,4,0,4,4
1298,HC_SHIFT_UNDER_HASH,n5,1/16,1/3,6,0,6,6
1304,HASH,n0,1/4,1/4,1,0,1,1
1304,HASH,n1,1/4,1/4,1,0,1,1
1311,HC_NONINT,n0,4/25,2/3,5,0,5,5
1311,HC_NONINT,n1,4/25,2/3,5,0,5,5
1312,HC_SHIFT_UNDER_HASH,n2,1/8,1/10,2,0,2,2
1315,HC_DEEP,n2,1/2,5/8,2,0,2,2
1318,HASH,n0,3/8,1/2,2,0,2,2
1325,HC_NONINT,n0,1/2,5/8,2,0,2,2
1326,HC_SHIFT_UNDER_HASH,n4,2/5,1/4,2,0,2,2
1332,HASH,n0,4/25,1/100,1,0,1,1
1340,HC_SHIFT_UNDER_HASH,n2,147/1000,2/3,6,0,6,6
1346,HASH,n0,1/16,147/1000,4,0,4,4
1346,HASH,n1,1/16,1/100,2,0,2,2
1346,HASH,n2,1/16,147/1000,4,0,4,4
1346,HASH,n4,147/1000,1/100,2,0,2,2
1353,HC_NONINT,n1,1/4,1/3,2,0,2,2
1360,HASH,n0,2/5,3/8,2,0,2,2
1367,HC_NONINT,n0,1/2,1,2,0,2,2
1369,HC_INT,n1,1/4,1/16,1,0,1,1
1371,HC_DEEP,n4,3/8,1/3,2,0,2,2
1374,HASH,n0,1/2,1,2,0,2,2
1381,HC_NONINT,n0,1/10,4/25,3,0,3,3
1388,HASH,n0,1/100,2/3,68,0,68,68
1388,HASH,n2,2/3,1/100,2,0,2,2
1395,HC_NONINT,n0,3/8,1/3,2,0,2,2
1396,HC_SHIFT_UNDER_HASH,n2,2/3,1/8,2,0,2,2
1402,HASH,n0,1/8,1/2,4,0,4,4
1402,HASH,n1,1/2,1/2,1,0,1,1
1402,HASH,n3,1/8,1/2,4,0,4,4
1409,HC_NONINT,n0,2/3,1/4,2,0,2,2
1413,HC_DEEP,n0,1/16,1/4,4,0,4,4
1416,HASH,n0,1/4,1/8,1,0,1,1
1416,HASH,n1,1/8,1/4,2,0,2,2
1416,HASH,n2,1/4,1/8,1,0,1,1
1423,HC_NONINT,n0,1/10,1/16,2,0,2,2
1423,HC_NONINT,n1,1/10,1/16,2,0,2,2
1425,HC_INT,n0,1/8,1/8,1,0,1,1
1430,HASH,n0,5/8,1,3,0,3,3
1430,HASH,n1,4/25,1,7,0,7,7
1437,HC_NONINT,n0,1/100,3/10,30,0,30,30
1444,HASH,n0,1/3,1/16,2,0,2,2
1451,HC_NONINT,n0,1/8,1/4,2,0,2,2
1453,HC_INT,n1,2/3,2/3,1,0,1,1
1453,HC_INT,n3,4/25,2/3,5,0,5,5
1458,HASH,n0,147/1000,1/5,3,0,3,3
1465,HC_NONINT,n2,1/16,3/10,6,0,6,6
1467,HC_INT,n0,1/5,1/5,1,0,1,1
1472,HASH,n0,1/16,1/100,2,0,2,2
1472,HASH,n1,1/100,1/16,7,0,7,7
1479,HC_NONINT,n2,1/10,1/3,4,0,4,4
1486,HASH,n0,2/5,5/8,3,0,3,3
1493,HC_NONINT,n2,2/5,2/5,1,0,1,1
1494,HC_SHIFT_UNDER_HASH,n0,1/10,2/5,4,0,4,4
1497,HC_DEEP,n0,1/5,4/25,2,0,2,2
1500,HASH,n0,147/1000,147/1000,1,0,1,1
1507,HC_NONINT,n1,5/8,4/25,2,0,2,2
1514,HASH,n0,1/4,3/10,2,0,2,2
1514,HASH,n1,1/4,3/10,2,0,2,2
1521,HC_NONINT,n0,4/25,5/8,5,0,5,5
1523,HC_INT,n2,2/3,2/3,1,0,1,1
1528,HASH,n0,1/16,1/16,1,0,1,1
1535,HC_NONINT,n0,1/8,1/3,4,0,4,4
1537,HC_INT,n1,4/25,4/25,1,0,1,1
1539,HC_DEEP,n1,1/16,1,16,0,16,16
1542,HASH,n0,2/5,1/3,2,0,2,2
1549,HC_NONINT,n2,4/25,147/1000,2,0,2,2
1551,HC_INT,n1,1/2,1/4,1,0,1,1
1556,HASH,n0,147/1000,1/4,3,0,3,3
1556,HASH,n1,1/4,147/1000,2,0,2,2
1563,HC_NONINT,n0,4/25,1,7,0,7,7
1564,HC_SHIFT_UNDER_HASH,n3,1/8,2/3,6,0,6,6
1570,HASH,n0,5/8,1/16,1,0,1,1
1570,HASH,n2,5/8,1/16,1,0,1,1
1577,HC_NONINT,n4,1/3,1/100,2,0,2,2
1579,HC_INT,n0,3/8,3/8,1,0,1,1
1584,HASH,n0,1/2,1/3,2,0,2,2
1591,HC_NONINT,n1,2/5,3/10,2,0,2,2
1593,HC_INT,n0,1,1,1,0,1,1
1593,HC_INT,n1,1,1,1,0,1,1
1598,HASH,n0,1/2,5/8,2,0,2,2
1605,HC_NONINT,n0,1/4,1/5,2,0,2,2
1607,HC_INT,n0,3/8,1/16,1,0,1,1
1612,HASH,n0,4/25,3/10,3,0,3,3
1619,HC_NONINT,n0,1/3,1/2,2,0,2,2
1620,HC_SHIFT_UNDER_HASH,n3,147/1000,2/5,4,0,4,4
1626,HASH,n0,1/8,2/3,6,0,6,6
1633,HC_NONINT,n1,1/16,5/8,10,0,10,10
1634,HC_SHIFT_UNDER_HASH,n1,1/10,4/25,3,0,3,3
1640,HASH,n0,5/8,2/5,2,0,2,2
1647,HC_NONINT,n0,147/1000,2/3,6,0,6,6
1647,HC_NONINT,n1,2/3,147/1000,2,0,2,2
1649,HC_INT,n0,1,1/10,1,0,1,1
1654,HASH,n0,1/5,1/5,1,0,1,1
1654,HASH,n1,1/5,1/5,1,0,1,1
1665,HC_DEEP,n2,2/3,1/5,2,0,2,2
1668,HASH,n0,2/3,1,2,0,2,2
1668,HASH,n1,1,1/4,1,0,1,1
1668,HASH,n2,2/3,1,2,0,2,2
1675,HC_NONINT,n2,147/1000,1/2,5,0,5,5
1677,HC_INT,n0,4/25,1/100,1,0,1,1
1682,HASH,n0,1/5,3/8,3,0,3,3
1682,HASH,n2,4/25,1/5,2,0,2,2
1689,HC_NONINT,n0,1/100,147/1000,16,0,16,16
1691,HC_INT,n0,3/10,2/5,2,0,2,2
1696,HASH,n0,4/25,1/10,2,0,2,2
1703,HC_NONINT,n0,1/3,1,3,0,3,3
1703,HC_NONINT,n2,1,1/3,1,0,1,1
1710,HASH,n0,5/8,1/10,2,0,2,2
1710,HASH,n1,5/8,1/10,2,0,2,2
1717,HC_NONINT,n0,2/5,2/3,3,0,3,3
1717,HC_NONINT,n1,2/3,2/5,2,0,2,2
1719,HC_INT,n1,1/8,1/16,1,0,1,1
1724,HASH,n0,3/10,147/1000,2,0,2,2
1724,HASH,n1,147/1000,3/10,4,0,4,4
1733,HC_INT,n1,1/4,1/4,1,0,1,1
1733,HC_INT,n3,147/1000,1/4,3,0,3,3
1738,HASH,n0,1,3/8,2,0,2,2
1738,HASH,n2,3/8,1,4,0,4,4
1738,HASH,n3,3/8,4/25,2,0,2,2
1745,HC_NONINT,n3,147/1000,1/16,2,0,2,2
1746,HC_SHIFT_UNDER_HASH,n2,1/3,5/8,3,0,3,3
1747,HC_INT,n2,1/5,1/5,1,0,1,1
1752,HASH,n0,3/8,1/8,1,0,1,1
1761,HC_INT,n1,2/5,1/5,1,0,1,1
1766,HASH,n0,2/5,3/10,2,0,2,2
1773,HC_NONINT,n0,5/8,147/1000,2,0,2,2
1777,HC_DEEP,n2,1,1/4,1,0,1,1
1780,HASH,n0,2/3,1/4,2,0,2,2
1780,HASH,n1,1/100,1/4,25,0,25,25
1787,HC_NONINT,n0,2/3,1/2,2,0,2,2
1789,HC_INT,n2,1/100,1/4,25,0,25,25
1794,HASH,n0,1/4,147/1000,2,0,2,2
1801,HC_NONINT,n0,1/10,1/16,2,0,2,2
1802,HC_SHIFT_UNDER_HASH,n0,1/4,2/3,4,0,4,4
1803,HC_INT,n5,1,3/10,2,0,2,2
1808,HASH,n0,1/100,1/4,25,0,25,25
1808,HASH,n1,1/4,1/100,1,0,1,1
1817,HC_INT,n0,1/10,1/4,3,0,3,3
1822,HASH,n0,3/10,1,4,0,4,4
1829,HC_NONINT,n0,1/16,1/10,3,0,3,3
1836,HASH,n0,2/5,147/1000,2,0,2,2
1845,HC_INT,n1,2/5,1/5,1,0,1,1
1850,HASH,n0,1/16,1/2,8,0,8,8
1850,HASH,n2,1/2,1/16,1,0,1,1
1859,HC_INT,n1,3/10,1/100,1,0,1,1
1864,HASH,n0,4/25,1/8,2,0,2,2
1871,HC_NONINT,n0,5/8,1/3,2,0,2,2
1873,HC_INT,n1,1/2,1/2,1,0,1,1
1878,HASH,n0,1/100,1/16,7,0,7,7
1885,HC_NONINT,n1,2/5,2/3,3,0,3,3
1885,HC_NONINT,n3,1/3,2/5,2,0,2,2
1886,HC_SHIFT_UNDER_HASH,n0,2/3,1/4,2,0,2,2
1886,HC_SHIFT_UNDER_HASH,n4,1/4,2/3,4,0,4,4
1892,HASH,n0,1/3,147/1000,2,0,2,2
1906,HASH,n0,5/8,2/5,2,0,2,2
1906,HASH,n1,5/8,2/5,2,0,2,2
1913,HC_NONINT,n0,1/100,4/25,16,0,16,16
1920,HASH,n0,1,1/2,1,0,1,1
1920,HASH,n2,1/2,1,2,0,2,2
1927,HC_NONINT,n0,1/4,1/3,2,0,2,2
1934,HASH,n0,1/10,1/3,4,0,4,4
1941,HC_NONINT,n0,5/8,1/100,2,0,2,2
1943,HC_INT,n0,1/100,1/100,1,0,1,1
1948,HASH,n0,2/5,1/8,2,0,2,2
1948,HASH,n1,2/5,1/8,2,0,2,2
1948,HASH,n2,1/8,2/5,4,0,4,4
1962,HASH,n0,147/1000,1/100,2,0,2,2
1962,HASH,n1,147/1000,1/100,2,0,2,2
1969,HC_NONINT,n0,4/25,1/5,2,0,2,2
1971,HC_INT,n0,1,1/5,1,0,1,1
1976,HASH,n0,4/25,1/100,1,0,1,1
1983,HC_NONINT,n4,147/1000,1/100,2,0,2,2
1990,HASH,n0,5/8,1/8,1,0,1,1
1997,HC_NONINT,n0,147/1000,1/8,2,0,2,2
1998,HC_SHIFT_UNDER_HASH,n1,3/8,1/2,2,0,2,2
1999,HC_INT,n0,1/5,1/100,1,0,1,1
2004,HASH,n0,5/8,1/8,1,0,1,1
2013,HC_INT,n0,5/8,1/4,2,0,2,2
2018,HASH,n0,2/3,1/16,2,0,2,2
2018,HASH,n1,1/16,2/3,12,0,12,12
2032,HASH,n0,2/3,2/5,2,0,2,2
2039,HC_NONINT,n2,1/10,5/8,7,0,7,7
2046,HASH,n0,1/16,1/5,4,0,4,4
2046,HASH,n2,1/16,1/5,4,0,4,4
2053,HC_NONINT,n3,1/2,2/3,2,0,2,2
2055,HC_INT,n2,1/3,1/3,1,0,1,1
2060,HASH,n0,5/8,2/3,2,0,2,2
2067,HC_NONINT,n0,4/25,1/16,2,0,2,2
2068,HC_SHIFT_UNDER_HASH,n0,5/8,1/100,2,0,2,2
2074,HASH,n0,1,1/5,1,0,1,1
2088,HASH,n0,3/8,1/100,2,0,2,2
2095,HC_NONINT,n0,1/100,5/8,63,0,63,63
2102,HASH,n0,1/16,2/5,8,0,8,8
2111,HC_INT,n0,1,1/8,1,0,1,1
2113,HC_DEEP,n0,147/1000,3/10,4,0,4,4
2116,HASH,n0,147/1000,1/3,4,0,4,4
2123,HC_NONINT,n0,1/100,1/10,10,0,10,10
2124,HC_SHIFT_UNDER_HASH,n0,3/10,2/3,4,0,4,4
2125,HC_INT,n0,1,1,1,0,1,1
2130,HASH,n0,1/8,2/5,4,0,4,4
2130,HASH,n2,2/5,1/8,2,0,2,2
2130,HASH,n3,1/8,2/5,4,0,4,4
2137,HC_NONINT,n1,4/25,147/1000,2,0,2,2
2139,HC_INT,n2,1/2,1/4,1,0,1,1
2144,HASH,n0,1/8,1/16,1,0,1,1
2144,HASH,n1,1/16,1/16,1,0,1,1
2151,HC_NONINT,n1,3/8,3/8,1,0,1,1
2158,HASH,n0,1/5,4/25,2,0,2,2
2158,HASH,n1,1/5,4/25,2,0,2,2
2165,HC_NONINT,n1,3/8,1,4,0,4,4
2172,HASH,n0,1/4,2/5,3,0,3,3
2172,HASH,n5,2/3,2/5,2,0,2,2
2180,HC_SHIFT_UNDER_HASH,n0,1/3,1/3,1,0,1,1
2181,HC_INT,n2,3/8,1/16,1,0,1,1
2186,HASH,n0,1/10,2/5,4,0,4,4
2186,HASH,n1,2/5,3/8,2,0,2,2
2186,HASH,n2,2/5,1/10,1,0,1,1
2194,HC_SHIFT_UNDER_HASH,n0,1,1/8,1,0,1,1
2197,HC_DEEP,n0,1,4/25,2,0,2,2
2200,HASH,n0,2/3,1/2,2,0,2,2
2207,HC_NONINT,n0,1/5,4/25,2,0,2,2
2209,HC_INT,n0,1/4,1/16,1,0,1,1
2214,HASH,n0,1/8,1/100,2,0,2,2
2214,HASH,n1,5/8,1/8,1,0,1,1
2221,HC_NONINT,n0,1,4/25,2,0,2,2
2222,HC_SHIFT_UNDER_HASH,n2,1/16,2/3,12,0,12,12
2228,HASH,n0,1/3,1/100,2,0,2,2
2235,HC_NONINT,n0,1/16,1,16,0,16,16
2237,HC_INT,n3,2/3,1/2,2,0,2,2
2242,HASH,n0,4/25,2/3,5,0,5,5
2249,HC_NONINT,n3,1/3,3/8,2,0,2,2
2256,HASH,n0,5/8,1/3,2,0,2,2
2256,HASH,n1,5/8,1/3,2,0,2,2
2263,HC_NONINT,n2,1/3,1,3,0,3,3
2270,HASH,n0,5/8,1/8,1,0,1,1
2277,HC_NONINT,n0,4/25,147/1000,2,0,2,2
2279,HC_INT,n0,3/10,1/100,1,0,1,1
2281,HC_DEEP,n1,4/25,5/8,5,0,5,5
2284,HASH,n0,1/3,4/25,2,0,2,2
2293,HC_INT,n1,1/2,1/8,1,0,1,1
2298,HASH,n0,1/5,1/10,1,0,1,1
2312,HASH,n0,5/8,2/3,2,0,2,2
2319,HC_NONINT,n0,2/3,1/8,2,0,2,2
2326,HASH,n0,2/3,1/8,2,0,2,2
2326,HASH,n1,1/8,2/3,6,0,6,6
2335,HC_INT,n4,1/2,1/4,1,0,1,1
2337,HC_DEEP,n1,1/4,1/10,2,0,2,2
2340,HASH,n0,1,2/5,2,0,2,2
2340,HASH,n2,2/5,1/2,2,0,2,2
2347,HC_NONINT,n0,1/3,1/3,1,0,1,1
2349,HC_INT,n1,1/2,1/4,1,0,1,1
2354,HASH,n0,1/2,1/16,1,0,1,1
2361,HC_NONINT,n0,1/4,1,4,0,4,4
2363,HC_INT,n1,2/5,1/100,1,0,1,1
2368,HASH,n0,1/16,1,16,0,16,16
2368,HASH,n2,1/16,1,16,0,16,16
2375,HC_NONINT,n0,3/8,1/2,2,0,2,2
2379,HC_DEEP,n0,2/3,3/10,2,0,2,2
2382,HASH,n0,147/1000,2/3,6,0,6,6
2382,HASH,n1,147/1000,147/1000,1,0,1,1
2382,HASH,n2,147/1000,147/1000,1,0,1,1
2382,HASH,n3,147/1000,147/1000,1,0,1,1
2396,HASH,n0,1,147/1000,2,0,2,2
2403,HC_NONINT,n1,4/25,3/8,4,0,4,4
2410,HASH,n0,147/1000,1/8,2,0,2,2
2419,HC_INT,n0,1/16,1/16,1,0,1,1
2424,HASH,n0,1/3,1/8,2,0,2,2
2438,HASH,n0,1/10,1/3,4,0,4,4
2447,HC_INT,n1,5/8,5/8,1,0,1,1
2452,HASH,n0,1/2,4/25,2,0,2,2
2452,HASH,n4,1/2,4/25,2,0,2,2
2459,HC_NONINT,n1,1,147/1000,2,0,2,2
2460,HC_SHIFT_UNDER_HASH,n2,1/100,1/5,20,0,20,20
2461,HC_INT,n2,2/3,4/25,2,0,2,2
2466,HASH,n0,5/8,1/8,1,0,1,1
2466,HASH,n1,1/8,5/8,5,0,5,5
2466,HASH,n2,5/8,1/8,1,0,1,1
2480,HASH,n0,1/2,1/5,2,0,2,2
2489,HC_INT,n2,2/3,2/3,1,0,1,1
2494,HASH,n0,1/100,1/100,1,0,1,1
2501,HC_NONINT,n0,3/8,1/5,2,0,2,2
2502,HC_SHIFT_UNDER_HASH,n1,5/8,147/1000,2,0,2,2
2505,HC_DEEP,n1,3/10,3/8,2,0,2,2
2505,HC_DEEP,n2,3/8,3/10,2,0,2,2
2508,HASH,n0,2/3,2/3,1,0,1,1
2508,HASH,n1,2/3,1/10,2,0,2,2
2508,HASH,n3,2/3,1/10,2,0,2,2
2522,HASH,n0,2/5,1/5,1,0,1,1
2529,HC_NONINT,n1,1/100,5/8,63,0,63,63
2533,HC_DEEP,n0,1/10,1/5,2,0,2,2
2536,HASH,n0,4/25,1/16,2,0,2,2
2543,HC_NONINT,n4,1/100,1/4,25,0,25,25
2550,HASH,n0,5/8,147/1000,2,0,2,2
2550,HASH,n1,147/1000,5/8,6,0,6,6
2557,HC_NONINT,n0,147/1000,2/3,6,0,6,6
2558,HC_SHIFT_UNDER_HASH,n0,1/100,147/1000,16,0,16,16
2559,HC_INT,n0,3/10,1/100,1,0,1,1
2564,HASH,n0,1/4,1,4,0,4,4
2564,HASH,n5,1,1/4,1,0,1,1
2571,HC_NONINT,n1,2/3,1/2,2,0,2,2
2578,HASH,n0,1/100,3/8,38,0,38,38
2578,HASH,n1,3/8,1/100,2,0,2,2
2578,HASH,n2,1/100,3/8,38,0,38,38
2578,HASH,n5,1/100,3/8,38,0,38,38
2586,HC_SHIFT_UNDER_HASH,n1,1/5,1/8,2,0,2,2
2587,HC_INT,n0,3/8,1/8,1,0,1,1
2592,HASH,n0,2/3,1/10,2,0,2,2
2592,HASH,n2,2/3,1/10,2,0,2,2
2601,HC_INT,n1,1,1/100,1,0,1,1
2606,HASH,n0,1/5,1,5,0,5,5
2606,HASH,n2,1/5,1,5,0,5,5
2613,HC_NONINT,n0,1/8,1/10,2,0,2,2
2620,HASH,n0,2/5,2/5,1,0,1,1
2627,HC_NONINT,n0,2/3,3/10,2,0,2,2
2634,HASH,n0,147/1000,1/4,3,0,3,3
2634,HASH,n1,147/1000,1/4,3,0,3,3
2641,HC_NONINT,n0,4/25,1/16,2,0,2,2
2642,HC_SHIFT_UNDER_HASH,n0,3/10,1,4,0,4,4
2645,HC_DEEP,n3,3/8,3/8,1,0,1,1
2648,HASH,n0,1/4,5/8,3,0,3,3
2655,HC_NONINT,n0,2/5,1,3,0,3,3
2655,HC_NONINT,n1,1,2/5,2,0,2,2
2662,HASH,n0,1/100,2/5,40,0,40,40
2669,HC_NONINT,n2,1/3,1/2,2,0,2,2
2676,HASH,n0,3/8,4/25,2,0,2,2
2676,HASH,n1,4/25,3/8,4,0,4,4
2685,HC_INT,n1,1/10,1/100,1,0,1,1
2690,HASH,n0,2/3,5/8,2,0,2,2
2697,HC_NONINT,n1,4/25,1/5,2,0,2,2
2699,HC_INT,n0,2/3,1/3,1,0,1,1
2704,HASH,n0,1/100,1/5,20,0,20,20
2704,HASH,n2,1/100,1/16,7,0,7,7
2711,HC_NONINT,n0,1/8,3/8,3,0,3,3
2713,HC_INT,n0,1/8,1/3,4,0,4,4
2718,HASH,n0,147/1000,2/3,6,0,6,6
2718,HASH,n2,147/1000,2/3,6,0,6,6
2725,HC_NONINT,n1,1/8,2/5,4,0,4,4
2729,HC_DEEP,n2,2/5,1/16,2,0,2,2
2732,HASH,n0,1/10,2/5,4,0,4,4
2739,HC_NONINT,n0,1/4,2/3,4,0,4,4
2746,HASH,n0,1/3,5/8,3,0,3,3
2753,HC_NONINT,n2,1/10,1/5,2,0,2,2
2760,HASH,n0,1/3,1/5,2,0,2,2
2767,HC_NONINT,n0,1/8,2/3,6,0,6,6
2774,HASH,n0,1/10,1,10,0,10,10
2774,HASH,n1,1/10,1,10,0,10,10
2785,HC_DEEP,n2,1/4,1/2,2,0,2,2
2788,HASH,n0,1/8,1/8,1,0,1,1
2796,HC_SHIFT_UNDER_HASH,n1,2/5,3/8,2,0,2,2
2802,HASH,n0,5/8,1/100,2,0,2,2
2811,HC_INT,n0,1/2,1/5,2,0,2,2
2816,HASH,n0,5/8,1,3,0,3,3
2816,HASH,n1,5/8,1,3,0,3,3
2816,HASH,n2,5/8,1,3,0,3,3
2823,HC_NONINT,n0,1/3,3/8,2,0,2,2
2830,HASH,n0,3/10,1/16,2,0,2,2
2830,HASH,n1,1/16,3/10,6,0,6,6
2830,HASH,n2,1/16,3/10,6,0,6,6
2837,HC_NONINT,n0,1/100,1,100,0,100,100
2839,HC_INT,n1,1/4,5/8,3,0,3,3
2844,HASH,n0,1/8,2/3,6,0,6,6
2844,HASH,n1,1/8,2/3,6,0,6,6
2844,HASH,n2,1/8,2/3,6,0,6,6
2851,HC_NONINT,n1,3/8,1/3,2,0,2,2
2858,HASH,n0,1/5,1/100,1,0,1,1
2865,HC_NONINT,n1,1/5,147/1000,2,0,2,2
2872,HASH,n0,4/25,2/3,5,0,5,5
2879,HC_NONINT,n0,1/100,147/1000,16,0,16,16
2881,HC_INT,n2,2/5,1/4,2,0,2,2
2886,HASH,n0,1/2,3/8,2,0,2,2
2886,HASH,n1,1/2,1/10,1,0,1,1
2893,HC_NONINT,n0,1/3,1/5,2,0,2,2
2893,HC_NONINT,n4,1/5,1/3,3,0,3,3
2895,HC_INT,n0,1,1/5,1,0,1,1
2900,HASH,n0,1/4,1/4,1,0,1,1
2907,HC_NONINT,n0,1/10,2/5,4,0,4,4
2908,HC_SHIFT_UNDER_HASH,n0,5/8,1,3,0,3,3
2908,HC_SHIFT_UNDER_HASH,n3,5/8,5/8,1,0,1,1
2909,HC_INT,n0,2/5,1/10,1,0,1,1
2914,HASH,n0,1/100,1/5,20,0,20,20
2914,HASH,n1,1/100,1/5,20,0,20,20
2921,HC_NONINT,n0,2/5,4/25,2,0,2,2
2923,HC_INT,n0,147/1000,3/10,4,0,4,4
2928,HASH,n0,1/8,2/5,4,0,4,4
2935,HC_NONINT,n1,2/3,1/10,2,0,2,2
2942,HASH,n0,3/8,1/100,2,0,2,2
2956,HASH,n0,1,1/2,1,0,1,1
2963,HC_NONINT,n0,5/8,1/3,2,0,2,2
2967,HC_DEEP,n3,147/1000,1/16,2,0,2,2
2970,HASH,n0,1/3,147/1000,2,0,2,2
2977,HC_NONINT,n0,1/5,147/1000,2,0,2,2
2984,HASH,n0,2/5,5/8,3,0,3,3
2984,HASH,n1,2/5,5/8,3,0,3,3
2993,HC_INT,n1,3/8,1/16,1,0,1,1
2998,HASH,n0,1/2,2/5,2,0,2,2
3005,HC_NONINT,n0,1/5,1,5,0,5,5
3006,HC_SHIFT_UNDER_HASH,n0,1/100,1,100,0,100,100
3007,HC_INT,n0,1/100,2/5,40,0,40,40
3012,HASH,n0,1/100,5/8,63,0,63,63
3021,HC_INT,n0,3/10,1/10,1,0,1,1
3026,HASH,n0,2/3,147/1000,2,0,2,2
3033,HC_NONINT,n0,4/25,3/10,3,0,3,3
3033,HC_NONINT,n1,4/25,3/10,3,0,3,3
3035,HC_INT,n1,2/3,1/5,2,0,2,2
3040,HASH,n0,1/8,3/10,4,0,4,4
3040,HASH,n1,1/8,1/8,1,0,1,1
3040,HASH,n2,1/8,1/8,1,0,1,1
3047,HC_NONINT,n0,3/10,1/100,1,0,1,1
3049,HC_INT,n0,1/2,1/100,1,0,1,1
3054,HASH,n0,1/4,2/3,4,0,4,4
3061,HC_NONINT,n2,2/5,2/3,3,0,3,3
3062,HC_SHIFT_UNDER_HASH,n0,4/25,1/16,2,0,2,2
3068,HASH,n0,3/10,4/25,2,0,2,2
3075,HC_NONINT,n0,147/1000,1/2,5,0,5,5
3082,HASH,n0,1/10,4/25,3,0,3,3
3082,HASH,n2,4/25,4/25,1,0,1,1
3089,HC_NONINT,n2,1/16,1/4,4,0,4,4
3091,HC_INT,n0,1/4,1/16,1,0,1,1
3096,HASH,n0,2/3,1,2,0,2,2
3096,HASH,n2,2/3,1,2,0,2,2
3103,HC_NONINT,n0,5/8,2/5,2,0,2,2
3110,HASH,n0,1,1/4,1,0,1,1
3110,HASH,n1,1,1/4,1,0,1,1
3110,HASH,n2,1/4,1,4,0,4,4
3117,HC_NONINT,n0,1/16,1/4,4,0,4,4
3124,HASH,n0,4/25,2/3,5,0,5,5
3124,HASH,n1,2/3,4/25,2,0,2,2
3138,HASH,n0,1/10,1,10,0,10,10
3145,HC_NONINT,n2,147/1000,1/100,2,0,2,2
3147,HC_INT,n0,1/16,1/16,1,0,1,1
3152,HASH,n0,1/5,1/100,1,0,1,1
3152,HASH,n1,1/100,1/5,20,0,20,20
3159,HC_NONINT,n1,4/25,1,7,0,7,7
3161,HC_INT,n1,2/3,1/4,2,0,2,2
3166,HASH,n0,1/5,1/4,2,0,2,2
3173,HC_NONINT,n0,1/5,3/10,2,0,2,2
3177,HC_DEEP,n1,147/1000,1/8,2,0,2,2
3180,HASH,n0,3/10,1/2,3,0,3,3
3187,HC_NONINT,n0,2/3,5/8,2,0,2,2
3191,HC_DEEP,n2,1/3,1,3,0,3,3
3194,HASH,n0,1/8,1/2,4,0,4,4
3194,HASH,n1,1/8,1/2,4,0,4,4
3201,HC_NONINT,n1,1/2,4/25,2,0,2,2
3201,HC_NONINT,n3,1/2,5/8,2,0,2,2
3208,HASH,n0,1/16,3/10,6,0,6,6
3208,HASH,n1,1/16,3/10,6,0,6,6
3215,HC_NONINT,n1,1/8,3/8,3,0,3,3
3222,HASH,n0,1,2/3,2,0,2,2
3229,HC_NONINT,n0,2/3,1/5,2,0,2,2
3236,HASH,n0,1/16,1,16,0,16,16
3236,HASH,n1,1,1/16,1,0,1,1
3243,HC_NONINT,n0,1/10,1,10,0,10,10
3244,HC_SHIFT_UNDER_HASH,n0,1/3,147/1000,2,0,2,2
3247,HC_DEEP,n0,147/1000,147/1000,1,0,1,1
3250,HASH,n0,3/10,1/16,2,0,2,2
3250,HASH,n1,1/16,3/10,6,0,6,6
3250,HASH,n2,1/16,3/10,6,0,6,6
3257,HC_NONINT,n0,1/8,1/8,1,0,1,1
3257,HC_NONINT,n1,1/8,1/8,1,0,1,1
3258,HC_SHIFT_UNDER_HASH,n1,5/8,1/16,1,0,1,1
3261,HC_DEEP,n0,1/3,5/8,3,0,3,3
3264,HASH,n0,5/8,1/16,1,0,1,1
3271,HC_NONINT,n0,3/10,2/3,4,0,4,4
3272,HC_SHIFT_UNDER_HASH,n1,1/8,147/1000,3,0,3,3
3273,HC_INT,n1,4/25,4/25,1,0,1,1
3278,HASH,n0,1/8,1/4,2,0,2,2
3285,HC_NONINT,n0,2/3,1/5,2,0,2,2
3287,HC_INT,n0,3/8,2/5,2,0,2,2
3287,HC_INT,n1,3/8,2/5,2,0,2,2
3292,HASH,n0,1/4,1/2,2,0,2,2
3292,HASH,n2,1/4,1/2,2,0,2,2
3292,HASH,n4,1/4,1/3,2,0,2,2
3299,HC_NONINT,n1,2/3,1/16,2,0,2,2
3306,HASH,n0,4/25,1/16,2,0,2,2
3313,HC_NONINT,n0,5/8,1,3,0,3,3
3313,HC_NONINT,n1,1,5/8,2,0,2,2
3314,HC_SHIFT_UNDER_HASH,n0,4/25,2/5,3,0,3,3
3320,HASH,n0,1/5,1,5,0,5,5
3327,HC_NONINT,n0,3/10,3/10,1,0,1,1
3328,HC_SHIFT_UNDER_HASH,n0,1/100,3/8,38,0,38,38
3329,HC_INT,n0,1/3,1/3,1,0,1,1
3334,HASH,n0,147/1000,1/5,3,0,3,3
3334,HASH,n1,147/1000,2/5,4,0,4,4
3348,HASH,n0,1/4,3/10,2,0,2,2
3357,HC_INT,n0,147/1000,4/25,3,0,3,3
3357,HC_INT,n1,147/1000,4/25,3,0,3,3
3359,HC_DEEP,n0,3/8,2/3,3,0,3,3
3362,HASH,n0,1/5,1/5,1,0,1,1
3362,HASH,n2,1/5,1/5,1,0,1,1
3373,HC_DEEP,n0,1/2,1/2,1,0,1,1
3376,HASH,n0,4/25,1/3,3,0,3,3
3383,HC_NONINT,n0,2/3,1/8,2,0,2,2
3385,HC_INT,n0,1/2,1/16,1,0,1,1
3390,HASH,n0,2/5,2/3,3,0,3,3
3404,HASH,n0,1/5,2/5,2,0,2,2
3413,HC_INT,n0,1,1,1,0,1,1
3415,HC_DEEP,n1,1/10,2/5,4,0,4,4
3415,HC_DEEP,n2,3/8,1/10,2,0,2,2
3415,HC_DEEP,n5,1/10,3/8,5,0,5,5
3418,HASH,n0,1/2,1/8,1,0,1,1
3418,HASH,n1,1/2,1/8,1,0,1,1
3418,HASH,n2,1/8,2/5,4,0,4,4
3425,HC_NONINT,n0,5/8,147/1000,2,0,2,2
3427,HC_INT,n0,1,1,1,0,1,1
3432,HASH,n0,147/1000,5/8,6,0,6,6
3432,HASH,n1,5/8,147/1000,2,0,2,2
3439,HC_NONINT,n0,1/4,2/5,3,0,3,3
3440,HC_SHIFT_UNDER_HASH,n2,3/10,147/1000,2,0,2,2
3446,HASH,n0,1,3/8,2,0,2,2
3446,HASH,n1,3/8,1/5,2,0,2,2
3453,HC_NONINT,n2,1/2,1/3,2,0,2,2
3454,HC_SHIFT_UNDER_HASH,n0,2/5,1/4,2,0,2,2
3460,HASH,n0,3/8,1/5,2,0,2,2
3460,HASH,n2,3/8,1/3,2,0,2,2
3468,HC_SHIFT_UNDER_HASH,n0,4/25,3/8,4,0,4,4
3469,HC_INT,n2,1,1/10,1,0,1,1
3471,HC_DEEP,n3,3/10,1/16,2,0,2,2
3474,HASH,n0,2/3,1,2,0,2,2
3488,HASH,n0,4/25,3/8,4,0,4,4
3497,HC_INT,n0,1/8,1,8,0,8,8
3502,HASH,n0,1/10,1/8,2,0,2,2
3511,HC_INT,n0,1/10,1/10,1,0,1,1
3516,HASH,n0,1/10,1/3,4,0,4,4
3523,HC_NONINT,n0,1/4,3/10,2,0,2,2
3525,HC_INT,n1,3/10,1/100,1,0,1,1
3530,HASH,n0,2/5,147/1000,2,0,2,2
3539,HC_INT,n0,1/2,1/8,1,0,1,1
3544,HASH,n0,4/25,2/3,5,0,5,5
3551,HC_NONINT,n0,1/2,147/1000,2,0,2,2
3552,HC_SHIFT_UNDER_HASH,n0,1/8,3/10,4,0,4,4
3558,HASH,n0,1/100,1/8,13,0,13,13
3558,HASH,n1,1/100,1/8,13,0,13,13
3558,HASH,n3,2/5,1/8,2,0,2,2
3565,HC_NONINT,n0,1/4,5/8,3,0,3,3
3567,HC_INT,n4,1/4,1/100,1,0,1,1
3572,HASH,n0,1/2,4/25,2,0,2,2
3572,HASH,n1,1/2,2/5,2,0,2,2
3581,HC_INT,n0,2/5,1/100,1,0,1,1
3586,HASH,n0,1/10,1,10,0,10,10
3600,HASH,n0,147/1000,1/100,2,0,2,2
3600,HASH,n1,1/100,147/1000,16,0,16,16
3609,HC_INT,n0,1,1/5,1,0,1,1
3614,HASH,n0,147/1000,147/1000,1,0,1,1
3614,HASH,n1,147/1000,147/1000,1,0,1,1
3621,HC_NONINT,n1,1/100,1/3,34,0,34,34
3623,HC_INT,n1,2/3,1/3,1,0,1,1
3628,HASH,n0,1/8,1/3,4,0,4,4
3635,HC_NONINT,n0,1/8,1/3,4,0,4,4
3637,HC_INT,n0,4/25,1/100,1,0,1,1
3642,HASH,n0,2/3,3/10,2,0,2,2
3651,HC_INT,n0,147/1000,147/1000,1,0,1,1
3653,HC_DEEP,n1,1/3,1/16,2,0,2,2
3656,HASH,n0,1/8,2/5,4,0,4,4
3663,HC_NONINT,n1,1/100,1/16,7,0,7,7
3665,HC_INT,n0,1/8,1,8,0,8,8
3670,HASH,n0,1/16,147/1000,4,0,4,4
3677,HC_NONINT,n1,1/3,2/3,2,0,2,2
3684,HASH,n0,1/5,4/25,2,0,2,2
3691,HC_NONINT,n1,1/16,147/1000,4,0,4,4
3692,HC_SHIFT_UNDER_HASH,n0,1/8,2/5,4,0,4,4
3698,HASH,n0,1,1,1,0,1,1
3705,HC_NONINT,n0,5/8,1/4,2,0,2,2
3712,HASH,n0,1,1/2,1,0,1,1
3719,HC_NONINT,n0,147/1000,2/3,6,0,6,6
3721,HC_INT,n0,4/25,4/25,1,0,1,1
3726,HASH,n0,4/25,2/3,5,0,5,5
3726,HASH,n2,2/3,4/25,2,0,2,2
3733,HC_NONINT,n1,3/10,1/3,2,0,2,2
3740,HASH,n0,3/10,1/5,2,0,2,2
3740,HASH,n1,1/5,3/10,2,0,2,2
3754,HASH,n0,3/10,3/8,2,0,2,2
3761,HC_NONINT,n2,1/2,147/1000,2,0,2,2
3762,HC_SHIFT_UNDER_HASH,n3,2/5,4/25,2,0,2,2
3768,HASH,n0,1/16,5/8,10,0,10,10
3777,HC_INT,n1,1/100,4/25,16,0,16,16
3782,HASH,n0,1/4,1/4,1,0,1,1
3796,HASH,n0,1/5,5/8,4,0,4,4
3803,HC_NONINT,n0,1/16,1/2,8,0,8,8
3804,HC_SHIFT_UNDER_HASH,n0,2/3,4/25,2,0,2,2
3810,HASH,n0,1/5,1/3,3,0,3,3
3817,HC_NONINT,n0,2/5,1/3,2,0,2,2
3824,HASH,n0,1/8,1/2,4,0,4,4
3832,HC_SHIFT_UNDER_HASH,n0,1/8,2/3,6,0,6,6
3833,HC_INT,n0,1,1/10,1,0,1,1
3838,HASH,n0,1/10,3/8,5,0,5,5
3838,HASH,n1,1/10,3/8,5,0,5,5
3845,HC_NONINT,n1,2/5,4/25,2,0,2,2
3852,HASH,n0,1/10,1/4,3,0,3,3
3859,HC_NONINT,n2,2/3,2/5,2,0,2,2
3861,HC_INT,n1,1,1/5,1,0,1,1
3866,HASH,n0,147/1000,1/3,4,0,4,4
3873,HC_NONINT,n0,1/100,1/4,25,0,25,25
3880,HASH,n0,1/3,147/1000,2,0,2,2
3880,HASH,n1,147/1000,1/3,4,0,4,4
3891,HC_DEEP,n2,1/8,3/10,4,0,4,4
3894,HASH,n0,3/10,1/16,2,0,2,2
3894,HASH,n1,1/5,3/10,2,0,2,2
3901,HC_NONINT,n0,3/8,1/5,2,0,2,2
3908,HASH,n0,1/100,147/1000,16,0,16,16
3916,HC_SHIFT_UNDER_HASH,n0,5/8,1/16,1,0,1,1
3916,HC_SHIFT_UNDER_HASH,n1,1/16,5/8,10,0,10,10
3922,HASH,n0,1/8,1,8,0,8,8
3929,HC_NONINT,n1,1/10,1/2,5,0,5,5
3931,HC_INT,n1,2/3,1/3,1,0,1,1
3936,HASH,n0,3/10,147/1000,2,0,2,2
3943,HC_NONINT,n1,147/1000,2/5,4,0,4,4
3944,HC_SHIFT_UNDER_HASH,n1,1/4,1/100,1,0,1,1
3945,HC_INT,n3,1,1/16,1,0,1,1
3950,HASH,n0,2/5,3/10,2,0,2,2
3957,HC_NONINT,n1,147/1000,2/3,6,0,6,6
3961,HC_DEEP,n1,1/2,1/4,1,0,1,1
3964,HASH,n0,1/8,1/16,1,0,1,1
3971,HC_NONINT,n3,1/3,5/8,3,0,3,3
3973,HC_INT,n4,3/8,1/8,1,0,1,1
3978,HASH,n0,1/4,1/10,2,0,2,2
3985,HC_NONINT,n1,2/5,1/3,2,0,2,2
3987,HC_INT,n0,1,1/8,1,0,1,1
3992,HASH,n0,2/5,1/10,1,0,1,1
3992,HASH,n1,2/5,1/10,1,0,1,1
4001,HC_INT,n0,1/10,1,10,0,10,10
4006,HASH,n0,147/1000,1/100,2,0,2,2
4013,HC_NONINT,n0,1/16,1/5,4,0,4,4
4015,HC_INT,n0,1,1,1,0,1,1
4020,HASH,n0,1/100,4/25,16,0,16,16
4027,HC_NONINT,n0,1/5,2/5,2,0,2,2
4028,HC_SHIFT_UNDER_HASH,n2,1/8,1/2,4,0,4,4
4034,HASH,n0,1/3,3/8,2,0,2,2
4041,HC_NONINT,n2,2/3,1/100,2,0,2,2
4048,HASH,n0,1/8,2/5,4,0,4,4
4048,HASH,n1,2/5,1/8,2,0,2,2
4055,HC_NONINT,n0,1/8,147/1000,3,0,3,3
4056,HC_SHIFT_UNDER_HASH,n0,3/8,1/3,2,0,2,2
4062,HASH,n0,2/3,5/8,2,0,2,2
4069,HC_NONINT,n1,4/25,5/8,5,0,5,5
4069,HC_NONINT,n2,4/25,1/5,2,0,2,2
4070,HC_SHIFT_UNDER_HASH,n5,4/25,1/16,2,0,2,2
4073,HC_DEEP,n1,1/8,3/8,3,0,3,3
4076,HASH,n0,147/1000,4/25,3,0,3,3
4076,HASH,n1,1/10,4/25,3,0,3,3
4083,HC_NONINT,n2,1/4,1/3,2,0,2,2
4085,HC_INT,n0,1/5,1/100,1,0,1,1
4087,HC_DEEP,n4,1/10,147/1000,3,0,3,3
4090,HASH,n0,2/5,147/1000,2,0,2,2
4090,HASH,n1,147/1000,1/16,2,0,2,2
4097,HC_NONINT,n0,1/5,1/2,3,0,3,3
4104,HASH,n0,1/3,1/8,2,0,2,2
4111,HC_NONINT,n1,2/3,3/10,2,0,2,2
4111,HC_NONINT,n2,1/5,2/3,4,0,4,4
4118,HASH,n0,5/8,1/3,2,0,2,2
4125,HC_NONINT,n0,3/8,1/10,2,0,2,2
4127,HC_INT,n0,3/8,1/16,1,0,1,1
4132,HASH,n0,5/8,1/3,2,0,2,2
4139,HC_NONINT,n1,5/8,2/5,2,0,2,2
4146,HASH,n0,1,3/10,2,0,2,2
4155,HC_INT,n1,1/5,1/10,1,0,1,1
4155,HC_INT,n3,1/5,1/10,1,0,1,1
4157,HC_DEEP,n0,1,1/2,1,0,1,1
4160,HASH,n0,3/10,2/5,2,0,2,2
4160,HASH,n1,2/5,3/10,2,0,2,2
4167,HC_NONINT,n0,2/5,1,3,0,3,3
4167,HC_NONINT,n1,2/5,1,3,0,3,3
4174,HASH,n0,1/4,1/100,1,0,1,1
4174,HASH,n1,1/100,1/4,25,0,25,25
4181,HC_NONINT,n2,1/3,1/8,2,0,2,2
4188,HASH,n0,3/10,3/10,1,0,1,1
4202,HASH,n0,1/2,2/5,2,0,2,2
4210,HC_SHIFT_UNDER_HASH,n0,1/8,1/5,3,0,3,3
4210,HC_SHIFT_UNDER_HASH,n1,1/5,1/8,2,0,2,2
4211,HC_INT,n0,2/3,2/3,1,0,1,1
4211,HC_INT,n4,2/3,2/3,1,0,1,1
4216,HASH,n0,3/10,3/10,1,0,1,1
4216,HASH,n1,3/10,3/10,1,0,1,1
4223,HC_NONINT,n0,2/5,1/4,2,0,2,2
4230,HASH,n0,4/25,2/5,3,0,3,3
4237,HC_NONINT,n0,1/3,1/16,2,0,2,2
4239,HC_INT,n3,1/4,1/100,1,0,1,1
4244,HASH,n0,1/100,2/5,40,0,40,40
4244,HASH,n2,2/5,1/100,1,0,1,1
4258,HASH,n0,3/10,1/3,2,0,2,2
4258,HASH,n1,1/3,1,3,0,3,3
4265,HC_NONINT,n0,3/8,1/5,2,0,2,2
4266,HC_SHIFT_UNDER_HASH,n0,5/8,1/16,1,0,1,1
4272,HASH,n0,1/2,1,2,0,2,2
4272,HASH,n1,1,1/2,1,0,1,1
4279,HC_NONINT,n2,2/5,1/3,2,0,2,2
4281,HC_INT,n3,4/25,2/3,5,0,5,5
4286,HASH,n0,3/8,1/16,1,0,1,1
4286,HASH,n4,1/16,3/8,6,0,6,6
4286,HASH,n5,1/16,3/8,6,0,6,6
4293,HC_NONINT,n1,3/10,1/3,2,0,2,2
4295,HC_INT,n0,1/4,1/100,1,0,1,1
4300,HASH,n0,2/5,147/1000,2,0,2,2
4300,HASH,n1,147/1000,2/5,4,0,4,4
4309,HC_INT,n0,1/10,1/100,1,0,1,1
4311,HC_DEEP,n2,1/3,1/3,1,0,1,1
4314,HASH,n0,1,4/25,2,0,2,2
4328,HASH,n0,3/8,1/100,2,0,2,2
4328,HASH,n2,3/8,1/100,2,0,2,2
4335,HC_NONINT,n1,1/16,1/5,4,0,4,4
4336,HC_SHIFT_UNDER_HASH,n3,5/8,1/100,2,0,2,2
4337,HC_INT,n0,1,1/5,1,0,1,1
4342,HASH,n0,1/3,1/5,2,0,2,2
4342,HASH,n1,1/3,1/5,2,0,2,2
4349,HC_NONINT,n1,1/8,3/8,3,0,3,3
4350,HC_SHIFT_UNDER_HASH,n4,147/1000,2/3,6,0,6,6
4356,HASH,n0,1/4,5/8,3,0,3,3
4363,HC_NONINT,n0,1/3,1/100,2,0,2,2
4370,HASH,n0,2/3,1/8,2,0,2,2
4370,HASH,n1,2/3,1/8,2,0,2,2
4377,HC_NONINT,n0,1/3,1/100,2,0,2,2
4378,HC_SHIFT_UNDER_HASH,n3,5/8,3/10,2,0,2,2
4379,HC_INT,n0,3/8,1/16,1,0,1,1
4381,HC_DEEP,n1,1/3,3/8,2,0,2,2
4384,HASH,n0,1/2,1/5,2,0,2,2
4384,HASH,n3,1/5,1/2,3,0,3,3
4391,HC_NONINT,n0,3/8,1/3,2,0,2,2
4398,HASH,n0,2/5,2/3,3,0,3,3
4398,HASH,n1,2/3,1/100,2,0,2,2
4405,HC_NONINT,n0,1/3,1/100,2,0,2,2
4412,HASH,n0,3/10,1/10,1,0,1,1
4419,HC_NONINT,n1,4/25,4/25,1,0,1,1
4419,HC_NONINT,n3,4/25,4/25,1,0,1,1
4426,HASH,n0,3/8,1/3,2,0,2,2
4433,HC_NONINT,n1,1/10,147/1000,3,0,3,3
4433,HC_NONINT,n4,1/2,1/10,1,0,1,1
4435,HC_INT,n0,1/100,1/100,1,0,1,1
4440,HASH,n0,1,147/1000,2,0,2,2
4454,HASH,n0,3/8,1,4,0,4,4
4454,HASH,n1,3/8,1,4,0,4,4
4461,HC_NONINT,n0,147/1000,3/10,4,0,4,4
4463,HC_INT,n0,1/4,1/2,2,0,2,2
4468,HASH,n0,1/2,5/8,2,0,2,2
4468,HASH,n1,5/8,3/10,2,0,2,2
4468,HASH,n3,5/8,3/10,2,0,2,2
4476,HC_SHIFT_UNDER_HASH,n0,1/16,4/25,4,0,4,4
4482,HASH,n0,147/1000,2/5,4,0,4,4
4496,HASH,n0,3/8,1/4,2,0,2,2
4505,HC_INT,n1,1/2,1/16,1,0,1,1
4507,HC_DEEP,n0,2/3,4/25,2,0,2,2
4507,HC_DEEP,n2,4/25,3/10,3,0,3,3
4510,HASH,n0,3/10,1/100,1,0,1,1
4510,HASH,n1,1/100,3/10,30,0,30,30
4517,HC_NONINT,n0,1/10,1/3,4,0,4,4
4524,HASH,n0,1/4,1/8,1,0,1,1
4524,HASH,n2,1/16,1/8,2,0,2,2
4531,HC_NONINT,n3,147/1000,1/8,2,0,2,2
4538,HASH,n0,2/5,1/8,2,0,2,2
4545,HC_NONINT,n2,2/3,1/16,2,0,2,2
4552,HASH,n0,1/4,1/4,1,0,1,1
4552,HASH,n1,1/4,1/4,1,0,1,1
4560,HC_SHIFT_UNDER_HASH,n2,1/16,3/10,6,0,6,6
4561,HC_INT,n0,3/8,1/16,1,0,1,1
4566,HASH,n0,1/2,5/8,2,0,2,2
4573,HC_NONINT,n0,2/5,5/8,3,0,3,3
4577,HC_DEEP,n0,147/1000,2/5,4,0,4,4
4580,HASH,n0,2/5,1/16,2,0,2,2
4587,HC_NONINT,n0,2/5,1/4,2,0,2,2
4588,HC_SHIFT_UNDER_HASH,n0,1/3,2/5,2,0,2,2
4588,HC_SHIFT_UNDER_HASH,n4,1,1/3,1,0,1,1
4589,HC_INT,n0,2/5,2/5,1,0,1,1
4594,HASH,n0,1,2/3,2,0,2,2
4594,HASH,n1,2/3,1,2,0,2,2
4594,HASH,n2,1,2/3,2,0,2,2
4601,HC_NONINT,n0,2/3,5/8,2,0,2,2
4603,HC_INT,n0,2/5,1/5,1,0,1,1
4608,HASH,n0,1/10,1/3,4,0,4,4
4608,HASH,n1,1/3,1/10,2,0,2,2
4615,HC_NONINT,n0,1/3,147/1000,2,0,2,2
4617,HC_INT,n0,147/1000,147/1000,1,0,1,1
4622,HASH,n0,5/8,1/8,1,0,1,1
4622,HASH,n2,5/8,1/8,1,0,1,1
4636,HASH,n0,1/8,1/4,2,0,2,2
4636,HASH,n1,1/4,1/8,1,0,1,1
4643,HC_NONINT,n1,1/10,5/8,7,0,7,7
4644,HC_SHIFT_UNDER_HASH,n0,1/4,2/5,3,0,3,3
4645,HC_INT,n3,3/8,147/1000,2,0,2,2
4650,HASH,n0,1/10,2/5,4,0,4,4
4657,HC_NONINT,n0,1/4,4/25,2,0,2,2
4664,HASH,n0,1/16,3/8,6,0,6,6
4671,HC_NONINT,n0,1/16,4/25,4,0,4,4
4678,HASH,n0,1/3,2/3,2,0,2,2
4686,HC_SHIFT_UNDER_HASH,n1,1/100,1/8,13,0,13,13
4692,HASH,n0,147/1000,1/3,4,0,4,4
4701,HC_INT,n0,1,1/16,1,0,1,1
4706,HASH,n0,1/16,2/3,12,0,12,12
4720,HASH,n0,1/10,1/2,5,0,5,5
4727,HC_NONINT,n0,1/10,3/10,3,0,3,3
4734,HASH,n0,147/1000,1/16,2,0,2,2
4741,HC_NONINT,n0,1/8,2/5,4,0,4,4
4748,HASH,n0,5/8,2/3,2,0,2,2
4755,HC_NONINT,n1,1/3,147/1000,2,0,2,2
4756,HC_SHIFT_UNDER_HASH,n3,1/2,2/3,2,0,2,2
4757,HC_INT,n3,3/8,1/8,1,0,1,1
4762,HASH,n0,1/3,147/1000,2,0,2,2
4769,HC_NONINT,n1,1/2,4/25,2,0,2,2
4771,HC_INT,n1,1/3,3/8,2,0,2,2
4776,HASH,n0,1/100,2/3,68,0,68,68
4776,HASH,n1,1/100,2/3,68,0,68,68
4776,HASH,n2,2/3,1/100,2,0,2,2
4783,HC_NONINT,n1,1/5,1/4,2,0,2,2
4785,HC_INT,n0,3/8,1/8,1,0,1,1
4790,HASH,n0,1,1/5,1,0,1,1
4790,HASH,n1,1/5,1,5,0,5,5
4797,HC_NONINT,n0,4/25,3/8,4,0,4,4
4799,HC_INT,n0,1/8,1/16,1,0,1,1
4801,HC_DEEP,n1,2/5,1/2,2,0,2,2
4804,HASH,n0,147/1000,5/8,6,0,6,6
4804,HASH,n1,5/8,1/3,2,0,2,2
4804,HASH,n2,5/8,1/3,2,0,2,2
4811,HC_NONINT,n0,3/8,2/5,2,0,2,2
4815,HC_DEEP,n1,2/5,1/100,1,0,1,1
4818,HASH,n0,1/5,2/5,2,0,2,2
4818,HASH,n3,1/5,2/5,2,0,2,2
4825,HC_NONINT,n0,1/16,1/3,6,0,6,6
4826,HC_SHIFT_UNDER_HASH,n0,1,1/3,1,0,1,1
4827,HC_INT,n0,1/3,1/3,1,0,1,1
4832,HASH,n0,1/10,1/10,1,0,1,1
4839,HC_NONINT,n0,1/4,1/5,2,0,2,2
4843,HC_DEEP,n0,1,1/4,1,0,1,1
4843,HC_DEEP,n2,1/4,1,4,0,4,4
4846,HASH,n0,1,1/2,1,0,1,1
4855,HC_INT,n3,1,1/8,1,0,1,1
4860,HASH,n0,1/16,3/8,6,0,6,6
4860,HASH,n1,1/16,2/3,12,0,12,12
4867,HC_NONINT,n0,2/3,2/5,2,0,2,2
4874,HASH,n0,1/16,2/5,8,0,8,8
4888,HASH,n0,1/8,3/8,3,0,3,3
4888,HASH,n1,1/8,3/8,3,0,3,3
4895,HC_NONINT,n0,1/8,1/4,2,0,2,2
4897,HC_INT,n0,1/4,1/100,1,0,1,1
4902,HASH,n0,3/10,1/16,2,0,2,2
4902,HASH,n1,3/10,1/16,2,0,2,2
4909,HC_NONINT,n0,1/16,1/5,4,0,4,4
4916,HASH,n0,1/3,1/8,2,0,2,2
4916,HASH,n1,1/8,1/3,4,0,4,4
4923,HC_NONINT,n3,3/10,2/3,4,0,4,4
4924,HC_SHIFT_UNDER_HASH,n0,2/5,1/100,1,0,1,1
4930,HASH,n0,1/2,1/2,1,0,1,1
4937,HC_NONINT,n0,3/8,3/10,2,0,2,2
4938,HC_SHIFT_UNDER_HASH,n1,1/4,147/1000,2,0,2,2
4939,HC_INT,n0,1/100,1/100,1,0,1,1
4944,HASH,n0,1/2,1/100,1,0,1,1
4951,HC_NONINT,n0,4/25,1/16,2,0,2,2
4958,HASH,n0,1/10,3/10,3,0,3,3
4972,HASH,n0,3/10,5/8,3,0,3,3
4972,HASH,n1,3/10,5/8,3,0,3,3
4979,HC_NONINT,n0,3/8,1/100,2,0,2,2
4981,HC_INT,n2,1/16,1/16,1,0,1,1
4986,HASH,n0,3/8,1/8,1,0,1,1
4986,HASH,n2,1/8,3/8,3,0,3,3
4993,HC_NONINT,n2,147/1000,5/8,6,0,6,6
4995,HC_INT,n0,1/8,1/10,2,0,2,2
5000,HASH,n0,2/3,4/25,2,0,2,2
5014,HASH,n0,147/1000,1/4,3,0,3,3
5014,HASH,n1,147/1000,1/4,3,0,3,3
5028,HASH,n0,1,3/8,2,0,2,2
5028,HASH,n1,1,3/8,2,0,2,2
5035,HC_NONINT,n0,2/3,1/100,2,0,2,2
5037,HC_INT,n0,1/16,1,16,0,16,16
5037,HC_INT,n1,1,1/16,1,0,1,1
5042,HASH,n0,2/5,3/10,2,0,2,2
5042,HASH,n1,2/5,3/10,2,0,2,2
5042,HASH,n2,3/10,2/5,2,0,2,2
5049,HC_NONINT,n0,4/25,3/10,3,0,3,3
5049,HC_NONINT,n1,4/25,3/10,3,0,3,3
5049,HC_NONINT,n3,3/10,4/25,2,0,2,2
5056,HASH,n0,1/16,1,16,0,16,16
5056,HASH,n1,1/8,1,8,0,8,8
5063,HC_NONINT,n0,1/8,1/16,1,0,1,1
5070,HASH,n0,2/3,1/3,1,0,1,1
5077,HC_NONINT,n0,1/2,3/8,2,0,2,2
5081,HC_DEEP,n4,2/5,3/10,2,0,2,2
5084,HASH,n0,5/8,4/25,2,0,2,2
5091,HC_NONINT,n0,1/3,1/5,2,0,2,2
5098,HASH,n0,1/10,1/4,3,0,3,3
5105,HC_NONINT,n2,1/100,1/3,34,0,34,34
5106,HC_SHIFT_UNDER_HASH,n0,3/8,2/5,2,0,2,2
5107,HC_INT,n0,1/5,1/10,1,0,1,1
5112,HASH,n0,1/8,147/1000,3,0,3,3
5119,HC_NONINT,n0,3/10,147/1000,2,0,2,2
5121,HC_INT,n0,1/2,1/16,1,0,1,1
5126,HASH,n0,1,3/10,2,0,2,2
5126,HASH,n1,1,3/10,2,0,2,2
5133,HC_NONINT,n0,1/2,147/1000,2,0,2,2
5140,HASH,n0,2/3,1/4,2,0,2,2
5140,HASH,n1,2/3,1/4,2,0,2,2
5147,HC_NONINT,n0,3/8,4/25,2,0,2,2
5148,HC_SHIFT_UNDER_HASH,n1,1/100,1/16,7,0,7,7
5154,HASH,n0,1/100,2/3,68,0,68,68
5161,HC_NONINT,n0,3/10,1/5,2,0,2,2
5163,HC_INT,n0,1/8,1/16,1,0,1,1
5165,HC_DEEP,n0,2/5,5/8,3,0,3,3
5168,HASH,n0,4/25,1/2,4,0,4,4
5168,HASH,n2,4/25,1/2,4,0,4,4
5176,HC_SHIFT_UNDER_HASH,n0,5/8,1/4,2,0,2,2
5177,HC_INT,n0,1,1/10,1,0,1,1
5182,HASH,n0,1/2,1/2,1,0,1,1
5189,HC_NONINT,n4,1/16,147/1000,4,0,4,4
5191,HC_INT,n1,1/16,3/10,6,0,6,6
5193,HC_DEEP,n0,1/5,1/8,2,0,2,2
5196,HASH,n0,1/5,2/5,2,0,2,2
5207,HC_DEEP,n5,1/16,3/8,6,0,6,6
5210,HASH,n0,1/8,3/8,3,0,3,3
5210,HASH,n1,1/8,3/8,3,0,3,3
5210,HASH,n2,3/8,5/8,3,0,3,3
5218,HC_SHIFT_UNDER_HASH,n2,1/3,1/3,1,0,1,1
5224,HASH,n0,2/5,1/3,2,0,2,2
5224,HASH,n2,2/5,1/3,2,0,2,2
5233,HC_INT,n1,1/10,1/10,1,0,1,1
5238,HASH,n0,2/5,1/10,1,0,1,1
5245,HC_NONINT,n0,3/8,4/25,2,0,2,2
5246,HC_SHIFT_UNDER_HASH,n2,1/8,1/5,3,0,3,3
5247,HC_INT,n2,2/3,2/3,1,0,1,1
5249,HC_DEEP,n0,5/8,1/5,2,0,2,2
5249,HC_DEEP,n1,5/8,1/5,2,0,2,2
5252,HASH,n0,1/16,3/8,6,0,6,6
5259,HC_NONINT,n1,1/3,5/8,3,0,3,3
5266,HASH,n0,4/25,1/8,2,0,2,2
5266,HASH,n1,4/25,1/8,2,0,2,2
5266,HASH,n3,4/25,1/8,2,0,2,2
5266,HASH,n5,1/8,4/25,3,0,3,3
5273,HC_NONINT,n1,1/16,1/3,6,0,6,6
5275,HC_INT,n0,4/25,2/3,5,0,5,5
5280,HASH,n0,1/8,2/5,4,0,4,4
5280,HASH,n3,1/8,1/5,3,0,3,3
5289,HC_INT,n0,4/25,1/10,2,0,2,2
5289,HC_INT,n1,4/25,1/10,2,0,2,2
5294,HASH,n0,2/3,1,2,0,2,2
5294,HASH,n1,1,2/3,2,0,2,2
5301,HC_NONINT,n0,4/25,5/8,5,0,5,5
5308,HASH,n0,2/5,147/1000,2,0,2,2
5308,HASH,n1,147/1000,2/5,4,0,4,4
5315,HC_NONINT,n1,1/5,1/10,1,0,1,1
5317,HC_INT,n0,5/8,5/8,1,0,1,1
5322,HASH,n0,4/25,5/8,5,0,5,5
5329,HC_NONINT,n0,2/5,4/25,2,0,2,2
5336,HASH,n0,1/100,3/8,38,0,38,38
5343,HC_NONINT,n3,1/8,1/5,3,0,3,3
5344,HC_SHIFT_UNDER_HASH,n2,4/25,1/100,1,0,1,1
5345,HC_INT,n0,5/8,1/8,1,0,1,1
5350,HASH,n0,1/2,2/3,2,0,2,2
5350,HASH,n1,2/3,1/2,2,0,2,2
5359,HC_INT,n0,2/5,1/10,1,0,1,1
5364,HASH,n0,2/5,1/3,2,0,2,2
5371,HC_NONINT,n0,2/3,1/5,2,0,2,2
5373,HC_INT,n0,2/5,1/5,1,0,1,1
5378,HASH,n0,1/4,1/5,2,0,2,2
5392,HASH,n0,3/8,1/100,2,0,2,2
5399,HC_NONINT,n4,3/10,1/3,2,0,2,2
5401,HC_INT,n1,5/8,1/16,1,0,1,1
5406,HASH,n0,1/8,1/2,4,0,4,4
5413,HC_NONINT,n0,5/8,147/1000,2,0,2,2
5415,HC_INT,n0,1/4,1/16,1,0,1,1
5420,HASH,n0,1/4,147/1000,2,0,2,2
5420,HASH,n1,1/4,147/1000,2,0,2,2
5427,HC_NONINT,n0,147/1000,3/8,4,0,4,4
5427,HC_NONINT,n1,3/8,147/1000,2,0,2,2
5429,HC_INT,n1,1/16,1/16,1,0,1,1
5434,HASH,n0,3/8,3/10,2,0,2,2
5434,HASH,n4,3/8,3/10,2,0,2,2
5441,HC_NONINT,n0,1/5,1/5,1,0,1,1
5443,HC_INT,n2,2/5,1/5,1,0,1,1
5448,HASH,n0,1/16,1,16,0,16,16
5455,HC_NONINT,n0,1/16,5/8,10,0,10,10
5462,HASH,n0,1/16,147/1000,4,0,4,4
5462,HASH,n2,147/1000,1/16,2,0,2,2
5462,HASH,n3,147/1000,1/16,2,0,2,2
5469,HC_NONINT,n2,147/1000,1/10,2,0,2,2
5470,HC_SHIFT_UNDER_HASH,n0,3/10,1/10,1,0,1,1
5471,HC_INT,n0,1/100,1/10,10,0,10,10
5476,HASH,n0,1/10,5/8,7,0,7,7
5476,HASH,n1,1/10,5/8,7,0,7,7
5483,HC_NONINT,n1,1/16,4/25,4,0,4,4
5490,HASH,n0,1/2,1/3,2,0,2,2
5504,HASH,n0,1,1/5,1,0,1,1
5513,HC_INT,n1,2/5,147/1000,2,0,2,2
5518,HASH,n0,1/3,1/10,2,0,2,2
5518,HASH,n3,1/3,1/3,1,0,1,1
5525,HC_NONINT,n1,4/25,2/3,5,0,5,5
5527,HC_INT,n0,2/5,1/10,1,0,1,1
5529,HC_DEEP,n0,2/5,2/3,3,0,3,3
5532,HASH,n0,2/5,1/5,1,0,1,1
5532,HASH,n1,1/5,2/5,2,0,2,2
5532,HASH,n3,1/5,2/5,2,0,2,2
5540,HC_SHIFT_UNDER_HASH,n0,1/3,1/2,2,0,2,2
5540,HC_SHIFT_UNDER_HASH,n1,147/1000,1/3,4,0,4,4
5540,HC_SHIFT_UNDER_HASH,n4,1/2,147/1000,2,0,2,2
5541,HC_INT,n0,2/3,2/3,1,0,1,1
5543,HC_DEEP,n0,1/5,3/10,2,0,2,2
5546,HASH,n0,1/2,4/25,2,0,2,2
5546,HASH,n1,1/2,4/25,2,0,2,2
5553,HC_NONINT,n0,1/16,1,16,0,16,16
5555,HC_INT,n0,3/8,3/8,1,0,1,1
5560,HASH,n0,4/25,5/8,5,0,5,5
5574,HASH,n0,4/25,1/10,2,0,2,2
5574,HASH,n1,4/25,1/10,2,0,2,2
5581,HC_NONINT,n0,1/4,3/8,2,0,2,2
5582,HC_SHIFT_UNDER_HASH,n0,4/25,2/5,3,0,3,3
5585,HC_DEEP,n0,147/1000,2/5,4,0,4,4
5588,HASH,n0,1/3,1/2,2,0,2,2
5595,HC_NONINT,n1,1/3,1/5,2,0,2,2
5602,HASH,n0,2/3,5/8,2,0,2,2
5609,HC_NONINT,n2,1/8,1/2,4,0,4,4
5611,HC_INT,n0,2/5,2/5,1,0,1,1
5616,HASH,n0,1/5,1/3,3,0,3,3
5623,HC_NONINT,n0,1/100,1/10,10,0,10,10
5623,HC_NONINT,n1,1/10,1,10,0,10,10
5625,HC_INT,n0,1/100,1/2,50,0,50,50
5625,HC_INT,n1,1/2,1/100,1,0,1,1
5630,HASH,n0,3/10,147/1000,2,0,2,2
5630,HASH,n2,147/1000,3/10,4,0,4,4
5639,HC_INT,n0,2/5,1/100,1,0,1,1
5644,HASH,n0,1/4,4/25,2,0,2,2
5652,HC_SHIFT_UNDER_HASH,n0,1,2/5,2,0,2,2
5655,HC_DEEP,n0,3/10,1/10,1,0,1,1
5658,HASH,n0,1/3,3/10,2,0,2,2
5665,HC_NONINT,n0,1/16,1/5,4,0,4,4
5667,HC_INT,n0,1/10,2/5,4,0,4,4
5672,HASH,n0,147/1000,4/25,3,0,3,3
5679,HC_NONINT,n0,3/10,4/25,2,0,2,2
5681,HC_INT,n2,2/3,2/3,1,0,1,1
5686,HASH,n0,1/5,2/3,4,0,4,4
5686,HASH,n1,1/5,2/3,4,0,4,4
5693,HC_NONINT,n1,2/3,3/8,2,0,2,2
5700,HASH,n0,147/1000,1/2,5,0,5,5
5700,HASH,n1,147/1000,1/2,5,0,5,5
5707,HC_NONINT,n0,1/10,5/8,7,0,7,7
5707,HC_NONINT,n2,5/8,1/10,2,0,2,2
5714,HASH,n0,4/25,2/3,5,0,5,5
5714,HASH,n1,4/25,1/8,2,0,2,2
5714,HASH,n2,4/25,1/8,2,0,2,2
5721,HC_NONINT,n2,147/1000,1/2,5,0,5,5
5728,HASH,n0,1/10,3/8,5,0,5,5
5728,HASH,n1,1/10,3/8,5,0,5,5
5735,HC_NONINT,n0,1/3,3/10,2,0,2,2
5742,HASH,n0,3/10,3/8,2,0,2,2
5749,HC_NONINT,n0,1/100,4/25,16,0,16,16
5751,HC_INT,n0,1/2,1/100,1,0,1,1
5756,HASH,n0,1/8,3/10,4,0,4,4
5770,HASH,n0,1/100,3/8,38,0,38,38
5777,HC_NONINT,n0,2/5,3/8,2,0,2,2
5779,HC_INT,n1,1/16,1/8,2,0,2,2
5779,HC_INT,n2,1/16,1/8,2,0,2,2
5781,HC_DEEP,n2,4/25,5/8,5,0,5,5
5784,HASH,n0,3/10,4/25,2,0,2,2
5798,HASH,n0,1/100,1/10,10,0,10,10
5798,HASH,n1,1/100,1/10,10,0,10,10
5798,HASH,n2,1/10,1/5,2,0,2,2
5805,HC_NONINT,n4,2/5,2/3,3,0,3,3
5806,HC_SHIFT_UNDER_HASH,n0,1/2,1/100,1,0,1,1
5809,HC_DEEP,n2,1/3,1/100,2,0,2,2
5812,HASH,n0,1/3,1/10,2,0,2,2
5812,HASH,n1,1/10,1/3,4,0,4,4
5820,HC_SHIFT_UNDER_HASH,n0,1/5,4/25,2,0,2,2
5820,HC_SHIFT_UNDER_HASH,n4,4/25,1/5,2,0,2,2
5823,HC_DEEP,n3,2/3,1/8,2,0,2,2
5826,HASH,n0,2/3,3/8,2,0,2,2
5826,HASH,n1,3/8,2/3,3,0,3,3
5833,HC_NONINT,n0,5/8,1,3,0,3,3
5834,HC_SHIFT_UNDER_HASH,n1,1/3,4/25,2,0,2,2
5840,HASH,n0,3/8,3/10,2,0,2,2
5840,HASH,n1,3/8,3/10,2,0,2,2
5847,HC_NONINT,n0,1/10,1/3,4,0,4,4
5849,HC_INT,n0,2/5,1/10,1,0,1,1
5851,HC_DEEP,n0,1/5,1/100,1,0,1,1
5854,HASH,n0,1/3,5/8,3,0,3,3
5854,HASH,n1,147/1000,1/3,4,0,4,4
5854,HASH,n2,147/1000,1/3,4,0,4,4
5854,HASH,n4,1/3,147/1000,2,0,2,2
5861,HC_NONINT,n0,1/2,1,2,0,2,2
5868,HASH,n0,2/3,5/8,2,0,2,2
5875,HC_NONINT,n0,1/2,147/1000,2,0,2,2
5882,HASH,n0,1/4,1/8,1,0,1,1
5889,HC_NONINT,n0,1/10,4/25,3,0,3,3
5893,HC_DEEP,n2,2/5,1/4,2,0,2,2
5896,HASH,n0,3/8,1/10,2,0,2,2
5903,HC_NONINT,n4,1/16,1/8,2,0,2,2
5910,HASH,n0,1/2,2/5,2,0,2,2
5917,HC_NONINT,n1,4/25,2/5,3,0,3,3
5918,HC_SHIFT_UNDER_HASH,n0,1/10,147/1000,3,0,3,3
5924,HASH,n0,2/3,3/10,2,0,2,2
5931,HC_NONINT,n1,5/8,4/25,2,0,2,2
5931,HC_NONINT,n4,1,4/25,2,0,2,2
5932,HC_SHIFT_UNDER_HASH,n0,1/2,3/8,2,0,2,2
5938,HASH,n0,4/25,1/8,2,0,2,2
5945,HC_NONINT,n0,147/1000,4/25,3,0,3,3
5952,HASH,n0,1/10,3/8,5,0,5,5
5959,HC_NONINT,n0,1/16,1,16,0,16,16
5961,HC_INT,n1,5/8,5/8,1,0,1,1
5966,HASH,n0,1/16,2/5,8,0,8,8
5975,HC_INT,n0,1/8,2/3,6,0,6,6
5977,HC_DEEP,n0,1/10,1/5,2,0,2,2
5980,HASH,n0,1/100,147/1000,16,0,16,16
5987,HC_NONINT,n1,1/3,1/4,2,0,2,2
5989,HC_INT,n3,3/10,1/100,1,0,1,1
5994,HASH,n0,4/25,1/2,4,0,4,4
5994,HASH,n1,4/25,1/2,4,0,4,4
6001,HC_NONINT,n0,1/5,1/10,1,0,1,1
6001,HC_NONINT,n1,1/10,1/5,2,0,2,2
6008,HASH,n0,1/16,1/3,6,0,6,6
6015,HC_NONINT,n0,1/100,1/8,13,0,13,13
6017,HC_INT,n0,1,1/16,1,0,1,1
6022,HASH,n0,2/5,2/3,3,0,3,3
6029,HC_NONINT,n0,1/10,1/8,2,0,2,2
6033,HC_DEEP,n4,2/5,1,3,0,3,3
6036,HASH,n0,2/3,5/8,2,0,2,2
6036,HASH,n3,5/8,2/3,2,0,2,2
6043,HC_NONINT,n0,1/100,147/1000,16,0,16,16
6050,HASH,n0,1/10,1/10,1,0,1,1
6057,HC_NONINT,n0,1/8,3/8,3,0,3,3
6058,HC_SHIFT_UNDER_HASH,n0,1/16,1/16,1,0,1,1
6064,HASH,n0,5/8,1/10,2,0,2,2
6078,HASH,n0,1/3,4/25,2,0,2,2
6085,HC_NONINT,n1,2/3,1/8,2,0,2,2
6092,HASH,n0,1/5,3/10,2,0,2,2
6092,HASH,n1,3/10,4/25,2,0,2,2
6099,HC_NONINT,n2,2/5,3/10,2,0,2,2
6101,HC_INT,n0,1/4,1/16,1,0,1,1
6106,HASH,n0,2/3,1/3,1,0,1,1
6106,HASH,n1,1/3,2/3,2,0,2,2
6113,HC_NONINT,n1,1/5,147/1000,2,0,2,2
6115,HC_INT,n0,2/3,1/100,2,0,2,2
6117,HC_DEEP,n0,1,1/8,1,0,1,1
6120,HASH,n0,1/3,3/8,2,0,2,2
6129,HC_INT,n0,2/5,1/100,1,0,1,1
6134,HASH,n0,1/3,5/8,3,0,3,3
6134,HASH,n1,5/8,1/3,2,0,2,2
6134,HASH,n2,1/3,5/8,3,0,3,3
6148,HASH,n0,2/3,1/100,2,0,2,2
6148,HASH,n1,1/100,2/3,68,0,68,68
6155,HC_NONINT,n0,3/10,1,4,0,4,4
6156,HC_SHIFT_UNDER_HASH,n0,1,2/3,2,0,2,2
6157,HC_INT,n1,3/10,1/4,2,0,2,2
6162,HASH,n0,3/10,1/8,2,0,2,2
6169,HC_NONINT,n1,147/1000,3/10,4,0,4,4
6171,HC_INT,n0,1/3,1/100,2,0,2,2
6176,HASH,n0,1/5,2/3,4,0,4,4
6176,HASH,n1,2/3,1/5,2,0,2,2
6176,HASH,n4,1/5,2/3,4,0,4,4
6183,HC_NONINT,n1,1/10,1,10,0,10,10
6185,HC_INT,n0,1,1/3,1,0,1,1
6185,HC_INT,n1,1,1/3,1,0,1,1
6190,HASH,n0,1/3,3/10,2,0,2,2
6198,HC_SHIFT_UNDER_HASH,n0,1/16,1/2,8,0,8,8
6199,HC_INT,n0,1/8,1/16,1,0,1,1
6204,HASH,n0,3/10,147/1000,2,0,2,2
6218,HASH,n0,3/10,4/25,2,0,2,2
6225,HC_NONINT,n0,1/4,1/100,1,0,1,1
6232,HASH,n0,1/3,147/1000,2,0,2,2
6232,HASH,n1,1/3,147/1000,2,0,2,2
6239,HC_NONINT,n0,1/16,2/5,8,0,8,8
6241,HC_INT,n1,2/5,3/10,2,0,2,2
6246,HASH,n0,5/8,1/2,2,0,2,2
6253,HC_NONINT,n1,2/3,1/10,2,0,2,2
6257,HC_DEEP,n2,2/3,4/25,2,0,2,2
6260,HASH,n0,4/25,1/16,2,0,2,2
6267,HC_NONINT,n0,1/4,5/8,3,0,3,3
6267,HC_NONINT,n1,1/4,5/8,3,0,3,3
6274,HASH,n0,5/8,5/8,1,0,1,1
6274,HASH,n1,5/8,5/8,1,0,1,1
6281,HC_NONINT,n0,5/8,1/100,2,0,2,2
6283,HC_INT,n0,1,1/100,1,0,1,1
6288,HASH,n0,2/3,1/2,2,0,2,2
6288,HASH,n1,2/3,1/10,2,0,2,2
6295,HC_NONINT,n3,2/3,147/1000,2,0,2,2
6296,HC_SHIFT_UNDER_HASH,n0,1/10,2/5,4,0,4,4
6302,HASH,n0,4/25,2/5,3,0,3,3
6302,HASH,n1,2/5,4/25,2,0,2,2
6309,HC_NONINT,n1,1,147/1000,2,0,2,2
6311,HC_INT,n0,5/8,1/16,1,0,1,1
6313,HC_DEEP,n5,1/10,1/100,1,0,1,1
6316,HASH,n0,1/4,4/25,2,0,2,2
6323,HC_NONINT,n1,1/10,1/2,5,0,5,5
6324,HC_SHIFT_UNDER_HASH,n0,3/10,5/8,3,0,3,3
6325,HC_INT,n0,1/16,1/16,1,0,1,1
6330,HASH,n0,1/100,1/8,13,0,13,13
6330,HASH,n1,1/8,1/100,2,0,2,2
6330,HASH,n2,1/8,1/100,2,0,2,2
6337,HC_NONINT,n1,2/3,2/5,2,0,2,2
6338,HC_SHIFT_UNDER_HASH,n0,1/16,1/3,6,0,6,6
6338,HC_SHIFT_UNDER_HASH,n3,1/3,1/3,1,0,1,1
6344,HASH,n0,1/5,1/100,1,0,1,1
6344,HASH,n2,1/100,1/5,20,0,20,20
6352,HC_SHIFT_UNDER_HASH,n1,1,3/10,2,0,2,2
6358,HASH,n0,147/1000,2/5,4,0,4,4
6365,HC_NONINT,n3,1/3,147/1000,2,0,2,2
6372,HASH,n0,1/4,5/8,3,0,3,3
6386,HASH,n0,147/1000,1/8,2,0,2,2
6386,HASH,n1,147/1000,1/8,2,0,2,2
6393,HC_NONINT,n0,1/3,2/5,2,0,2,2
6394,HC_SHIFT_UNDER_HASH,n1,1,1/8,1,0,1,1
6395,HC_INT,n0,3/10,1/10,1,0,1,1
6400,HASH,n0,1/5,147/1000,2,0,2,2
6400,HASH,n3,1/5,1/5,1,0,1,1
6407,HC_NONINT,n1,147/1000,1/5,3,0,3,3
6409,HC_INT,n0,2/3,2/3,1,0,1,1
6414,HASH,n0,1/3,5/8,3,0,3,3
6423,HC_INT,n2,2/5,1/100,1,0,1,1
6425,HC_DEEP,n3,1,147/1000,2,0,2,2
6428,HASH,n0,3/10,4/25,2,0,2,2
6435,HC_NONINT,n0,1/10,1/8,2,0,2,2
6442,HASH,n0,1/4,1/16,1,0,1,1
6450,HC_SHIFT_UNDER_HASH,n2,2/5,1/8,2,0,2,2
6451,HC_INT,n0,4/25,1/100,1,0,1,1
6451,HC_INT,n1,1/100,4/25,16,0,16,16
6456,HASH,n0,3/10,1,4,0,4,4
6456,HASH,n4,1,3/10,2,0,2,2
6463,HC_NONINT,n0,5/8,147/1000,2,0,2,2
6470,HASH,n0,5/8,3/8,2,0,2,2
6477,HC_NONINT,n0,1/16,1/10,3,0,3,3
6479,HC_INT,n2,1/16,1,16,0,16,16
6484,HASH,n0,3/8,1/4,2,0,2,2
6484,HASH,n2,1/4,3/8,2,0,2,2
6491,HC_NONINT,n0,1/5,3/10,2,0,2,2
6492,HC_SHIFT_UNDER_HASH,n2,1/10,1/16,2,0,2,2
6498,HASH,n0,3/10,3/8,2,0,2,2
6498,HASH,n3,3/10,3/8,2,0,2,2
6498,HASH,n5,3/10,3/8,2,0,2,2
6505,HC_NONINT,n0,1/5,3/8,3,0,3,3
6506,HC_SHIFT_UNDER_HASH,n0,1/3,1/10,2,0,2,2
6512,HASH,n0,2/5,2/5,1,0,1,1
6512,HASH,n3,1/3,2/5,2,0,2,2
6519,HC_NONINT,n0,1/10,1/8,2,0,2,2
6519,HC_NONINT,n1,1/8,1/10,2,0,2,2
6520,HC_SHIFT_UNDER_HASH,n3,1/2,1/3,2,0,2,2
6526,HASH,n0,1/8,1/100,2,0,2,2
6526,HASH,n2,1/8,1/100,2,0,2,2
6526,HASH,n3,1/8,1/100,2,0,2,2
6540,HASH,n0,2/5,1/10,1,0,1,1
6549,HC_INT,n3,1,1/3,1,0,1,1
6554,HASH,n0,4/25,2/3,5,0,5,5
6561,HC_NONINT,n1,3/10,5/8,3,0,3,3
6561,HC_NONINT,n3,3/10,5/8,3,0,3,3
6565,HC_DEEP,n1,5/8,5/8,1,0,1,1
6568,HASH,n0,4/25,3/8,4,0,4,4
6568,HASH,n2,3/8,4/25,2,0,2,2
6575,HC_NONINT,n0,5/8,1/16,1,0,1,1
6577,HC_INT,n0,3/10,1/100,1,0,1,1
6582,HASH,n0,1/2,1/5,2,0,2,2
6582,HASH,n1,1/2,1/5,2,0,2,2
6582,HASH,n2,1/5,1/2,3,0,3,3
6593,HC_DEEP,n1,3/10,1/8,2,0,2,2
6593,HC_DEEP,n3,1/8,3/8,3,0,3,3
6596,HASH,n0,1/100,1/16,7,0,7,7
6605,HC_INT,n2,1/2,3/8,2,0,2,2
6610,HASH,n0,1/3,2/5,2,0,2,2
6610,HASH,n1,2/3,2/5,2,0,2,2
6617,HC_NONINT,n0,1/2,2/3,2,0,2,2
6618,HC_SHIFT_UNDER_HASH,n2,2/3,1/8,2,0,2,2
6619,HC_INT,n0,4/25,1/100,1,0,1,1
6624,HASH,n0,1/3,1/100,2,0,2,2
6631,HC_NONINT,n0,147/1000,1/4,3,0,3,3
6632,HC_SHIFT_UNDER_HASH,n0,1/8,1/4,2,0,2,2
6633,HC_INT,n2,1/2,2/5,2,0,2,2
6633,HC_INT,n4,1/2,1/4,1,0,1,1
6638,HASH,n0,3/8,2/5,2,0,2,2
6645,HC_NONINT,n0,1/3,3/10,2,0,2,2
6649,HC_DEEP,n0,5/8,1/16,1,0,1,1
6652,HASH,n0,2/5,5/8,3,0,3,3
6659,HC_NONINT,n0,5/8,4/25,2,0,2,2
6666,HASH,n0,3/8,1/100,2,0,2,2
6673,HC_NONINT,n1,1/16,5/8,10,0,10,10
6675,HC_INT,n0,1,1,1,0,1,1
6680,HASH,n0,1/4,1/8,1,0,1,1
6687,HC_NONINT,n1,2/3,1/16,2,0,2,2
6694,HASH,n0,1/3,5/8,3,0,3,3
6701,HC_NONINT,n0,147/1000,4/25,3,0,3,3
6703,HC_INT,n0,1/4,1/16,1,0,1,1
6708,HASH,n0,1/8,2/3,6,0,6,6
6719,HC_DEEP,n0,147/1000,1/16,2,0,2,2
6719,HC_DEEP,n2,147/1000,1/16,2,0,2,2
6719,HC_DEEP,n4,1/4,147/1000,2,0,2,2
6722,HASH,n0,3/8,1/8,1,0,1,1
6722,HASH,n1,1/8,3/8,3,0,3,3
6729,HC_NONINT,n0,1/3,1/5,2,0,2,2
6731,HC_INT,n0,1,1,1,0,1,1
6736,HASH,n0,5/8,3/10,2,0,2,2
6736,HASH,n4,3/10,5/8,3,0,3,3
6743,HC_NONINT,n2,1/16,1/10,3,0,3,3
6745,HC_INT,n3,1,1/4,1,0,1,1
6750,HASH,n0,1/16,1/2,8,0,8,8
6757,HC_NONINT,n0,1/10,1,10,0,10,10
6761,HC_DEEP,n3,1/5,1/8,2,0,2,2
6764,HASH,n0,1/16,1/2,8,0,8,8
6778,HASH,n0,147/1000,3/10,4,0,4,4
6778,HASH,n2,3/10,147/1000,2,0,2,2
6792,HASH,n0,1/10,1/2,5,0,5,5
6806,HASH,n0,3/10,3/8,2,0,2,2
6806,HASH,n1,3/8,3/10,2,0,2,2
6815,HC_INT,n0,5/8,5/8,1,0,1,1
6820,HASH,n0,1/2,1/10,1,0,1,1
6820,HASH,n1,1/10,1/2,5,0,5,5
6827,HC_NONINT,n0,2/5,4/25,2,0,2,2
6834,HASH,n0,147/1000,1/5,3,0,3,3
6834,HASH,n2,1/5,147/1000,2,0,2,2
6841,HC_NONINT,n4,1/5,1/4,2,0,2,2
6845,HC_DEEP,n0,1/8,1/2,4,0,4,4
6848,HASH,n0,5/8,3/10,2,0,2,2
6855,HC_NONINT,n1,4/25,5/8,5,0,5,5
6856,HC_SHIFT_UNDER_HASH,n0,1/10,3/10,3,0,3,3
6862,HASH,n0,4/25,1/100,1,0,1,1
6869,HC_NONINT,n0,4/25,3/10,3,0,3,3
6869,HC_NONINT,n2,3/10,4/25,2,0,2,2
6871,HC_INT,n0,1/5,1/100,1,0,1,1
6876,HASH,n0,2/5,1/10,1,0,1,1
6876,HASH,n1,1/10,2/5,4,0,4,4
6890,HASH,n0,1/16,2/3,12,0,12,12
6904,HASH,n0,2/5,5/8,3,0,3,3
6913,HC_INT,n0,1/2,1/4,1,0,1,1
6918,HASH,n0,147/1000,3/10,4,0,4,4
6925,HC_NONINT,n1,2/5,1/16,2,0,2,2
6927,HC_INT,n0,2/3,1/3,1,0,1,1
6932,HASH,n0,1/16,4/25,4,0,4,4
6939,HC_NONINT,n0,3/8,1/3,2,0,2,2
6946,HASH,n0,1/10,3/10,3,0,3,3
6953,HC_NONINT,n3,147/1000,1/10,2,0,2,2
6960,HASH,n0,1/5,1/3,3,0,3,3
6974,HASH,n0,1/3,1/4,2,0,2,2
6974,HASH,n1,1/3,1/4,2,0,2,2
6981,HC_NONINT,n1,2/3,1/5,2,0,2,2
6983,HC_INT,n0,1/8,1/8,1,0,1,1
6983,HC_INT,n1,1/8,1/8,1,0,1,1
6988,HASH,n0,147/1000,5/8,6,0,6,6
6995,HC_NONINT,n0,1/10,4/25,3,0,3,3
6996,HC_SHIFT_UNDER_HASH,n1,2/5,3/8,2,0,2,2
6999,HC_DEEP,n0,1/2,1/5,2,0,2,2
7002,HASH,n0,1/100,1/2,50,0,50,50
7009,HC_NONINT,n0,147/1000,1/16,2,0,2,2
7013,HC_DEEP,n3,1/100,1,100,0,100,100
7016,HASH,n0,1/2,1/5,2,0,2,2
7023,HC_NONINT,n0,3/10,147/1000,2,0,2,2
7030,HASH,n0,1/100,147/1000,16,0,16,16
7039,HC_INT,n0,1/2,1/4,1,0,1,1
7044,HASH,n0,3/10,1/10,1,0,1,1
7051,HC_NONINT,n1,2/3,1/4,2,0,2,2
7051,HC_NONINT,n2,1/4,2/3,4,0,4,4
7058,HASH,n0,3/8,5/8,3,0,3,3
7058,HASH,n1,3/8,5/8,3,0,3,3
7058,HASH,n2,3/8,3/10,2,0,2,2
7065,HC_NONINT,n0,1/2,1/5,2,0,2,2
7067,HC_INT,n0,1/2,1/16,1,0,1,1
7072,HASH,n0,2/5,1,3,0,3,3
7079,HC_NONINT,n0,1/2,5/8,2,0,2,2
7086,HASH,n0,1/10,3/10,3,0,3,3
7093,HC_NONINT,n0,1/10,1/4,3,0,3,3
7095,HC_INT,n0,2/5,2/5,1,0,1,1
7100,HASH,n0,1/10,1/10,1,0,1,1
7100,HASH,n1,1/10,1/10,1,0,1,1
7107,HC_NONINT,n0,3/10,2/3,4,0,4,4
7114,HASH,n0,2/5,3/10,2,0,2,2
7121,HC_NONINT,n0,1/10,2/3,8,0,8,8
7128,HASH,n0,2/5,1/100,1,0,1,1
7128,HASH,n1,2/3,1/100,2,0,2,2
7128,HASH,n2,2/5,2/3,3,0,3,3
7135,HC_NONINT,n0,1/16,1/4,4,0,4,4
7137,HC_INT,n0,1/5,1/100,1,0,1,1
7142,HASH,n0,3/10,1,4,0,4,4
7149,HC_NONINT,n2,147/1000,1/3,4,0,4,4
7156,HASH,n0,5/8,3/10,2,0,2,2
7163,HC_NONINT,n0,1/3,1/3,1,0,1,1
7163,HC_NONINT,n1,1/100,1/3,34,0,34,34
7164,HC_SHIFT_UNDER_HASH,n1,1/2,1,2,0,2,2
7170,HASH,n0,3/8,1/2,2,0,2,2
7177,HC_NONINT,n0,3/8,2/5,2,0,2,2
7178,HC_SHIFT_UNDER_HASH,n0,1/10,3/10,3,0,3,3
7179,HC_INT,n1,3/10,1/100,1,0,1,1
7181,HC_DEEP,n0,5/8,3/8,2,0,2,2
7184,HASH,n0,1/8,1/4,2,0,2,2
7191,HC_NONINT,n0,1/4,147/1000,2,0,2,2
7193,HC_INT,n0,1/10,1/100,1,0,1,1
7198,HASH,n0,1/10,1/10,1,0,1,1
7198,HASH,n1,1/10,1/10,1,0,1,1
7205,HC_NONINT,n2,1/4,1/2,2,0,2,2
7212,HASH,n0,1/3,3/10,2,0,2,2
7226,HASH,n0,1/2,1/4,1,0,1,1
7233,HC_NONINT,n3,147/1000,1/16,2,0,2,2
7234,HC_SHIFT_UNDER_HASH,n0,1/2,2/3,2,0,2,2
7235,HC_INT,n0,1/10,1/4,3,0,3,3
7235,HC_INT,n1,1/10,1/100,1,0,1,1
7240,HASH,n0,3/10,147/1000,2,0,2,2
7240,HASH,n1,4/25,147/1000,2,0,2,2
7240,HASH,n3,4/25,147/1000,2,0,2,2
7247,HC_NONINT,n0,1/8,1/4,2,0,2,2
7254,HASH,n0,5/8,1,3,0,3,3
7254,HASH,n1,1,5/8,2,0,2,2
7254,HASH,n2,1,5/8,2,0,2,2
7261,HC_NONINT,n0,1/3,1/10,2,0,2,2
7268,HASH,n0,1/8,1/2,4,0,4,4
7275,HC_NONINT,n3,1/3,1/8,2,0,2,2
7276,HC_SHIFT_UNDER_HASH,n2,147/1000,1/10,2,0,2,2
7282,HASH,n0,3/10,1/100,1,0,1,1
7296,HASH,n0,1/4,5/8,3,0,3,3
7310,HASH,n0,1,1/100,1,0,1,1
7317,HC_NONINT,n0,1/100,5/8,63,0,63,63
7319,HC_INT,n1,1/2,1/2,1,0,1,1
7324,HASH,n0,2/3,1/2,2,0,2,2
7324,HASH,n1,1/2,2/3,2,0,2,2
7324,HASH,n3,2/3,1/2,2,0,2,2
7331,HC_NONINT,n0,1/100,1/10,10,0,10,10
7332,HC_SHIFT_UNDER_HASH,n0,1/4,2/5,3,0,3,3
7333,HC_INT,n0,1,1,1,0,1,1
7338,HASH,n0,147/1000,5/8,6,0,6,6
7338,HASH,n1,147/1000,5/8,6,0,6,6
7345,HC_NONINT,n0,147/1000,1/3,4,0,4,4
7347,HC_INT,n0,5/8,5/8,1,0,1,1
7347,HC_INT,n2,5/8,5/8,1,0,1,1
7352,HASH,n0,1/2,1/100,1,0,1,1
7359,HC_NONINT,n0,1,3/10,2,0,2,2
7360,HC_SHIFT_UNDER_HASH,n0,1/100,3/10,30,0,30,30
7361,HC_INT,n0,1/10,1/100,1,0,1,1
7361,HC_INT,n3,1/10,3/8,5,0,5,5
7361,HC_INT,n4,1/10,1/100,1,0,1,1
7366,HASH,n0,2/5,1/4,2,0,2,2
7373,HC_NONINT,n1,5/8,147/1000,2,0,2,2
7380,HASH,n0,1/4,5/8,3,0,3,3
7380,HASH,n1,1/4,1/16,1,0,1,1
7387,HC_NONINT,n0,1/10,147/1000,3,0,3,3
7388,HC_SHIFT_UNDER_HASH,n0,4/25,1,7,0,7,7
7389,HC_INT,n1,1/3,1/3,1,0,1,1
7391,HC_DEEP,n0,1/10,5/8,7,0,7,7
7394,HASH,n0,1/100,1/8,13,0,13,13
7394,HASH,n4,1/8,1/100,2,0,2,2
7408,HASH,n0,3/8,1/100,2,0,2,2
7408,HASH,n3,3/8,1/100,2,0,2,2
7415,HC_NONINT,n3,1/100,5/8,63,0,63,63
7416,HC_SHIFT_UNDER_HASH,n0,1/16,3/10,6,0,6,6
7417,HC_INT,n0,1/4,1/100,1,0,1,1
7422,HASH,n0,1,1/2,1,0,1,1
7429,HC_NONINT,n0,2/3,1/5,2,0,2,2
7431,HC_INT,n0,4/25,4/25,1,0,1,1
7436,HASH,n0,3/10,5/8,3,0,3,3
7436,HASH,n1,3/10,5/8,3,0,3,3
7443,HC_NONINT,n0,1/4,1/2,2,0,2,2
7450,HASH,n0,2/5,1/2,2,0,2,2
7457,HC_NONINT,n0,5/8,1,3,0,3,3
7458,HC_SHIFT_UNDER_HASH,n0,5/8,1/2,2,0,2,2
7459,HC_INT,n0,3/10,1/10,1,0,1,1
7459,HC_INT,n3,1/10,1/100,1,0,1,1
7464,HASH,n0,1/5,1/2,3,0,3,3
7475,HC_DEEP,n0,1/2,2/5,2,0,2,2
7478,HASH,n0,2/3,5/8,2,0,2,2
7478,HASH,n1,2/3,5/8,2,0,2,2
7485,HC_NONINT,n0,1/4,4/25,2,0,2,2
7489,HC_DEEP,n0,2/5,3/8,2,0,2,2
7489,HC_DEEP,n4,2/5,2/5,1,0,1,1
7492,HASH,n0,1/2,1/10,1,0,1,1
7503,HC_DEEP,n0,1/100,1/100,1,0,1,1
7506,HASH,n0,1/16,1/5,4,0,4,4
7513,HC_NONINT,n0,1/4,1,4,0,4,4
7515,HC_INT,n2,1/4,1/4,1,0,1,1
7520,HASH,n0,1/3,1/4,2,0,2,2
7529,HC_INT,n0,1/2,5/8,2,0,2,2
7534,HASH,n0,1/3,1,3,0,3,3
7534,HASH,n1,1/3,1,3,0,3,3
7541,HC_NONINT,n0,2/5,4/25,2,0,2,2
7543,HC_INT,n1,1/5,1/5,1,0,1,1
7545,HC_DEEP,n0,1/5,2/3,4,0,4,4
7548,HASH,n0,1/3,1/2,2,0,2,2
7548,HASH,n1,1/3,147/1000,2,0,2,2
7548,HASH,n2,1/3,147/1000,2,0,2,2
7555,HC_NONINT,n0,2/3,5/8,2,0,2,2
7555,HC_NONINT,n2,5/8,2/3,2,0,2,2
7557,HC_INT,n0,1,1/16,1,0,1,1
7562,HASH,n0,1,1/2,1,0,1,1
7571,HC_INT,n0,1/8,1/16,1,0,1,1
7571,HC_INT,n1,1/4,1/16,1,0,1,1
7576,HASH,n0,4/25,3/8,4,0,4,4
7583,HC_NONINT,n0,5/8,147/1000,2,0,2,2
7590,HASH,n0,3/10,1/8,2,0,2,2
7597,HC_NONINT,n0,1/5,1/4,2,0,2,2
7599,HC_INT,n0,1/100,3/10,30,0,30,30
7604,HASH,n0,1/16,1/16,1,0,1,1
7611,HC_NONINT,n0,1/2,1,2,0,2,2
7613,HC_INT,n0,3/8,1/8,1,0,1,1
7618,HASH,n0,1/2,2/3,2,0,2,2
7632,HASH,n0,3/8,2/3,3,0,3,3
7632,HASH,n1,2/3,1/8,2,0,2,2
7632,HASH,n3,2/3,1/8,2,0,2,2
7639,HC_NONINT,n1,4/25,1/4,3,0,3,3
7646,HASH,n0,1/10,2/5,4,0,4,4
7655,HC_INT,n3,1,1,1,0,1,1
7660,HASH,n0,147/1000,4/25,3,0,3,3
7667,HC_NONINT,n1,1/4,1/3,2,0,2,2
7669,HC_INT,n1,1/2,1/5,2,0,2,2
7674,HASH,n0,1/2,3/10,2,0,2,2
7681,HC_NONINT,n0,5/8,147/1000,2,0,2,2
7688,HASH,n0,1/8,1/2,4,0,4,4
7688,HASH,n1,1/8,1/2,4,0,4,4
7695,HC_NONINT,n0,1/8,1/4,2,0,2,2
7696,HC_SHIFT_UNDER_HASH,n0,3/10,1/8,2,0,2,2
7702,HASH,n0,1/4,4/25,2,0,2,2
7702,HASH,n1,1/4,4/25,2,0,2,2
7710,HC_SHIFT_UNDER_HASH,n0,2/3,4/25,2,0,2,2
7716,HASH,n0,1/4,1,4,0,4,4
7723,HC_NONINT,n0,1/2,1/16,1,0,1,1
7725,HC_INT,n0,1/5,1/5,1,0,1,1
7730,HASH,n0,4/25,1/16,2,0,2,2
7730,HASH,n1,4/25,1/16,2,0,2,2
7737,HC_NONINT,n1,1/2,2/3,2,0,2,2
7744,HASH,n0,1/10,3/8,5,0,5,5
7758,HASH,n0,1/3,147/1000,2,0,2,2
7765,HC_NONINT,n1,3/10,2/5,2,0,2,2
7767,HC_INT,n0,1/8,1/8,1,0,1,1
7769,HC_DEEP,n0,2/5,1/10,1,0,1,1
7769,HC_DEEP,n3,1/10,2/3,8,0,8,8
7772,HASH,n0,147/1000,3/10,4,0,4,4
7779,HC_NONINT,n0,4/25,5/8,5,0,5,5
7786,HASH,n0,5/8,4/25,2,0,2,2
7786,HASH,n2,147/1000,4/25,3,0,3,3
7793,HC_NONINT,n2,1/8,3/10,4,0,4,4
7794,HC_SHIFT_UNDER_HASH,n2,1/4,1/3,2,0,2,2
7797,HC_DEEP,n2,1/2,1/5,2,0,2,2
7800,HASH,n0,2/3,1/3,1,0,1,1
7800,HASH,n1,2/3,1/3,1,0,1,1
7808,HC_SHIFT_UNDER_HASH,n0,5/8,1/5,2,0,2,2
7814,HASH,n0,3/8,1/3,2,0,2,2
7821,HC_NONINT,n0,1/100,1/10,10,0,10,10
7822,HC_SHIFT_UNDER_HASH,n0,1/5,1/10,1,0,1,1
7828,HASH,n0,1/5,1/2,3,0,3,3
7835,HC_NONINT,n0,5/8,1/10,2,0,2,2
7842,HASH,n0,1/16,5/8,10,0,10,10
7849,HC_NONINT,n0,1/2,5/8,2,0,2,2
7856,HASH,n0,2/3,3/8,2,0,2,2
7865,HC_INT,n3,2/5,1/5,1,0,1,1
7867,HC_DEEP,n2,147/1000,1/100,2,0,2,2
7870,HASH,n0,1/3,4/25,2,0,2,2
7877,HC_NONINT,n0,1/5,147/1000,2,0,2,2
7877,HC_NONINT,n1,1/5,147/1000,2,0,2,2
7879,HC_INT,n5,5/8,1/16,1,0,1,1
7884,HASH,n0,4/25,1/8,2,0,2,2
7884,HASH,n1,1/8,4/25,3,0,3,3
7898,HASH,n0,1/8,1/8,1,0,1,1
7898,HASH,n1,1/10,1/8,2,0,2,2
7898,HASH,n2,1/8,1/8,1,0,1,1
7905,HC_NONINT,n0,1/2,1,2,0,2,2
7907,HC_INT,n0,3/10,1/4,2,0,2,2
7907,HC_INT,n1,1/4,3/10,2,0,2,2
7912,HASH,n0,4/25,2/3,5,0,5,5
7912,HASH,n1,1/4,2/3,4,0,4,4
7919,HC_NONINT,n0,1/3,1/4,2,0,2,2
7926,HASH,n0,1/5,1/4,2,0,2,2
7933,HC_NONINT,n0,147/1000,5/8,6,0,6,6
7940,HASH,n0,1/3,1/5,2,0,2,2
7940,HASH,n1,2/3,1/5,2,0,2,2
7947,HC_NONINT,n2,3/10,3/8,2,0,2,2
7949,HC_INT,n0,5/8,1/8,1,0,1,1
7954,HASH,n0,1/10,1/5,2,0,2,2
7961,HC_NONINT,n0,3/10,1/3,2,0,2,2
7961,HC_NONINT,n1,1/4,1/3,2,0,2,2
7963,HC_INT,n0,1,1/4,1,0,1,1
7965,HC_DEEP,n0,1/16,2/5,8,0,8,8
7968,HASH,n0,1/2,1/5,2,0,2,2
7979,HC_DEEP,n0,147/1000,1/3,4,0,4,4
7979,HC_DEEP,n1,147/1000,1/3,4,0,4,4
7982,HASH,n0,147/1000,5/8,6,0,6,6
7996,HASH,n0,1/4,1/100,1,0,1,1
8003,HC_NONINT,n1,3/8,1/4,2,0,2,2
8004,HC_SHIFT_UNDER_HASH,n0,1/16,1/100,2,0,2,2
8010,HASH,n0,147/1000,1/100,2,0,2,2
8010,HASH,n1,1/100,147/1000,16,0,16,16
8019,HC_INT,n0,1/10,1/10,1,0,1,1
8024,HASH,n0,4/25,1/2,4,0,4,4
8031,HC_NONINT,n1,1/8,2/3,6,0,6,6
8038,HASH,n0,1/5,1/2,3,0,3,3
8045,HC_NONINT,n0,2/3,1/16,2,0,2,2
8046,HC_SHIFT_UNDER_HASH,n0,1/4,1/5,2,0,2,2
8049,HC_DEEP,n0,1/3,2/5,2,0,2,2
8052,HASH,n0,1/4,1/100,1,0,1,1
8061,HC_INT,n3,2/3,147/1000,2,0,2,2
8066,HASH,n0,1/8,1/8,1,0,1,1
8066,HASH,n2,1/8,1/5,3,0,3,3
8073,HC_NONINT,n0,1/3,3/8,2,0,2,2
8080,HASH,n0,3/8,1/16,1,0,1,1
8089,HC_INT,n0,2/5,1/100,1,0,1,1
8094,HASH,n0,4/25,1,7,0,7,7
8103,HC_INT,n0,1/8,1,8,0,8,8
8103,HC_INT,n2,1,1/8,1,0,1,1
8108,HASH,n0,1/2,1/2,1,0,1,1
8115,HC_NONINT,n0,1,147/1000,2,0,2,2
8117,HC_INT,n0,1,1,1,0,1,1
8119,HC_DEEP,n0,3/10,1/10,1,0,1,1
8122,HASH,n0,1/8,147/1000,3,0,3,3
8129,HC_NONINT,n0,147/1000,2/3,6,0,6,6
8136,HASH,n0,4/25,147/1000,2,0,2,2
8143,HC_NONINT,n0,1,1/10,1,0,1,1
8145,HC_INT,n0,1/5,1/10,1,0,1,1
8147,HC_DEEP,n0,3/8,1/2,2,0,2,2
8150,HASH,n0,147/1000,1/16,2,0,2,2
8164,HASH,n0,3/10,1/3,2,0,2,2
8164,HASH,n1,1/3,1/10,2,0,2,2
8175,HC_DEEP,n0,4/25,1/3,3,0,3,3
8178,HASH,n0,1/100,1/100,1,0,1,1
8178,HASH,n1,1/100,1/100,1,0,1,1
8178,HASH,n3,1/100,1/100,1,0,1,1
8178,HASH,n4,1/100,1/100,1,0,1,1
8186,HC_SHIFT_UNDER_HASH,n1,1/2,3/10,2,0,2,2
8187,HC_INT,n2,3/8,1/8,1,0,1,1
8192,HASH,n0,147/1000,2/3,6,0,6,6
8192,HASH,n1,2/3,147/1000,2,0,2,2
8199,HC_NONINT,n1,3/10,2/3,4,0,4,4
8206,HASH,n0,2/3,147/1000,2,0,2,2
8206,HASH,n1,147/1000,2/3,6,0,6,6
8220,HASH,n0,1/4,4/25,2,0,2,2
8220,HASH,n2,1/4,4/25,2,0,2,2
8227,HC_NONINT,n0,1/100,2/3,68,0,68,68
8229,HC_INT,n1,1/10,1/10,1,0,1,1
8229,HC_INT,n2,1/3,1/10,2,0,2,2
8234,HASH,n0,1/16,1/100,2,0,2,2
8248,HASH,n0,1/3,1/8,2,0,2,2
8248,HASH,n1,1/8,1/3,4,0,4,4
8255,HC_NONINT,n1,147/1000,1/5,3,0,3,3
8257,HC_INT,n0,147/1000,147/1000,1,0,1,1
8262,HASH,n0,3/8,1/3,2,0,2,2
8271,HC_INT,n0,1/2,1/100,1,0,1,1
8276,HASH,n0,4/25,1/100,1,0,1,1
8276,HASH,n1,1/100,4/25,16,0,16,16
8283,HC_NONINT,n0,1,1/8,1,0,1,1
8283,HC_NONINT,n1,147/1000,1,8,0,8,8
8290,HASH,n0,2/5,1/10,1,0,1,1
8290,HASH,n1,1/10,2/5,4,0,4,4
8298,HC_SHIFT_UNDER_HASH,n0,4/25,5/8,5,0,5,5
8299,HC_INT,n0,1/2,1/3,2,0,2,2
8299,HC_INT,n2,1/2,1/5,2,0,2,2
8304,HASH,n0,2/5,3/8,2,0,2,2
8313,HC_INT,n1,1/5,1/10,1,0,1,1
8318,HASH,n0,5/8,2/5,2,0,2,2
8325,HC_NONINT,n0,1/10,1/3,4,0,4,4
8325,HC_NONINT,n1,1/3,1/2,2,0,2,2
8326,HC_SHIFT_UNDER_HASH,n0,3/8,1/4,2,0,2,2
8327,HC_INT,n0,3/10,1/10,1,0,1,1
8332,HASH,n0,1/3,1/10,2,0,2,2
8340,HC_SHIFT_UNDER_HASH,n2,1,5/8,2,0,2,2
8346,HASH,n0,2/5,2/5,1,0,1,1
8346,HASH,n1,2/5,2/5,1,0,1,1
8353,HC_NONINT,n2,3/8,1/2,2,0,2,2
8355,HC_INT,n2,1,1/4,1,0,1,1
8360,HASH,n0,5/8,147/1000,2,0,2,2
8360,HASH,n1,147/1000,1,8,0,8,8
8360,HASH,n2,147/1000,5/8,6,0,6,6
8367,HC_NONINT,n0,1/16,1/5,4,0,4,4
8369,HC_INT,n0,1,1/3,1,0,1,1
8374,HASH,n0,147/1000,1/16,2,0,2,2
8381,HC_NONINT,n0,3/10,3/8,2,0,2,2
8382,HC_SHIFT_UNDER_HASH,n1,5/8,2/5,2,0,2,2
8383,HC_INT,n2,2/5,2/5,1,0,1,1
8388,HASH,n0,1/3,3/8,2,0,2,2
8402,HASH,n0,1/10,1/100,1,0,1,1
8402,HASH,n2,1/10,1/100,1,0,1,1
8416,HASH,n0,3/8,4/25,2,0,2,2
8423,HC_NONINT,n0,147/1000,2/3,6,0,6,6
8424,HC_SHIFT_UNDER_HASH,n0,1/4,1/10,2,0,2,2
8430,HASH,n0,1,1/2,1,0,1,1
8437,HC_NONINT,n0,1/8,1/5,3,0,3,3
8439,HC_INT,n0,4/25,4/25,1,0,1,1
8444,HASH,n0,4/25,1/3,3,0,3,3
8451,HC_NONINT,n0,3/8,1/8,1,0,1,1
8451,HC_NONINT,n1,1/8,3/8,3,0,3,3
8452,HC_SHIFT_UNDER_HASH,n2,147/1000,1/100,2,0,2,2
8453,HC_INT,n1,1/8,2/5,4,0,4,4
8458,HASH,n0,1/4,4/25,2,0,2,2
8472,HASH,n0,3/8,1/3,2,0,2,2
8472,HASH,n2,1/3,3/8,2,0,2,2
8479,HC_NONINT,n0,1/5,1,5,0,5,5
8481,HC_INT,n0,1/2,1/16,1,0,1,1
8486,HASH,n0,147/1000,2/5,4,0,4,4
8493,HC_NONINT,n0,1/3,1/10,2,0,2,2
8494,HC_SHIFT_UNDER_HASH,n1,1/10,1/16,2,0,2,2
8500,HASH,n0,1/10,1,10,0,10,10
8507,HC_NONINT,n0,2/3,1/5,2,0,2,2
8508,HC_SHIFT_UNDER_HASH,n0,5/8,1/10,2,0,2,2
8509,HC_INT,n0,1,1,1,0,1,1
8514,HASH,n0,2/5,1/16,2,0,2,2
8514,HASH,n1,1/16,4/25,4,0,4,4
8521,HC_NONINT,n1,1/8,1,8,0,8,8
8528,HASH,n0,4/25,3/8,4,0,4,4
8535,HC_NONINT,n2,147/1000,1/2,5,0,5,5
8542,HASH,n0,1/4,5/8,3,0,3,3
8542,HASH,n3,5/8,1/4,2,0,2,2
8556,HASH,n0,1/5,1/100,1,0,1,1
8570,HASH,n0,3/10,5/8,3,0,3,3
8570,HASH,n1,3/8,3/10,2,0,2,2
8577,HC_NONINT,n1,3/10,1/16,2,0,2,2
8579,HC_INT,n0,3/8,1/8,1,0,1,1
8584,HASH,n0,2/3,2/5,2,0,2,2
8592,HC_SHIFT_UNDER_HASH,n0,1/3,1/3,1,0,1,1
8593,HC_INT,n0,4/25,1/100,1,0,1,1
8598,HASH,n0,3/8,5/8,3,0,3,3
8612,HASH,n0,1/100,3/8,38,0,38,38
8612,HASH,n2,1,1/100,1,0,1,1
8620,HC_SHIFT_UNDER_HASH,n0,5/8,1/16,1,0,1,1
8626,HASH,n0,1/2,1/4,1,0,1,1
8635,HC_INT,n0,5/8,1/8,1,0,1,1
8640,HASH,n0,2/5,3/10,2,0,2,2
8640,HASH,n1,2/5,3/10,2,0,2,2
8647,HC_NONINT,n3,2/5,5/8,3,0,3,3
8654,HASH,n0,2/3,1/4,2,0,2,2
8654,HASH,n1,1/4,2/3,4,0,4,4
8661,HC_NONINT,n0,3/8,2/3,3,0,3,3
8663,HC_INT,n0,2/5,1/16,2,0,2,2
8668,HASH,n0,2/3,1/10,2,0,2,2
8675,HC_NONINT,n0,3/10,4/25,2,0,2,2
8677,HC_INT,n0,5/8,1,3,0,3,3
8682,HASH,n0,1/100,1/5,20,0,20,20
8689,HC_NONINT,n0,3/8,1/3,2,0,2,2
8693,HC_DEEP,n1,1/8,1/3,4,0,4,4
8696,HASH,n0,147/1000,5/8,6,0,6,6
8703,HC_NONINT,n1,1/16,2/5,8,0,8,8
8705,HC_INT,n0,1,1,1,0,1,1
8710,HASH,n0,1/3,1/8,2,0,2,2
8710,HASH,n3,1/3,1/8,2,0,2,2
8721,HC_DEEP,n0,3/8,1/16,1,0,1,1
8724,HASH,n0,4/25,1/8,2,0,2,2
8731,HC_NONINT,n0,1/16,1/2,8,0,8,8
8733,HC_INT,n2,2/5,1/100,1,0,1,1
8738,HASH,n0,1/4,1/2,2,0,2,2
8738,HASH,n1,1/4,1/2,2,0,2,2
8745,HC_NONINT,n0,1/16,1,16,0,16,16
8747,HC_INT,n0,1/100,1/100,1,0,1,1
8752,HASH,n0,2/5,3/10,2,0,2,2
8763,HC_DEEP,n1,1/10,4/25,3,0,3,3
8766,HASH,n0,4/25,1/10,2,0,2,2
8773,HC_NONINT,n0,147/1000,1,8,0,8,8
8780,HASH,n0,3/10,1/100,1,0,1,1
8780,HASH,n1,1/100,3/10,30,0,30,30
8787,HC_NONINT,n1,1/16,1/4,4,0,4,4
8789,HC_INT,n1,1,1/3,1,0,1,1
8794,HASH,n0,147/1000,1/3,4,0,4,4
8794,HASH,n1,1/3,1/16,2,0,2,2
8794,HASH,n2,147/1000,1/3,4,0,4,4
8801,HC_NONINT,n1,3/10,5/8,3,0,3,3
8803,HC_INT,n1,1/2,1/4,1,0,1,1
8808,HASH,n0,3/8,1/3,2,0,2,2
8808,HASH,n1,3/8,1/3,2,0,2,2
8822,HASH,n0,1/10,1/10,1,0,1,1
8829,HC_NONINT,n0,147/1000,1/5,3,0,3,3
8830,HC_SHIFT_UNDER_HASH,n5,1/2,1/16,1,0,1,1
8836,HASH,n0,2/5,5/8,3,0,3,3
8843,HC_NONINT,n0,1/10,3/8,5,0,5,5
8845,HC_INT,n0,1/5,1/5,1,0,1,1
8850,HASH,n0,4/25,1,7,0,7,7
8850,HASH,n1,1,4/25,2,0,2,2
8850,HASH,n3,1,1/8,1,0,1,1
8857,HC_NONINT,n1,1/4,2/5,3,0,3,3
8864,HASH,n0,1/2,1/10,1,0,1,1
8871,HC_NONINT,n3,1/5,1/2,3,0,3,3
8872,HC_SHIFT_UNDER_HASH,n0,2/5,1/10,1,0,1,1
8878,HASH,n0,1/100,1,100,0,100,100
8878,HASH,n1,1/100,1/8,13,0,13,13
8885,HC_NONINT,n0,1/3,1/10,2,0,2,2
8886,HC_SHIFT_UNDER_HASH,n0,1/8,4/25,3,0,3,3
8892,HASH,n0,3/8,1/100,2,0,2,2
8892,HASH,n2,1/100,3/8,38,0,38,38
8899,HC_NONINT,n0,1/100,2/5,40,0,40,40
8899,HC_NONINT,n1,1/100,1/4,25,0,25,25
8906,HASH,n0,1,2/5,2,0,2,2
8913,HC_NONINT,n2,1/10,1,10,0,10,10
8913,HC_NONINT,n3,1,1/10,1,0,1,1
8914,HC_SHIFT_UNDER_HASH,n5,2/3,1/2,2,0,2,2
8920,HASH,n0,1/3,3/8,2,0,2,2
8934,HASH,n0,4/25,3/10,3,0,3,3
8934,HASH,n1,3/10,4/25,2,0,2,2
8948,HASH,n0,2/5,1/100,1,0,1,1
8962,HASH,n0,2/5,147/1000,2,0,2,2
8969,HC_NONINT,n0,147/1000,5/8,6,0,6,6
8976,HASH,n0,3/8,1,4,0,4,4
8983,HC_NONINT,n0,1/10,147/1000,3,0,3,3
8984,HC_SHIFT_UNDER_HASH,n0,1/16,1/8,2,0,2,2
8990,HASH,n0,5/8,3/8,2,0,2,2
8997,HC_NONINT,n0,147/1000,1/16,2,0,2,2
8997,HC_NONINT,n2,1/16,147/1000,4,0,4,4
8999,HC_INT,n0,1/16,1/16,1,0,1,1
9001,HC_DEEP,n2,3/10,1/5,2,0,2,2
9004,HASH,n0,2/3,1/16,2,0,2,2
9018,HASH,n0,1/3,1/5,2,0,2,2
9018,HASH,n1,1/5,1/3,3,0,3,3
9025,HC_NONINT,n0,2/3,1,2,0,2,2
9032,HASH,n0,1/4,1/10,2,0,2,2
9032,HASH,n1,1/4,1/10,2,0,2,2
9046,HASH,n0,147/1000,3/10,4,0,4,4
9053,HC_NONINT,n0,1/2,147/1000,2,0,2,2
9060,HASH,n0,1/16,1/2,8,0,8,8
9060,HASH,n1,1/16,1/2,8,0,8,8
9067,HC_NONINT,n2,2/3,1/100,2,0,2,2
9069,HC_INT,n0,147/1000,147/1000,1,0,1,1
9074,HASH,n0,1/5,3/10,2,0,2,2
9074,HASH,n1,1/5,3/8,3,0,3,3
9081,HC_NONINT,n1,1,2/5,2,0,2,2
9085,HC_DEEP,n2,1/100,1,100,0,100,100
9088,HASH,n0,1/10,2/5,4,0,4,4
9096,HC_SHIFT_UNDER_HASH,n2,1/5,1/100,1,0,1,1
9102,HASH,n0,3/8,1/2,2,0,2,2
9102,HASH,n1,3/8,1/3,2,0,2,2
9102,HASH,n3,1/2,3/8,2,0,2,2
9116,HASH,n0,1/10,1/100,1,0,1,1
9123,HC_NONINT,n2,2/5,5/8,3,0,3,3
9124,HC_SHIFT_UNDER_HASH,n0,2/5,147/1000,2,0,2,2
9130,HASH,n0,5/8,1/3,2,0,2,2
9130,HASH,n2,1/3,5/8,3,0,3,3
9137,HC_NONINT,n0,3/8,1,4,0,4,4
9139,HC_INT,n0,2/5,2/5,1,0,1,1
9144,HASH,n0,2/3,1/3,1,0,1,1
9158,HASH,n0,2/3,1/8,2,0,2,2
9158,HASH,n1,2/3,1/8,2,0,2,2
9167,HC_INT,n3,1/2,1/8,1,0,1,1
9172,HASH,n0,1,1/5,1,0,1,1
9179,HC_NONINT,n0,1/8,3/10,4,0,4,4
9181,HC_INT,n1,1,1/2,1,0,1,1
9186,HASH,n0,1/3,1/100,2,0,2,2
9186,HASH,n1,147/1000,1/100,2,0,2,2
9186,HASH,n2,1/3,1/100,2,0,2,2
9193,HC_NONINT,n1,1/10,1,10,0,10,10
9194,HC_SHIFT_UNDER_HASH,n0,3/8,147/1000,2,0,2,2
9195,HC_INT,n0,1/10,1/2,5,0,5,5
9195,HC_INT,n1,1/10,1/2,5,0,5,5
9200,HASH,n0,5/8,1/100,2,0,2,2
9200,HASH,n3,5/8,1/100,2,0,2,2
9200,HASH,n4,5/8,1/100,2,0,2,2
9214,HASH,n0,147/1000,2/3,6,0,6,6
9214,HASH,n1,2/3,2/5,2,0,2,2
9214,HASH,n2,2/3,2/5,2,0,2,2
9214,HASH,n3,2/5,2/3,3,0,3,3
9228,HASH,n0,1/4,1,4,0,4,4
9235,HC_NONINT,n0,1/2,147/1000,2,0,2,2
9242,HASH,n0,1/2,1/2,1,0,1,1
9249,HC_NONINT,n0,1,3/10,2,0,2,2
9251,HC_INT,n1,1/16,3/10,6,0,6,6
9256,HASH,n0,3/10,5/8,3,0,3,3
9256,HASH,n1,3/10,1,4,0,4,4
9256,HASH,n2,5/8,1,3,0,3,3
9270,HASH,n0,4/25,1/3,3,0,3,3
9281,HC_DEEP,n3,4/25,2/5,3,0,3,3
9284,HASH,n0,1/10,3/8,5,0,5,5
9291,HC_NONINT,n1,1/16,1/100,2,0,2,2
9298,HASH,n0,2/5,1/100,1,0,1,1
9298,HASH,n2,1/100,1/100,1,0,1,1
9306,HC_SHIFT_UNDER_HASH,n2,1/2,147/1000,2,0,2,2
9309,HC_DEEP,n1,147/1000,5/8,6,0,6,6
9312,HASH,n0,2/3,1/5,2,0,2,2
9312,HASH,n1,1/5,2/3,4,0,4,4
9312,HASH,n2,1/5,2/3,4,0,4,4
9312,HASH,n3,1/10,2/3,8,0,8,8
9326,HASH,n0,2/3,2/5,2,0,2,2
9326,HASH,n1,2/5,2/3,3,0,3,3
9334,HC_SHIFT_UNDER_HASH,n0,1/16,2/5,8,0,8,8
9334,HC_SHIFT_UNDER_HASH,n2,2/5,1/16,2,0,2,2
9340,HASH,n0,147/1000,2/5,4,0,4,4
9340,HASH,n1,147/1000,3/8,4,0,4,4
9340,HASH,n3,147/1000,3/8,4,0,4,4
9347,HC_NONINT,n1,1/16,2/3,12,0,12,12
9347,HC_NONINT,n4,1/2,2/3,2,0,2,2
9349,HC_INT,n0,1,1/10,1,0,1,1
9354,HASH,n0,2/5,3/8,2,0,2,2
9362,HC_SHIFT_UNDER_HASH,n3,1/4,2/3,4,0,4,4
9363,HC_INT,n0,3/8,1/8,1,0,1,1
9368,HASH,n0,3/8,1/10,2,0,2,2
9375,HC_NONINT,n0,2/5,1/4,2,0,2,2
9375,HC_NONINT,n1,2/5,147/1000,2,0,2,2
9379,HC_DEEP,n1,3/8,5/8,3,0,3,3
9382,HASH,n0,1,1/100,1,0,1,1
9382,HASH,n1,1,1/100,1,0,1,1
9389,HC_NONINT,n1,3/10,1,4,0,4,4
9391,HC_INT,n3,2/5,2/5,1,0,1,1
9396,HASH,n0,147/1000,2/3,6,0,6,6
9404,HC_SHIFT_UNDER_HASH,n0,3/8,1/2,2,0,2,2
9404,HC_SHIFT_UNDER_HASH,n2,1/2,3/8,2,0,2,2
9407,HC_DEEP,n1,1,1/3,1,0,1,1
9410,HASH,n0,1/3,2/3,2,0,2,2
9417,HC_NONINT,n2,1/3,3/8,2,0,2,2
9419,HC_INT,n0,1,1,1,0,1,1
9424,HASH,n0,1/4,1/100,1,0,1,1
9431,HC_NONINT,n0,1/3,1/100,2,0,2,2
9438,HASH,n0,1/10,1,10,0,10,10
9438,HASH,n1,1,1/10,1,0,1,1
9445,HC_NONINT,n0,1/8,1/5,3,0,3,3
9446,HC_SHIFT_UNDER_HASH,n0,5/8,147/1000,2,0,2,2
9447,HC_INT,n4,1/3,1/3,1,0,1,1
9452,HASH,n0,1/8,4/25,3,0,3,3
9459,HC_NONINT,n1,1,147/1000,2,0,2,2
9466,HASH,n0,1/16,1,16,0,16,16
9473,HC_NONINT,n0,5/8,4/25,2,0,2,2
9473,HC_NONINT,n2,4/25,5/8,5,0,5,5
9475,HC_INT,n2,1,1/16,1,0,1,1
9480,HASH,n0,1/2,1/4,1,0,1,1
9494,HASH,n0,1/16,1/5,4,0,4,4
9494,HASH,n2,1/16,1/5,4,0,4,4
9501,HC_NONINT,n0,1/100,1,100,0,100,100
9508,HASH,n0,2/3,1/100,2,0,2,2
9517,HC_INT,n0,1,1/3,1,0,1,1
9522,HASH,n0,1/2,2/5,2,0,2,2
9522,HASH,n1,1/16,2/5,8,0,8,8
9529,HC_NONINT,n0,5/8,4/25,2,0,2,2
9531,HC_INT,n0,1,1/10,1,0,1,1
9531,HC_INT,n1,1/10,1,10,0,10,10
9536,HASH,n0,1/3,147/1000,2,0,2,2
9536,HASH,n2,1/3,147/1000,2,0,2,2
9543,HC_NONINT,n3,1/10,3/10,3,0,3,3
9547,HC_DEEP,n0,3/10,1/5,2,0,2,2
9550,HASH,n0,1/8,1,8,0,8,8
9550,HASH,n1,1/8,3/10,4,0,4,4
9550,HASH,n2,1,1/8,1,0,1,1
9557,HC_NONINT,n0,1/3,1/100,2,0,2,2
9561,HC_DEEP,n0,1/5,2/3,4,0,4,4
9564,HASH,n0,2/5,1/100,1,0,1,1
9571,HC_NONINT,n0,1,3/8,2,0,2,2
9572,HC_SHIFT_UNDER_HASH,n0,1/5,3/8,3,0,3,3
9578,HASH,n0,1/16,3/8,6,0,6,6
9578,HASH,n1,3/8,1/10,2,0,2,2
9578,HASH,n4,3/8,1/10,2,0,2,2
9585,HC_NONINT,n0,1/2,1/16,1,0,1,1
9592,HASH,n0,1/4,147/1000,2,0,2,2
9606,HASH,n0,3/10,5/8,3,0,3,3
9606,HASH,n2,5/8,3/10,2,0,2,2
9620,HASH,n0,147/1000,3/8,4,0,4,4
9620,HASH,n1,147/1000,3/8,4,0,4,4
9627,HC_NONINT,n3,1/4,5/8,3,0,3,3
9629,HC_INT,n0,147/1000,147/1000,1,0,1,1
9634,HASH,n0,2/3,1/10,2,0,2,2
9634,HASH,n1,2/3,1/10,2,0,2,2
9648,HASH,n0,3/10,1/2,3,0,3,3
9648,HASH,n1,1/2,3/10,2,0,2,2
9655,HC_NONINT,n0,1/3,3/8,2,0,2,2
9657,HC_INT,n0,1/4,1/8,1,0,1,1
9662,HASH,n0,3/8,1/100,2,0,2,2
9662,HASH,n1,1/100,3/8,38,0,38,38
9669,HC_NONINT,n0,3/8,1/3,2,0,2,2
9670,HC_SHIFT_UNDER_HASH,n5,1/100,4/25,16,0,16,16
9673,HC_DEEP,n0,1/10,1/100,1,0,1,1
9676,HASH,n0,2/3,1/5,2,0,2,2
9676,HASH,n2,2/5,2/3,3,0,3,3
9683,HC_NONINT,n0,3/8,1/10,2,0,2,2
9684,HC_SHIFT_UNDER_HASH,n0,1/8,3/10,4,0,4,4
9685,HC_INT,n1,3/8,1/8,1,0,1,1
9690,HASH,n0,147/1000,1/4,3,0,3,3
9690,HASH,n1,1/4,147/1000,2,0,2,2
9697,HC_NONINT,n1,1,4/25,2,0,2,2
9697,HC_NONINT,n5,4/25,1,7,0,7,7
9704,HASH,n0,3/8,1/5,2,0,2,2
9711,HC_NONINT,n1,147/1000,1,8,0,8,8
9713,HC_INT,n0,1/2,1/16,1,0,1,1
9718,HASH,n0,1/100,1/100,1,0,1,1
9725,HC_NONINT,n0,1/2,2/5,2,0,2,2
9726,HC_SHIFT_UNDER_HASH,n0,1/100,2/5,40,0,40,40
9732,HASH,n0,5/8,1/5,2,0,2,2
9739,HC_NONINT,n0,1/5,1/100,1,0,1,1
9746,HASH,n0,4/25,147/1000,2,0,2,2
9753,HC_NONINT,n1,4/25,3/8,4,0,4,4
9760,HASH,n0,1/5,1/10,1,0,1,1
9760,HASH,n1,1/10,1/5,2,0,2,2
9760,HASH,n2,1/10,1/5,2,0,2,2
9767,HC_NONINT,n2,2/5,1/8,2,0,2,2
9774,HASH,n0,1/10,1/100,1,0,1,1
9781,HC_NONINT,n0,1/16,1/100,2,0,2,2
9781,HC_NONINT,n1,1/16,1/100,2,0,2,2
9782,HC_SHIFT_UNDER_HASH,n0,1/3,1/16,2,0,2,2
9788,HASH,n0,5/8,3/10,2,0,2,2
9802,HASH,n0,2/3,1/8,2,0,2,2
9802,HASH,n1,2/3,1/8,2,0,2,2
9802,HASH,n3,2/3,1/8,2,0,2,2
9811,HC_INT,n1,2/5,2/5,1,0,1,1
9811,HC_INT,n2,1/8,2/5,4,0,4,4
9816,HASH,n0,1/100,1,100,0,100,100
9816,HASH,n2,1/100,1,100,0,100,100
9823,HC_NONINT,n3,3/10,3/8,2,0,2,2
9825,HC_INT,n2,3/8,3/10,2,0,2,2
9827,HC_DEEP,n3,1,5/8,2,0,2,2
9830,HASH,n0,2/3,1/8,2,0,2,2
9830,HASH,n1,1/8,2/3,6,0,6,6
9837,HC_NONINT,n2,2/5,2/5,1,0,1,1
9844,HASH,n0,4/25,2/3,5,0,5,5
9853,HC_INT,n0,3/10,1/100,1,0,1,1
9855,HC_DEEP,n2,147/1000,2/5,4,0,4,4
9858,HASH,n0,5/8,1/16,1,0,1,1
9858,HASH,n1,5/8,1/16,1,0,1,1
9867,HC_INT,n0,3/8,3/8,1,0,1,1
9869,HC_DEEP,n0,1/100,1/10,10,0,10,10
9872,HASH,n0,5/8,2/5,2,0,2,2
9879,HC_NONINT,n0,4/25,1/8,2,0,2,2
9883,HC_DEEP,n0,1/100,3/10,30,0,30,30
9886,HASH,n0,2/3,2/3,1,0,1,1
9886,HASH,n1,3/8,2/3,3,0,3,3
9900,HASH,n0,1/3,3/10,2,0,2,2
9900,HASH,n1,1/16,1/3,6,0,6,6
9900,HASH,n2,1/3,3/10,2,0,2,2
9907,HC_NONINT,n0,1/8,3/8,3,0,3,3
9909,HC_INT,n1,2/5,1,3,0,3,3
9914,HASH,n0,1/100,1/8,13,0,13,13
9921,HC_NONINT,n0,5/8,3/10,2,0,2,2
9922,HC_SHIFT_UNDER_HASH,n0,147/1000,1/10,2,0,2,2
9928,HASH,n0,1/2,3/10,2,0,2,2
9939,HC_DEEP,n2,147/1000,1/100,2,0,2,2
9942,HASH,n0,3/8,5/8,3,0,3,3
9942,HASH,n1,5/8,3/8,2,0,2,2
9942,HASH,n2,1/3,5/8,3,0,3,3
9949,HC_NONINT,n1,1,2/3,2,0,2,2
9951,HC_INT,n0,1/100,1/100,1,0,1,1
9956,HASH,n0,1/8,1/8,1,0,1,1
9970,HASH,n0,1,1/16,1,0,1,1
9977,HC_NONINT,n0,1/3,1/8,2,0,2,2
9984,HASH,n0,1/2,3/10,2,0,2,2
9991,HC_NONINT,n0,5/8,1/10,2,0,2,2
9995,HC_DEEP,n1,1/8,1/4,2,0,2,2
9998,HASH,n0,1/3,1/16,2,0,2,2
10005,HC_NONINT,n1,5/8,3/10,2,0,2,2
