family,case,param,q,struct_nodes,algstruct_nodes,net,usuniete,dodane,struct_tokeny_from,algstruct_tokeny_from,struct_tokeny_pol,algstruct_tokeny_pol,r1,r2
W1,W1,-,1,5,4,-1,STREAM_TIMEMOVE_A STREAM_TIMEMOVE_B,STREAM_HASH_A_B,7,5,3,2,1,0
W2,W2_Q01,Q=1,1,5,4,-1,STREAM_TIMEMOVE_A STREAM_TIMEMOVE_B,STREAM_HASH_A_B,7,5,3,2,1,0
W2,W2_Q02,Q=2,2,6,5,-1,STREAM_TIMEMOVE_A STREAM_TIMEMOVE_B,STREAM_HASH_A_B,10,7,4,3,2,0
W2,W2_Q04,Q=4,4,8,7,-1,STREAM_TIMEMOVE_A STREAM_TIMEMOVE_B,STREAM_HASH_A_B,16,11,6,5,4,0
W2,W2_Q08,Q=8,8,12,11,-1,STREAM_TIMEMOVE_A STREAM_TIMEMOVE_B,STREAM_HASH_A_B,28,19,10,9,8,0
W2,W2_Q16,Q=16,16,20,19,-1,STREAM_TIMEMOVE_A STREAM_TIMEMOVE_B,STREAM_HASH_A_B,52,35,18,17,16,0
W2,W2_Q32,Q=32,32,36,35,-1,STREAM_TIMEMOVE_A STREAM_TIMEMOVE_B,STREAM_HASH_A_B,100,67,34,33,32,0
W3,W3_d1,d=1,8,12,11,-1,STREAM_TIMEMOVE_A STREAM_TIMEMOVE_B,STREAM_HASH_A_B,28,19,10,9,8,0
W3,W3_d2,d=2,8,16,14,-2,STREAM_TIMEMOVE_A STREAM_TIMEMOVE_B STREAM_TIMEMOVE_S1 STREAM_TIMEMOVE_STREAM_HASH_STREAM_TIMEMOVE_A_STREAM_TIMEMOVE_B,STREAM_HASH_A_B STREAM_HASH_STREAM_HASH_STREAM_TIMEMOVE_A_STREAM_TIMEMOVE_B_S1,35,24,13,11,9,0
W3,W3_d3,d=3,8,20,17,-3,STREAM_TIMEMOVE_A STREAM_TIMEMOVE_B STREAM_TIMEMOVE_S1 STREAM_TIMEMOVE_S2 STREAM_TIMEMOVE_STREAM_HASH_STREAM_TIMEMOVE_A_STREAM_TIMEMOVE_B STREAM_TIMEMOVE_STREAM_HASH_STREAM_TIMEMOVE_STREAM_HASH_STREAM_TIMEMOVE_A_STREAM_TIMEMOVE_B_STREAM_TIMEMOVE_S1,STREAM_HASH_A_B STREAM_HASH_STREAM_HASH_STREAM_TIMEMOVE_A_STREAM_TIMEMOVE_B_S1 STREAM_HASH_STREAM_HASH_STREAM_TIMEMOVE_STREAM_HASH_STREAM_TIMEMOVE_A_STREAM_TIMEMOVE_B_STREAM_TIMEMOVE_S1_S2,42,29,16,13,10,0
W4,W4_Q01,Q=1,1,8,7,-1,STREAM_TIMEMOVE_A STREAM_TIMEMOVE_B,STREAM_HASH_A_B,12,10,35,34,1,0
W4,W4_Q02,Q=2,2,12,11,-1,STREAM_TIMEMOVE_A STREAM_TIMEMOVE_B,STREAM_HASH_A_B,20,17,68,67,2,0
W4,W4_Q04,Q=4,4,20,19,-1,STREAM_TIMEMOVE_A STREAM_TIMEMOVE_B,STREAM_HASH_A_B,36,31,134,133,4,0
W4,W4_Q08,Q=8,8,36,35,-1,STREAM_TIMEMOVE_A STREAM_TIMEMOVE_B,STREAM_HASH_A_B,68,59,266,265,8,0
W4,W4_Q16,Q=16,16,68,67,-1,STREAM_TIMEMOVE_A STREAM_TIMEMOVE_B,STREAM_HASH_A_B,132,115,530,529,16,0
W4,W4_Q32,Q=32,32,132,131,-1,STREAM_TIMEMOVE_A STREAM_TIMEMOVE_B,STREAM_HASH_A_B,260,227,1058,1057,32,0
W5,W5_Q01,Q=1,1,3,3,0,,,3,3,1,1,0,0
W5,W5_Q02,Q=2,2,6,6,0,,,6,6,2,2,0,0
W5,W5_Q04,Q=4,4,12,12,0,,,12,12,4,4,0,0
W5,W5_Q08,Q=8,8,24,24,0,,,24,24,8,8,0,0
W5,W5_Q16,Q=16,16,48,48,0,,,48,48,16,16,0,0
W5,W5_Q32,Q=32,32,96,96,0,,,96,96,32,32,0,0
W6,W6_Q01,Q=1,1,5,5,0,,,7,7,3,3,0,0
W6,W6_Q02,Q=2,2,6,6,0,,,10,10,4,4,0,0
W6,W6_Q04,Q=4,4,8,8,0,,,16,16,6,6,0,0
W6,W6_Q08,Q=8,8,12,12,0,,,28,28,10,10,0,0
W6,W6_Q16,Q=16,16,20,20,0,,,52,52,18,18,0,0
W6,W6_Q32,Q=32,32,36,36,0,,,100,100,34,34,0,0
W7,W7_Q01,Q=1,1,5,5,0,,,7,7,3,3,0,0
W7,W7_Q02,Q=2,2,6,6,0,,,10,10,4,4,0,0
W7,W7_Q04,Q=4,4,8,8,0,,,16,16,6,6,0,0
W7,W7_Q08,Q=8,8,12,12,0,,,28,28,10,10,0,0
W7,W7_Q16,Q=16,16,20,20,0,,,52,52,18,18,0,0
W7,W7_Q32,Q=32,32,36,36,0,,,100,100,34,34,0,0
W8,W8_Q01,Q=1,1,16,15,-1,STREAM_TIMEMOVE_mlii STREAM_TIMEMOVE_mwi,STREAM_HASH_mlii_mwi,27,25,164,163,1,1
W8,W8_Q02,Q=2,2,17,16,-1,STREAM_TIMEMOVE_mlii STREAM_TIMEMOVE_mwi,STREAM_HASH_mlii_mwi,30,27,165,164,2,1
W8,W8_Q04,Q=4,4,19,18,-1,STREAM_TIMEMOVE_mlii STREAM_TIMEMOVE_mwi,STREAM_HASH_mlii_mwi,36,31,167,166,4,1
W8,W8_Q08,Q=8,8,23,22,-1,STREAM_TIMEMOVE_mlii STREAM_TIMEMOVE_mwi,STREAM_HASH_mlii_mwi,48,39,171,170,8,1
W8,W8_Q16,Q=16,16,31,30,-1,STREAM_TIMEMOVE_mlii STREAM_TIMEMOVE_mwi,STREAM_HASH_mlii_mwi,72,55,179,178,16,1
W8,W8_Q32,Q=32,32,47,46,-1,STREAM_TIMEMOVE_mlii STREAM_TIMEMOVE_mwi,STREAM_HASH_mlii_mwi,120,87,195,194,32,1
