case,profile,rep,scale,f_phi_hz,samples,exit_code,compute_median_ns,compute_p99_ns,compute_max_ns,compute_sum_ns,wake_p999_ns,e2e_p50_ns,e2e_p99_ns,e2e_p999_ns,e2e_max_ns,vmhwm_kb,cpu_ticks,compile_ns,probe_ns,r1,r2,nodes_public,nodes_substrates,tokens_from,tokens_fields,capacity_streams,capacity_sum,capacity_max,mat_bytes,mat_mem_bytes,artifacts_sha256,artifact_count,wall_ms
W2_Q08,STRUCT,5,6,90,684,0,621734,894676,909398,374764039,31816,702533,1014869,1046419,1047103,20340,62,582587,1907,0,0,10,2,28,10,6,15,4,17088,2140,fff1be797f538dae4057f68523f3c5c6e470039ba3414b928bcdfe61c50be65b,34,6075
W2_Q01,STRUCT_R1,8,6,90,684,0,137109,267220,289460,92671684,33293,200542,384073,398347,430327,20340,32,280978,1297,1,0,3,1,5,2,5,14,4,2136,2148,90a4f1748b63365c8888a8d0ea195fa0ec0be64fe65b0d7b2cbdf94d035fa9f2,6,6068
W2_Q01,OFF,12,6,90,684,0,141462,332275,358423,99563690,38528,190287,454811,467479,500712,20340,34,201961,1723,0,0,3,2,7,3,6,15,4,2136,2140,90a4f1748b63365c8888a8d0ea195fa0ec0be64fe65b0d7b2cbdf94d035fa9f2,6,6066
W2_Q08,STRUCT_R1,3,6,90,684,0,640799,800937,822918,358811831,35125,709724,932161,941298,944112,20340,61,581974,1575,8,0,10,1,19,9,5,14,4,17088,2148,fff1be797f538dae4057f68523f3c5c6e470039ba3414b928bcdfe61c50be65b,34,6072
W2_Q08,STRUCT_R1,10,6,90,684,0,642429,804436,821103,358957321,33306,710826,928268,938399,939789,20340,61,577589,1702,8,0,10,1,19,9,5,14,4,17088,2148,fff1be797f538dae4057f68523f3c5c6e470039ba3414b928bcdfe61c50be65b,34,6072
W2_Q01,STRUCT_R1,10,6,90,684,0,137498,263330,282534,93484665,31280,202929,385622,401174,414235,20340,32,273515,1259,1,0,3,1,5,2,5,14,4,2136,2148,90a4f1748b63365c8888a8d0ea195fa0ec0be64fe65b0d7b2cbdf94d035fa9f2,6,6067
W2_Q08,STRUCT,6,6,90,684,0,622669,883677,911917,374509409,42397,707539,1016160,1033378,1033596,20340,62,578347,1999,0,0,10,2,28,10,6,15,4,17088,2140,fff1be797f538dae4057f68523f3c5c6e470039ba3414b928bcdfe61c50be65b,34,6073
W2_Q08,STRUCT,7,6,90,684,0,617845,885695,972101,373336827,32721,698598,1017951,1061648,1100272,20340,62,583994,1611,0,0,10,2,28,10,6,15,4,17088,2140,fff1be797f538dae4057f68523f3c5c6e470039ba3414b928bcdfe61c50be65b,34,6070
W2_Q01,STRUCT,1,6,90,684,0,136535,325941,345274,98458820,49685,187464,451776,466703,472241,20340,33,262517,1407,0,0,3,2,7,3,6,15,4,2136,2140,90a4f1748b63365c8888a8d0ea195fa0ec0be64fe65b0d7b2cbdf94d035fa9f2,6,6065
W2_Q32,STRUCT_R1,15,6,90,684,0,2427308,2715621,2827841,1290831079,35596,2517913,2864814,2899395,2902314,20468,157,2216458,2964,32,0,34,1,67,33,5,14,4,68352,2148,c7036f0cd78e68b89d71aa5c944ce975a7ca2bb2159bd6b51fa80a60daf1f23b,130,6111
W2_Q08,OFF,3,6,90,684,0,617864,892120,912565,372800713,32220,702186,1014645,1047439,1050666,20340,62,459161,1890,0,0,10,2,28,10,6,15,4,17088,2140,fff1be797f538dae4057f68523f3c5c6e470039ba3414b928bcdfe61c50be65b,34,6073
W2_Q01,ALGSTRUCT,7,6,90,684,0,138424,269961,278775,94635441,40271,205635,391162,403951,420060,20340,32,283201,1296,1,0,3,1,5,2,5,14,4,2136,2148,90a4f1748b63365c8888a8d0ea195fa0ec0be64fe65b0d7b2cbdf94d035fa9f2,6,6064
W2_Q08,STRUCT,4,6,90,684,0,622271,874176,894232,374553927,37784,700931,1007570,1023290,1034191,20340,62,574512,2019,0,0,10,2,28,10,6,15,4,17088,2140,fff1be797f538dae4057f68523f3c5c6e470039ba3414b928bcdfe61c50be65b,34,6073
W2_Q01,STRUCT,7,6,90,684,0,138064,324923,335052,98078851,46889,185900,446217,458125,461836,20340,33,264220,1685,0,0,3,2,7,3,6,15,4,2136,2140,90a4f1748b63365c8888a8d0ea195fa0ec0be64fe65b0d7b2cbdf94d035fa9f2,6,6064
W2_Q08,ALGSTRUCT,1,6,90,684,0,645882,816880,831844,362176867,30560,715151,942305,959816,962962,20340,61,581217,1703,8,0,10,1,19,9,5,14,4,17088,2148,fff1be797f538dae4057f68523f3c5c6e470039ba3414b928bcdfe61c50be65b,34,6070
W2_Q08,STRUCT_R1,5,6,90,684,0,640160,804140,837307,358087885,37737,707851,933147,959176,962826,20340,61,582124,1703,8,0,10,1,19,9,5,14,4,17088,2148,fff1be797f538dae4057f68523f3c5c6e470039ba3414b928bcdfe61c50be65b,34,6073
W2_Q32,ALGSTRUCT,6,6,90,684,0,2493974,2786731,2922767,1316965114,34424,2543598,2875424,2977870,2978320,20468,160,2240253,3390,32,0,34,1,67,33,5,14,4,68352,2148,c7036f0cd78e68b89d71aa5c944ce975a7ca2bb2159bd6b51fa80a60daf1f23b,130,6101
W2_Q32,ALGSTRUCT,8,6,90,684,0,2451818,2748639,2830693,1304012261,35561,2536864,2894214,2946695,2992011,20468,158,2235643,3260,32,0,34,1,67,33,5,14,4,68352,2148,c7036f0cd78e68b89d71aa5c944ce975a7ca2bb2159bd6b51fa80a60daf1f23b,130,6101
W2_Q08,STRUCT_R1,6,6,90,684,0,666835,839213,864825,368471083,39415,735033,975134,984139,1012813,20340,62,573511,1464,8,0,10,1,19,9,5,14,4,17088,2148,fff1be797f538dae4057f68523f3c5c6e470039ba3414b928bcdfe61c50be65b,34,6071
W2_Q08,STRUCT,1,6,90,684,0,629891,901028,950750,375804781,32020,705285,1017121,1072005,1087152,20340,62,576920,1815,0,0,10,2,28,10,6,15,4,17088,2140,fff1be797f538dae4057f68523f3c5c6e470039ba3414b928bcdfe61c50be65b,34,6073
W2_Q08,STRUCT_R1,1,6,90,684,0,642216,799048,865620,358716467,32649,711073,929944,954090,1008179,20340,61,586531,1500,8,0,10,1,19,9,5,14,4,17088,2148,fff1be797f538dae4057f68523f3c5c6e470039ba3414b928bcdfe61c50be65b,34,6070
W2_Q08,STRUCT_R1,14,6,90,684,0,642827,808695,863325,359884334,32666,711056,936375,948851,951932,20340,61,575197,1630,8,0,10,1,19,9,5,14,4,17088,2148,fff1be797f538dae4057f68523f3c5c6e470039ba3414b928bcdfe61c50be65b,34,6072
W2_Q32,STRUCT,11,6,90,684,0,2495668,2851211,2973637,1350181971,36191,2589208,2997823,3046666,3067768,20472,164,1872185,3148,0,0,34,2,100,34,6,15,4,68352,2140,c7036f0cd78e68b89d71aa5c944ce975a7ca2bb2159bd6b51fa80a60daf1f23b,130,6096
W2_Q01,STRUCT_R1,7,6,90,684,0,136433,266034,272164,92847731,31806,199571,386931,400492,411033,20340,32,273572,1314,1,0,3,1,5,2,5,14,4,2136,2148,90a4f1748b63365c8888a8d0ea195fa0ec0be64fe65b0d7b2cbdf94d035fa9f2,6,6067
W2_Q08,STRUCT_R1,8,6,90,684,0,656363,815121,850935,363567601,38577,710441,938383,950643,966256,20340,61,580309,1592,8,0,10,1,19,9,5,14,4,17088,2148,fff1be797f538dae4057f68523f3c5c6e470039ba3414b928bcdfe61c50be65b,34,6072
W2_Q01,STRUCT,11,6,90,684,0,144146,319089,365663,98755258,36842,184508,438666,471646,492671,20340,34,260347,1446,0,0,3,2,7,3,6,15,4,2136,2140,90a4f1748b63365c8888a8d0ea195fa0ec0be64fe65b0d7b2cbdf94d035fa9f2,6,6066
W2_Q01,ALGSTRUCT,2,6,90,684,0,137267,269664,479902,93844417,33642,201193,388710,420186,638844,20340,32,271477,1150,1,0,3,1,5,2,5,14,4,2136,2148,90a4f1748b63365c8888a8d0ea195fa0ec0be64fe65b0d7b2cbdf94d035fa9f2,6,6067
W2_Q08,OFF,10,6,90,684,0,638771,913361,960656,380711099,36642,717136,1038277,1098752,1110515,20340,63,463903,2129,0,0,10,2,28,10,6,15,4,17088,2140,fff1be797f538dae4057f68523f3c5c6e470039ba3414b928bcdfe61c50be65b,34,6071
W2_Q08,ALGSTRUCT,10,6,90,684,0,647077,816177,868102,361887911,36098,716524,943815,964228,968453,20340,61,589903,1591,8,0,10,1,19,9,5,14,4,17088,2148,fff1be797f538dae4057f68523f3c5c6e470039ba3414b928bcdfe61c50be65b,34,6073
W2_Q01,STRUCT,6,6,90,684,0,137156,324756,346941,98726763,40900,187964,447360,462323,474161,20340,33,263423,1426,0,0,3,2,7,3,6,15,4,2136,2140,90a4f1748b63365c8888a8d0ea195fa0ec0be64fe65b0d7b2cbdf94d035fa9f2,6,6065
W2_Q01,STRUCT,12,6,90,684,0,145359,326904,372330,99233738,36924,188633,450302,470462,513572,20340,34,260813,1666,0,0,3,2,7,3,6,15,4,2136,2140,90a4f1748b63365c8888a8d0ea195fa0ec0be64fe65b0d7b2cbdf94d035fa9f2,6,6067
W2_Q32,OFF,7,6,90,684,0,2484011,2860526,2945322,1334835488,35457,2549152,2996902,3091330,3091407,20472,162,1576631,3112,0,0,34,2,100,34,6,15,4,68352,2140,c7036f0cd78e68b89d71aa5c944ce975a7ca2bb2159bd6b51fa80a60daf1f23b,130,6109
W2_Q08,ALGSTRUCT,15,6,90,684,0,659771,814473,841881,366011976,33068,716255,939609,958453,975763,20340,61,592605,1649,8,0,10,1,19,9,5,14,4,17088,2148,fff1be797f538dae4057f68523f3c5c6e470039ba3414b928bcdfe61c50be65b,34,6073
W2_Q01,OFF,7,6,90,684,0,146683,336292,399051,101093525,36560,190841,459360,483843,556854,20340,33,196796,1795,0,0,3,2,7,3,6,15,4,2136,2140,90a4f1748b63365c8888a8d0ea195fa0ec0be64fe65b0d7b2cbdf94d035fa9f2,6,6065
W2_Q01,OFF,6,6,90,684,0,144711,325386,344774,99429101,35960,187984,445289,464704,470696,20340,33,196184,1518,0,0,3,2,7,3,6,15,4,2136,2140,90a4f1748b63365c8888a8d0ea195fa0ec0be64fe65b0d7b2cbdf94d035fa9f2,6,6064
W2_Q01,STRUCT,8,6,90,684,0,141924,329070,346775,99239228,37950,186347,455763,469051,479956,20340,33,262183,1555,0,0,3,2,7,3,6,15,4,2136,2140,90a4f1748b63365c8888a8d0ea195fa0ec0be64fe65b0d7b2cbdf94d035fa9f2,6,6068
W2_Q08,STRUCT,12,6,90,684,0,623540,884657,895028,375009517,35826,701760,1013865,1038256,1038313,20340,62,575532,2074,0,0,10,2,28,10,6,15,4,17088,2140,fff1be797f538dae4057f68523f3c5c6e470039ba3414b928bcdfe61c50be65b,34,6070
W2_Q08,STRUCT_R1,13,6,90,684,0,643012,821324,838436,360453658,37841,711046,944788,965836,967001,20340,61,577680,1629,8,0,10,1,19,9,5,14,4,17088,2148,fff1be797f538dae4057f68523f3c5c6e470039ba3414b928bcdfe61c50be65b,34,6072
W2_Q01,STRUCT_R1,6,6,90,684,0,137063,271053,407477,93797923,48686,200196,388315,404526,560532,20340,32,279720,1240,1,0,3,1,5,2,5,14,4,2136,2148,90a4f1748b63365c8888a8d0ea195fa0ec0be64fe65b0d7b2cbdf94d035fa9f2,6,6064
W2_Q01,ALGSTRUCT,14,6,90,684,0,135692,272109,377348,93144228,49368,198945,390661,412279,439469,20340,32,272034,1130,1,0,3,1,5,2,5,14,4,2136,2148,90a4f1748b63365c8888a8d0ea195fa0ec0be64fe65b0d7b2cbdf94d035fa9f2,6,6065
W2_Q01,OFF,1,6,90,684,0,145646,331755,340570,98748496,34887,188053,445039,457847,467615,20340,33,199906,1759,0,0,3,2,7,3,6,15,4,2136,2140,90a4f1748b63365c8888a8d0ea195fa0ec0be64fe65b0d7b2cbdf94d035fa9f2,6,6068
W2_Q01,STRUCT,9,6,90,684,0,142137,323515,338015,98854196,38121,184869,445818,451211,472385,20340,33,267313,1981,0,0,3,2,7,3,6,15,4,2136,2140,90a4f1748b63365c8888a8d0ea195fa0ec0be64fe65b0d7b2cbdf94d035fa9f2,6,6065
W2_Q32,STRUCT_R1,7,6,90,684,0,2433132,2701768,2768638,1293374160,35017,2522938,2843775,2894654,2932845,20468,157,2287310,3389,32,0,34,1,67,33,5,14,4,68352,2148,c7036f0cd78e68b89d71aa5c944ce975a7ca2bb2159bd6b51fa80a60daf1f23b,130,6101
W2_Q01,STRUCT_R1,4,6,90,684,0,138137,264701,285700,94367828,32540,201760,383841,397347,407587,20340,32,271590,1334,1,0,3,1,5,2,5,14,4,2136,2148,90a4f1748b63365c8888a8d0ea195fa0ec0be64fe65b0d7b2cbdf94d035fa9f2,6,6065
W2_Q01,STRUCT_R1,2,6,90,684,0,138582,262572,280608,93103447,36479,202038,382477,400287,405345,20340,32,277366,1594,1,0,3,1,5,2,5,14,4,2136,2148,90a4f1748b63365c8888a8d0ea195fa0ec0be64fe65b0d7b2cbdf94d035fa9f2,6,6065
W2_Q08,STRUCT,9,6,90,684,0,625892,892454,903324,375339979,31488,704175,1022190,1040886,1042061,20340,62,588751,1946,0,0,10,2,28,10,6,15,4,17088,2140,fff1be797f538dae4057f68523f3c5c6e470039ba3414b928bcdfe61c50be65b,34,6075
W2_Q32,ALGSTRUCT,13,6,90,684,0,2449548,2762804,2949210,1303372413,42380,2537799,2905927,2959465,3120215,20472,158,2244700,3185,32,0,34,1,67,33,5,14,4,68352,2148,c7036f0cd78e68b89d71aa5c944ce975a7ca2bb2159bd6b51fa80a60daf1f23b,130,6100
W2_Q08,STRUCT,13,6,90,684,0,614984,878695,930953,372010309,36453,693099,1005035,1038803,1088326,20340,62,580122,1705,0,0,10,2,28,10,6,15,4,17088,2140,fff1be797f538dae4057f68523f3c5c6e470039ba3414b928bcdfe61c50be65b,34,6073
W2_Q08,OFF,6,6,90,684,0,640762,924212,941361,382630230,31364,715448,1052344,1069700,1079382,20340,63,461272,1927,0,0,10,2,28,10,6,15,4,17088,2140,fff1be797f538dae4057f68523f3c5c6e470039ba3414b928bcdfe61c50be65b,34,6071
W2_Q32,STRUCT,14,6,90,684,0,2511687,2910507,2959691,1358886296,36611,2610263,3018729,3080441,3089733,20472,164,1889683,3297,0,0,34,2,100,34,6,15,4,68352,2140,c7036f0cd78e68b89d71aa5c944ce975a7ca2bb2159bd6b51fa80a60daf1f23b,130,6101
W2_Q01,ALGSTRUCT,6,6,90,684,0,137331,271868,296331,94456100,39951,202094,390359,401683,408724,20340,32,272459,1168,1,0,3,1,5,2,5,14,4,2136,2148,90a4f1748b63365c8888a8d0ea195fa0ec0be64fe65b0d7b2cbdf94d035fa9f2,6,6068
W2_Q08,STRUCT,11,6,90,684,0,635141,904602,966490,377427746,33239,713777,1025285,1088993,1100665,20340,62,579162,1740,0,0,10,2,28,10,6,15,4,17088,2140,fff1be797f538dae4057f68523f3c5c6e470039ba3414b928bcdfe61c50be65b,34,6071
W2_Q08,OFF,9,6,90,684,0,622234,891232,903065,375676745,34205,702335,1015304,1041032,1049302,20340,62,462642,2112,0,0,10,2,28,10,6,15,4,17088,2140,fff1be797f538dae4057f68523f3c5c6e470039ba3414b928bcdfe61c50be65b,34,6073
W2_Q01,ALGSTRUCT,13,6,90,684,0,137369,269108,284497,94394621,30497,201894,392544,405618,409577,20340,32,274591,1147,1,0,3,1,5,2,5,14,4,2136,2148,90a4f1748b63365c8888a8d0ea195fa0ec0be64fe65b0d7b2cbdf94d035fa9f2,6,6067
W2_Q32,OFF,10,6,90,684,0,2479873,2847693,2912896,1336632375,37937,2550228,2994849,3028949,3054342,20472,162,1591207,3424,0,0,34,2,100,34,6,15,4,68352,2140,c7036f0cd78e68b89d71aa5c944ce975a7ca2bb2159bd6b51fa80a60daf1f23b,130,6097
W2_Q01,ALGSTRUCT,12,6,90,684,0,137397,263960,296793,93399233,42672,201038,385103,399397,418430,20344,32,273107,1353,1,0,3,1,5,2,5,14,4,2136,2148,90a4f1748b63365c8888a8d0ea195fa0ec0be64fe65b0d7b2cbdf94d035fa9f2,6,6066
W2_Q08,OFF,5,6,90,684,0,619558,887546,949693,374030300,40355,700597,1016798,1048196,1071352,20340,62,461236,2148,0,0,10,2,28,10,6,15,4,17088,2140,fff1be797f538dae4057f68523f3c5c6e470039ba3414b928bcdfe61c50be65b,34,6073
W2_Q01,STRUCT,14,6,90,684,0,145276,322942,380440,99125305,42268,189483,442170,450924,511521,20340,33,263998,1647,0,0,3,2,7,3,6,15,4,2136,2140,90a4f1748b63365c8888a8d0ea195fa0ec0be64fe65b0d7b2cbdf94d035fa9f2,6,6065
W2_Q32,STRUCT_R1,8,6,90,684,0,2426252,2708176,2785230,1290442285,34289,2517511,2853877,2904237,2941295,20468,157,2212236,2852,32,0,34,1,67,33,5,14,4,68352,2148,c7036f0cd78e68b89d71aa5c944ce975a7ca2bb2159bd6b51fa80a60daf1f23b,130,6111
W2_Q01,OFF,3,6,90,684,0,142619,326941,351034,99809266,33207,190012,446010,471616,472274,20340,34,200609,1574,0,0,3,2,7,3,6,15,4,2136,2140,90a4f1748b63365c8888a8d0ea195fa0ec0be64fe65b0d7b2cbdf94d035fa9f2,6,6068
W2_Q32,ALGSTRUCT,9,6,90,684,0,2449530,2714139,2860526,1302151257,32398,2540492,2864283,2918773,2918963,20468,158,2250477,3278,32,0,34,1,67,33,5,14,4,68352,2148,c7036f0cd78e68b89d71aa5c944ce975a7ca2bb2159bd6b51fa80a60daf1f23b,130,6101
W2_Q01,OFF,15,6,90,684,0,146017,323404,355941,100179757,33574,189746,440868,470648,480439,20340,33,201796,1443,0,0,3,2,7,3,6,15,4,2136,2140,90a4f1748b63365c8888a8d0ea195fa0ec0be64fe65b0d7b2cbdf94d035fa9f2,6,6065
W2_Q08,STRUCT_R1,11,6,90,684,0,642132,816880,889379,358654593,42324,710055,943575,984393,1025110,20340,61,583179,1593,8,0,10,1,19,9,5,14,4,17088,2148,fff1be797f538dae4057f68523f3c5c6e470039ba3414b928bcdfe61c50be65b,34,6073
W2_Q32,ALGSTRUCT,5,6,90,684,0,2447252,2714453,2838008,1300406417,40840,2538359,2852256,2921932,3022927,20468,157,2259477,3240,32,0,34,1,67,33,5,14,4,68352,2148,c7036f0cd78e68b89d71aa5c944ce975a7ca2bb2159bd6b51fa80a60daf1f23b,130,6102
W2_Q08,STRUCT_R1,9,6,90,684,0,641049,812788,850269,360567761,37556,709199,940444,952416,960875,20340,61,584903,1628,8,0,10,1,19,9,5,14,4,17088,2148,fff1be797f538dae4057f68523f3c5c6e470039ba3414b928bcdfe61c50be65b,34,6072
W2_Q01,STRUCT,4,6,90,684,0,145109,322553,396866,98326313,41240,187753,444424,474481,540396,20340,33,259145,1482,0,0,3,2,7,3,6,15,4,2136,2140,90a4f1748b63365c8888a8d0ea195fa0ec0be64fe65b0d7b2cbdf94d035fa9f2,6,6068
W2_Q08,OFF,13,6,90,684,0,623466,890639,1047915,375755732,34939,703273,1015150,1041560,1216197,20340,62,458255,1722,0,0,10,2,28,10,6,15,4,17088,2140,fff1be797f538dae4057f68523f3c5c6e470039ba3414b928bcdfe61c50be65b,34,6071
W2_Q32,STRUCT,13,6,90,684,0,2492900,2865155,2961896,1340940478,30992,2561092,3022410,3112916,3113570,20472,162,1944164,3612,0,0,34,2,100,34,6,15,4,68352,2140,c7036f0cd78e68b89d71aa5c944ce975a7ca2bb2159bd6b51fa80a60daf1f23b,130,6100
W2_Q32,ALGSTRUCT,10,6,90,684,0,2460095,2811286,2845953,1313450505,40577,2551723,2952791,2980923,2987440,20476,160,2263884,3722,32,0,34,1,67,33,5,14,4,68352,2148,c7036f0cd78e68b89d71aa5c944ce975a7ca2bb2159bd6b51fa80a60daf1f23b,130,6165
W2_Q32,OFF,12,6,90,684,0,2492391,2856786,3042487,1340784414,44920,2554881,3001875,3132128,3201408,20472,162,1563650,3037,0,0,34,2,100,34,6,15,4,68352,2140,c7036f0cd78e68b89d71aa5c944ce975a7ca2bb2159bd6b51fa80a60daf1f23b,130,6105
W2_Q32,STRUCT,4,6,90,684,0,2475965,2849101,2917785,1332235300,36238,2545533,2996071,3029018,3068118,20472,161,1921054,3408,0,0,34,2,100,34,6,15,4,68352,2140,c7036f0cd78e68b89d71aa5c944ce975a7ca2bb2159bd6b51fa80a60daf1f23b,130,6095
W2_Q08,STRUCT_R1,2,6,90,684,0,641326,806454,848399,359781393,36199,708803,936778,973869,999634,20340,61,584550,1741,8,0,10,1,19,9,5,14,4,17088,2148,fff1be797f538dae4057f68523f3c5c6e470039ba3414b928bcdfe61c50be65b,34,6069
W2_Q32,ALGSTRUCT,3,6,90,684,0,2441372,2728916,2913266,1299833578,30832,2529203,2862362,2914840,3062967,20468,157,2237959,3092,32,0,34,1,67,33,5,14,4,68352,2148,c7036f0cd78e68b89d71aa5c944ce975a7ca2bb2159bd6b51fa80a60daf1f23b,130,6101
W2_Q01,OFF,2,6,90,684,0,144155,335719,344793,100731564,34710,189176,450401,468067,474656,20340,34,202388,1555,0,0,3,2,7,3,6,15,4,2136,2140,90a4f1748b63365c8888a8d0ea195fa0ec0be64fe65b0d7b2cbdf94d035fa9f2,6,6065
W2_Q01,ALGSTRUCT,8,6,90,684,0,137294,270331,290997,93741821,42647,201690,390531,414467,415357,20340,32,277592,1239,1,0,3,1,5,2,5,14,4,2136,2148,90a4f1748b63365c8888a8d0ea195fa0ec0be64fe65b0d7b2cbdf94d035fa9f2,6,6067
W2_Q01,OFF,4,6,90,684,0,139961,329218,357793,98736642,43473,183051,451632,462096,483273,20340,33,204352,1609,0,0,3,2,7,3,6,15,4,2136,2140,90a4f1748b63365c8888a8d0ea195fa0ec0be64fe65b0d7b2cbdf94d035fa9f2,6,6070
W2_Q32,OFF,6,6,90,684,0,2531909,2948655,3060005,1364905434,32437,2621561,3094932,3120010,3210605,20472,165,1574780,3704,0,0,34,2,100,34,6,15,4,68352,2140,c7036f0cd78e68b89d71aa5c944ce975a7ca2bb2159bd6b51fa80a60daf1f23b,130,6095
W2_Q32,OFF,3,6,90,684,0,2499705,2880618,3028265,1354413982,37282,2599251,2999855,3041667,3188828,20472,164,1567613,3315,0,0,34,2,100,34,6,15,4,68352,2140,c7036f0cd78e68b89d71aa5c944ce975a7ca2bb2159bd6b51fa80a60daf1f23b,130,6100
W2_Q32,ALGSTRUCT,12,6,90,684,0,2451789,2720361,2821878,1303683755,34568,2542264,2873946,2898083,3019824,20468,158,2240830,3036,32,0,34,1,67,33,5,14,4,68352,2148,c7036f0cd78e68b89d71aa5c944ce975a7ca2bb2159bd6b51fa80a60daf1f23b,130,6101
W2_Q01,STRUCT,10,6,90,684,0,144498,325293,368700,98967809,42353,186942,442949,456774,489179,20340,33,257535,1648,0,0,3,2,7,3,6,15,4,2136,2140,90a4f1748b63365c8888a8d0ea195fa0ec0be64fe65b0d7b2cbdf94d035fa9f2,6,6073
W2_Q08,STRUCT_R1,15,6,90,684,0,643577,820010,839621,359849429,36426,711096,950474,974420,977222,20340,61,589254,1555,8,0,10,1,19,9,5,14,4,17088,2148,fff1be797f538dae4057f68523f3c5c6e470039ba3414b928bcdfe61c50be65b,34,6068
W2_Q01,ALGSTRUCT,1,6,90,684,0,136878,271794,290275,93875477,36643,200514,384501,414444,420670,20340,32,273829,1501,1,0,3,1,5,2,5,14,4,2136,2148,90a4f1748b63365c8888a8d0ea195fa0ec0be64fe65b0d7b2cbdf94d035fa9f2,6,6067
W2_Q32,ALGSTRUCT,1,6,90,684,0,2463335,2751045,2926932,1305969668,36222,2554422,2884171,2977175,3075727,20468,159,2255328,3463,32,0,34,1,67,33,5,14,4,68352,2148,c7036f0cd78e68b89d71aa5c944ce975a7ca2bb2159bd6b51fa80a60daf1f23b,130,6102
W2_Q32,STRUCT,8,6,90,684,0,2484029,2842397,2970265,1336424463,36212,2552396,2987844,3097327,3146910,20472,162,1883887,3390,0,0,34,2,100,34,6,15,4,68352,2140,c7036f0cd78e68b89d71aa5c944ce975a7ca2bb2159bd6b51fa80a60daf1f23b,130,6099
W2_Q32,OFF,8,6,90,684,0,2496548,2866045,2951803,1342116122,33823,2562823,3002540,3103637,3114037,20472,162,1571447,3611,0,0,34,2,100,34,6,15,4,68352,2140,c7036f0cd78e68b89d71aa5c944ce975a7ca2bb2159bd6b51fa80a60daf1f23b,130,6093
W2_Q01,OFF,11,6,90,684,0,143229,335348,353848,101522423,41164,190957,451447,474281,485522,20340,34,197441,1427,0,0,3,2,7,3,6,15,4,2136,2140,90a4f1748b63365c8888a8d0ea195fa0ec0be64fe65b0d7b2cbdf94d035fa9f2,6,6066
W2_Q32,STRUCT_R1,10,6,90,684,0,2426752,2696490,2835878,1293668214,32425,2517002,2839498,2913915,2983082,20468,157,2218310,3241,32,0,34,1,67,33,5,14,4,68352,2148,c7036f0cd78e68b89d71aa5c944ce975a7ca2bb2159bd6b51fa80a60daf1f23b,130,6101
W2_Q08,STRUCT,8,6,90,684,0,623502,891898,906435,374795061,42496,703121,1015617,1040215,1045615,20340,63,580625,1703,0,0,10,2,28,10,6,15,4,17088,2140,fff1be797f538dae4057f68523f3c5c6e470039ba3414b928bcdfe61c50be65b,34,6071
W2_Q32,STRUCT_R1,6,6,90,684,0,2462289,2725416,2913970,1301385391,33644,2514679,2856211,2905831,2974324,20468,158,2237866,2852,32,0,34,1,67,33,5,14,4,68352,2148,c7036f0cd78e68b89d71aa5c944ce975a7ca2bb2159bd6b51fa80a60daf1f23b,130,6107
W2_Q01,STRUCT_R1,1,6,90,684,0,138507,263479,291219,93084016,35810,203007,379859,393309,420233,20340,32,279867,1463,1,0,3,1,5,2,5,14,4,2136,2148,90a4f1748b63365c8888a8d0ea195fa0ec0be64fe65b0d7b2cbdf94d035fa9f2,6,6065
W2_Q32,OFF,11,6,90,684,0,2486474,2847803,2865026,1339375011,37777,2558439,2994565,3008747,3015956,20472,162,1578373,3536,0,0,34,2,100,34,6,15,4,68352,2140,c7036f0cd78e68b89d71aa5c944ce975a7ca2bb2159bd6b51fa80a60daf1f23b,130,6098
W2_Q32,OFF,9,6,90,684,0,2478353,2852878,3022561,1337944251,33209,2548304,2992418,3130225,3200428,20472,162,1567760,3223,0,0,34,2,100,34,6,15,4,68352,2140,c7036f0cd78e68b89d71aa5c944ce975a7ca2bb2159bd6b51fa80a60daf1f23b,130,6098
W2_Q01,ALGSTRUCT,15,6,90,684,0,139683,263423,289293,95046232,40054,202561,382122,417029,418996,20340,32,279035,1444,1,0,3,1,5,2,5,14,4,2136,2148,90a4f1748b63365c8888a8d0ea195fa0ec0be64fe65b0d7b2cbdf94d035fa9f2,6,6068
W2_Q01,OFF,10,6,90,684,0,148091,336792,373089,101342524,33697,191229,457327,464988,491809,20340,34,200351,1443,0,0,3,2,7,3,6,15,4,2136,2140,90a4f1748b63365c8888a8d0ea195fa0ec0be64fe65b0d7b2cbdf94d035fa9f2,6,6066
W2_Q32,ALGSTRUCT,7,6,90,684,0,2453919,2755379,3004302,1306807692,32081,2543482,2897863,2976939,3151669,20468,159,2256348,2999,32,0,34,1,67,33,5,14,4,68352,2148,c7036f0cd78e68b89d71aa5c944ce975a7ca2bb2159bd6b51fa80a60daf1f23b,130,6095
W2_Q32,STRUCT,2,6,90,684,0,2482011,2828897,2846229,1331626563,33138,2538758,2970105,2986719,3001488,20472,161,1883500,3629,0,0,34,2,100,34,6,15,4,68352,2140,c7036f0cd78e68b89d71aa5c944ce975a7ca2bb2159bd6b51fa80a60daf1f23b,130,6098
W2_Q08,ALGSTRUCT,8,6,90,684,0,652020,831399,891842,365212677,34268,721557,958663,994107,1017306,20340,61,589437,1501,8,0,10,1,19,9,5,14,4,17088,2148,fff1be797f538dae4057f68523f3c5c6e470039ba3414b928bcdfe61c50be65b,34,6069
W2_Q32,STRUCT_R1,3,6,90,684,0,2430243,2702435,2820767,1293345719,34314,2517998,2855044,2884278,2895316,20468,157,2224330,3221,32,0,34,1,67,33,5,14,4,68352,2148,c7036f0cd78e68b89d71aa5c944ce975a7ca2bb2159bd6b51fa80a60daf1f23b,130,6102
W2_Q32,STRUCT,3,6,90,684,0,2527048,2944340,3166745,1362123651,37490,2610912,3089785,3110957,3342361,20472,165,1889611,3277,0,0,34,2,100,34,6,15,4,68352,2140,c7036f0cd78e68b89d71aa5c944ce975a7ca2bb2159bd6b51fa80a60daf1f23b,130,6099
W2_Q32,STRUCT_R1,13,6,90,684,0,2426151,2738342,2880599,1293196062,33967,2513008,2879597,2941852,3032342,20468,157,2225775,3073,32,0,34,1,67,33,5,14,4,68352,2148,c7036f0cd78e68b89d71aa5c944ce975a7ca2bb2159bd6b51fa80a60daf1f23b,130,6099
W2_Q32,STRUCT,9,6,90,684,0,2476687,2834044,3000525,1332841302,35805,2547218,2979662,3051704,3162726,20472,162,1898794,3482,0,0,34,2,100,34,6,15,4,68352,2140,c7036f0cd78e68b89d71aa5c944ce975a7ca2bb2159bd6b51fa80a60daf1f23b,130,6099
W2_Q08,STRUCT_R1,7,6,90,684,0,642429,817288,850954,360022313,32747,709714,949572,966690,977568,20340,61,580532,1777,8,0,10,1,19,9,5,14,4,17088,2148,fff1be797f538dae4057f68523f3c5c6e470039ba3414b928bcdfe61c50be65b,34,6070
W2_Q08,OFF,12,6,90,684,0,616873,887194,915861,373834545,36081,697063,1011368,1044175,1052603,20340,62,469605,2186,0,0,10,2,28,10,6,15,4,17088,2140,fff1be797f538dae4057f68523f3c5c6e470039ba3414b928bcdfe61c50be65b,34,6075
W2_Q32,OFF,5,6,90,684,0,2477066,2845266,3003728,1336258514,34256,2550724,2991121,3122104,3151603,20476,162,1571485,3351,0,0,34,2,100,34,6,15,4,68352,2140,c7036f0cd78e68b89d71aa5c944ce975a7ca2bb2159bd6b51fa80a60daf1f23b,130,6099
W2_Q01,STRUCT_R1,5,6,90,684,0,139378,269108,281923,95213249,40579,205570,395618,410383,414246,20340,32,273849,1370,1,0,3,1,5,2,5,14,4,2136,2148,90a4f1748b63365c8888a8d0ea195fa0ec0be64fe65b0d7b2cbdf94d035fa9f2,6,6067
W2_Q01,STRUCT_R1,9,6,90,684,0,138600,264868,288609,93828065,38933,203716,381912,420582,431114,20340,33,277792,1168,1,0,3,1,5,2,5,14,4,2136,2148,90a4f1748b63365c8888a8d0ea195fa0ec0be64fe65b0d7b2cbdf94d035fa9f2,6,6068
W2_Q01,STRUCT_R1,13,6,90,684,0,138017,266757,283553,93725670,42166,201914,390000,398915,411286,20340,32,275183,1314,1,0,3,1,5,2,5,14,4,2136,2148,90a4f1748b63365c8888a8d0ea195fa0ec0be64fe65b0d7b2cbdf94d035fa9f2,6,6064
W2_Q08,OFF,15,6,90,684,0,623206,891417,920842,375885127,33686,705237,1018194,1053480,1068564,20340,62,466143,2167,0,0,10,2,28,10,6,15,4,17088,2140,fff1be797f538dae4057f68523f3c5c6e470039ba3414b928bcdfe61c50be65b,34,6073
W2_Q01,ALGSTRUCT,9,6,90,684,0,137155,271553,289516,93927894,38864,201782,397136,408771,418702,20340,32,272719,1130,1,0,3,1,5,2,5,14,4,2136,2148,90a4f1748b63365c8888a8d0ea195fa0ec0be64fe65b0d7b2cbdf94d035fa9f2,6,6066
W2_Q32,OFF,14,6,90,684,0,2476122,2846415,3026654,1333471429,41503,2542058,2988508,3096339,3226452,20472,161,1571207,3387,0,0,34,2,100,34,6,15,4,68352,2140,c7036f0cd78e68b89d71aa5c944ce975a7ca2bb2159bd6b51fa80a60daf1f23b,130,6102
W2_Q32,STRUCT_R1,5,6,90,684,0,2428206,2714343,2770675,1292463250,36085,2515790,2862152,2918232,2926303,20472,157,2224550,3241,32,0,34,1,67,33,5,14,4,68352,2148,c7036f0cd78e68b89d71aa5c944ce975a7ca2bb2159bd6b51fa80a60daf1f23b,130,6104
W2_Q32,STRUCT_R1,11,6,90,684,0,2431743,2721749,2988562,1292945333,34060,2520639,2865185,2942051,3156964,20472,158,2253328,3500,32,0,34,1,67,33,5,14,4,68352,2148,c7036f0cd78e68b89d71aa5c944ce975a7ca2bb2159bd6b51fa80a60daf1f23b,130,6098
W2_Q01,STRUCT,5,6,90,684,0,146424,333107,377015,99495115,32776,190293,453178,459531,493898,20340,33,266737,1982,0,0,3,2,7,3,6,15,4,2136,2140,90a4f1748b63365c8888a8d0ea195fa0ec0be64fe65b0d7b2cbdf94d035fa9f2,6,6069
W2_Q08,ALGSTRUCT,4,6,90,684,0,648586,826288,856250,365417181,35689,719147,951067,982581,993993,20340,61,585512,1833,8,0,10,1,19,9,5,14,4,17088,2148,fff1be797f538dae4057f68523f3c5c6e470039ba3414b928bcdfe61c50be65b,34,6072
W2_Q32,STRUCT_R1,12,6,90,684,0,2421938,2713565,2845785,1287478668,34378,2513379,2858482,2918036,2947584,20468,157,2220068,3038,32,0,34,1,67,33,5,14,4,68352,2148,c7036f0cd78e68b89d71aa5c944ce975a7ca2bb2159bd6b51fa80a60daf1f23b,130,6095
W2_Q08,STRUCT,3,6,90,684,0,619641,888157,928008,373194629,38636,701360,1016134,1039935,1061994,20340,62,582254,1777,0,0,10,2,28,10,6,15,4,17088,2140,fff1be797f538dae4057f68523f3c5c6e470039ba3414b928bcdfe61c50be65b,34,6071
W2_Q08,ALGSTRUCT,3,6,90,684,0,647446,834361,855360,365235091,38397,716816,961983,985831,1000080,20340,61,591328,1721,8,0,10,1,19,9,5,14,4,17088,2148,fff1be797f538dae4057f68523f3c5c6e470039ba3414b928bcdfe61c50be65b,34,6074
W2_Q08,OFF,8,6,90,684,0,618243,899175,944527,373249711,40661,697470,1020065,1074682,1099406,20340,62,459699,2055,0,0,10,2,28,10,6,15,4,17088,2140,fff1be797f538dae4057f68523f3c5c6e470039ba3414b928bcdfe61c50be65b,34,6072
W2_Q08,OFF,2,6,90,684,0,624123,883416,898194,374529740,38794,705010,1009667,1024074,1031852,20340,63,465255,1887,0,0,10,2,28,10,6,15,4,17088,2140,fff1be797f538dae4057f68523f3c5c6e470039ba3414b928bcdfe61c50be65b,34,6070
W2_Q08,STRUCT,10,6,90,684,0,626798,892194,950044,375884742,32040,705729,1019272,1053679,1106258,20340,62,585012,1796,0,0,10,2,28,10,6,15,4,17088,2140,fff1be797f538dae4057f68523f3c5c6e470039ba3414b928bcdfe61c50be65b,34,6086
W2_Q01,STRUCT,15,6,90,684,0,143470,327441,362200,100240978,34461,188176,456285,475642,485275,20340,33,262886,1500,0,0,3,2,7,3,6,15,4,2136,2140,90a4f1748b63365c8888a8d0ea195fa0ec0be64fe65b0d7b2cbdf94d035fa9f2,6,6067
W2_Q08,STRUCT,14,6,90,684,0,622539,895064,914305,375654571,42001,701426,1026897,1042369,1053918,20340,62,579328,1888,0,0,10,2,28,10,6,15,4,17088,2140,fff1be797f538dae4057f68523f3c5c6e470039ba3414b928bcdfe61c50be65b,34,6069
W2_Q01,STRUCT,13,6,90,684,0,149063,325755,348718,99790820,35878,193645,444870,475347,478088,20340,34,262200,1631,0,0,3,2,7,3,6,15,4,2136,2140,90a4f1748b63365c8888a8d0ea195fa0ec0be64fe65b0d7b2cbdf94d035fa9f2,6,6068
W2_Q01,ALGSTRUCT,3,6,90,684,0,141072,268794,273497,95520535,33174,205495,388561,402389,406655,20340,32,277276,1203,1,0,3,1,5,2,5,14,4,2136,2148,90a4f1748b63365c8888a8d0ea195fa0ec0be64fe65b0d7b2cbdf94d035fa9f2,6,6065
W2_Q01,STRUCT,2,6,90,684,0,138785,328033,347847,97585248,41200,181150,450150,461147,491744,20340,33,262942,1555,0,0,3,2,7,3,6,15,4,2136,2140,90a4f1748b63365c8888a8d0ea195fa0ec0be64fe65b0d7b2cbdf94d035fa9f2,6,6068
W2_Q32,OFF,1,6,90,684,0,2500258,2868357,3064984,1354475382,42211,2591222,3004421,3100328,3120779,20476,164,1601241,3963,0,0,34,2,100,34,6,15,4,68352,2140,c7036f0cd78e68b89d71aa5c944ce975a7ca2bb2159bd6b51fa80a60daf1f23b,130,6105
W2_Q01,STRUCT_R1,11,6,90,684,0,137258,266682,304496,93646141,36447,200028,388235,410639,454721,20340,32,277535,1128,1,0,3,1,5,2,5,14,4,2136,2148,90a4f1748b63365c8888a8d0ea195fa0ec0be64fe65b0d7b2cbdf94d035fa9f2,6,6065
W2_Q08,ALGSTRUCT,5,6,90,684,0,643391,814010,869398,361540552,40114,712269,936427,953865,958072,20340,61,583049,1537,8,0,10,1,19,9,5,14,4,17088,2148,fff1be797f538dae4057f68523f3c5c6e470039ba3414b928bcdfe61c50be65b,34,6072
W2_Q08,OFF,14,6,90,684,0,622493,892361,903971,375972250,37735,703959,1022429,1042808,1064273,20340,62,459754,1889,0,0,10,2,28,10,6,15,4,17088,2140,fff1be797f538dae4057f68523f3c5c6e470039ba3414b928bcdfe61c50be65b,34,6070
W2_Q01,STRUCT,3,6,90,684,0,145776,329070,353089,99608704,40636,192606,443159,463578,467481,20340,34,263441,1723,0,0,3,2,7,3,6,15,4,2136,2140,90a4f1748b63365c8888a8d0ea195fa0ec0be64fe65b0d7b2cbdf94d035fa9f2,6,6069
W2_Q08,OFF,11,6,90,684,0,625900,891398,931563,380587909,35242,705699,1014648,1048827,1064866,20344,64,463087,1982,0,0,10,2,28,10,6,15,4,17088,2140,fff1be797f538dae4057f68523f3c5c6e470039ba3414b928bcdfe61c50be65b,34,6069
W2_Q32,OFF,4,6,90,684,0,2492268,2846042,2946819,1338364230,31559,2551970,2993160,3007425,3015981,20472,162,1572334,3111,0,0,34,2,100,34,6,15,4,68352,2140,c7036f0cd78e68b89d71aa5c944ce975a7ca2bb2159bd6b51fa80a60daf1f23b,130,6095
W2_Q32,STRUCT,15,6,90,684,0,2481880,2830801,2885782,1333941021,36256,2549334,2979532,2994362,3012203,20472,162,1887628,3869,0,0,34,2,100,34,6,15,4,68352,2140,c7036f0cd78e68b89d71aa5c944ce975a7ca2bb2159bd6b51fa80a60daf1f23b,130,6102
W2_Q08,ALGSTRUCT,13,6,90,684,0,651826,826861,850398,365522045,39563,722648,958571,984067,991230,20340,61,582828,1906,8,0,10,1,19,9,5,14,4,17088,2148,fff1be797f538dae4057f68523f3c5c6e470039ba3414b928bcdfe61c50be65b,34,6072
W2_Q01,ALGSTRUCT,5,6,90,684,0,138109,273886,303127,94664313,44578,203089,394725,424518,458925,20344,32,275051,1279,1,0,3,1,5,2,5,14,4,2136,2148,90a4f1748b63365c8888a8d0ea195fa0ec0be64fe65b0d7b2cbdf94d035fa9f2,6,6065
W2_Q32,ALGSTRUCT,2,6,90,684,0,2453917,2721729,2872672,1306885482,37405,2542736,2867424,2876924,3044499,20468,159,2261122,3389,32,0,34,1,67,33,5,14,4,68352,2148,c7036f0cd78e68b89d71aa5c944ce975a7ca2bb2159bd6b51fa80a60daf1f23b,130,6096
W2_Q32,STRUCT,12,6,90,684,0,2506157,2858876,3044892,1343075409,33304,2562700,3004442,3063357,3198522,20472,162,1884978,3371,0,0,34,2,100,34,6,15,4,68352,2140,c7036f0cd78e68b89d71aa5c944ce975a7ca2bb2159bd6b51fa80a60daf1f23b,130,6099
W2_Q32,STRUCT_R1,1,6,90,684,0,2472546,2749006,2821783,1307589825,32190,2526922,2867224,2923792,2938567,20472,159,2218956,3130,32,0,34,1,67,33,5,14,4,68352,2148,c7036f0cd78e68b89d71aa5c944ce975a7ca2bb2159bd6b51fa80a60daf1f23b,130,6105
W2_Q32,STRUCT_R1,4,6,90,684,0,2419973,2694729,2823913,1287420442,37085,2509154,2843294,2895654,3015127,20468,156,2261437,3056,32,0,34,1,67,33,5,14,4,68352,2148,c7036f0cd78e68b89d71aa5c944ce975a7ca2bb2159bd6b51fa80a60daf1f23b,130,6095
W2_Q08,ALGSTRUCT,7,6,90,684,0,647094,816305,838398,362542599,32396,715184,941036,975053,1023139,20344,61,588345,1592,8,0,10,1,19,9,5,14,4,17088,2148,fff1be797f538dae4057f68523f3c5c6e470039ba3414b928bcdfe61c50be65b,34,6070
W2_Q08,ALGSTRUCT,2,6,90,684,0,662437,832213,881713,368605932,44190,717856,949506,975964,1021568,20340,61,587920,1685,8,0,10,1,19,9,5,14,4,17088,2148,fff1be797f538dae4057f68523f3c5c6e470039ba3414b928bcdfe61c50be65b,34,6069
W2_Q01,OFF,14,6,90,684,0,143554,324811,348607,99042366,36876,188923,452806,462166,468949,20340,33,199202,1592,0,0,3,2,7,3,6,15,4,2136,2140,90a4f1748b63365c8888a8d0ea195fa0ec0be64fe65b0d7b2cbdf94d035fa9f2,6,6069
W2_Q32,STRUCT,7,6,90,684,0,2484917,2839005,2968745,1335698658,35674,2548044,2990704,3068941,3122106,20476,162,1882868,3536,0,0,34,2,100,34,6,15,4,68352,2140,c7036f0cd78e68b89d71aa5c944ce975a7ca2bb2159bd6b51fa80a60daf1f23b,130,6102
W2_Q32,OFF,13,6,90,684,0,2502417,2848857,3123243,1343818003,38332,2567988,2987762,3090307,3270849,20476,162,1574503,3220,0,0,34,2,100,34,6,15,4,68352,2140,c7036f0cd78e68b89d71aa5c944ce975a7ca2bb2159bd6b51fa80a60daf1f23b,130,6103
W2_Q32,STRUCT_R1,14,6,90,684,0,2508129,2788895,2881116,1318110998,33443,2591223,2938017,3005898,3029985,20468,160,2229846,3018,32,0,34,1,67,33,5,14,4,68352,2148,c7036f0cd78e68b89d71aa5c944ce975a7ca2bb2159bd6b51fa80a60daf1f23b,130,6105
W2_Q08,ALGSTRUCT,14,6,90,684,0,661965,819843,890323,367574234,33009,715374,944200,986860,998887,20340,61,580604,1556,8,0,10,1,19,9,5,14,4,17088,2148,fff1be797f538dae4057f68523f3c5c6e470039ba3414b928bcdfe61c50be65b,34,6069
W2_Q08,ALGSTRUCT,6,6,90,684,0,644761,813899,837028,361068508,37358,710649,941901,952339,965082,20344,61,582604,1611,8,0,10,1,19,9,5,14,4,17088,2148,fff1be797f538dae4057f68523f3c5c6e470039ba3414b928bcdfe61c50be65b,34,6073
W2_Q08,ALGSTRUCT,12,6,90,684,0,670316,849139,863157,371531868,28245,737450,970940,997224,1034626,20340,62,580142,1815,8,0,10,1,19,9,5,14,4,17088,2148,fff1be797f538dae4057f68523f3c5c6e470039ba3414b928bcdfe61c50be65b,34,6069
W2_Q01,OFF,8,6,90,684,0,137063,328275,497272,99139670,41866,186972,445660,481208,628025,20344,33,204128,1629,0,0,3,2,7,3,6,15,4,2136,2140,90a4f1748b63365c8888a8d0ea195fa0ec0be64fe65b0d7b2cbdf94d035fa9f2,6,6068
W2_Q08,STRUCT,2,6,90,684,0,626549,891379,909713,376525732,33346,707371,1009953,1025891,1027412,20344,62,582141,1889,0,0,10,2,28,10,6,15,4,17088,2140,fff1be797f538dae4057f68523f3c5c6e470039ba3414b928bcdfe61c50be65b,34,6069
W2_Q01,ALGSTRUCT,4,6,90,684,0,138470,273220,299830,94777270,41338,203083,395792,417279,444657,20344,32,275367,1500,1,0,3,1,5,2,5,14,4,2136,2148,90a4f1748b63365c8888a8d0ea195fa0ec0be64fe65b0d7b2cbdf94d035fa9f2,6,6065
W2_Q08,OFF,7,6,90,684,0,643113,917230,933342,383471604,29725,723659,1048508,1059169,1059654,20340,63,461643,1685,0,0,10,2,28,10,6,15,4,17088,2140,fff1be797f538dae4057f68523f3c5c6e470039ba3414b928bcdfe61c50be65b,34,6071
W2_Q01,ALGSTRUCT,10,6,90,684,0,135610,264848,291645,93001354,39187,200427,383138,393552,433117,20340,32,276461,1129,1,0,3,1,5,2,5,14,4,2136,2148,90a4f1748b63365c8888a8d0ea195fa0ec0be64fe65b0d7b2cbdf94d035fa9f2,6,6065
W2_Q01,OFF,9,6,90,684,0,143794,327996,363867,100719946,38941,187320,450145,466195,527794,20340,34,197904,1667,0,0,3,2,7,3,6,15,4,2136,2140,90a4f1748b63365c8888a8d0ea195fa0ec0be64fe65b0d7b2cbdf94d035fa9f2,6,6065
W2_Q32,STRUCT_R1,2,6,90,684,0,2433695,2716655,2819136,1292580612,33790,2520335,2857899,2885644,2898062,20468,158,2245866,2980,32,0,34,1,67,33,5,14,4,68352,2148,c7036f0cd78e68b89d71aa5c944ce975a7ca2bb2159bd6b51fa80a60daf1f23b,130,6100
W2_Q01,STRUCT_R1,12,6,90,684,0,137063,267442,296293,93001308,33777,200877,386629,400446,405819,20340,32,273495,1187,1,0,3,1,5,2,5,14,4,2136,2148,90a4f1748b63365c8888a8d0ea195fa0ec0be64fe65b0d7b2cbdf94d035fa9f2,6,6064
W2_Q32,OFF,15,6,90,684,0,2501435,2914542,2957930,1345889874,37271,2565089,3063786,3098769,3131506,20472,163,1581520,3314,0,0,34,2,100,34,6,15,4,68352,2140,c7036f0cd78e68b89d71aa5c944ce975a7ca2bb2159bd6b51fa80a60daf1f23b,130,6106
W2_Q32,ALGSTRUCT,15,6,90,684,0,2451722,2715396,2817820,1303533101,33561,2537710,2853920,2886595,2900792,20468,158,2235863,3593,32,0,34,1,67,33,5,14,4,68352,2148,c7036f0cd78e68b89d71aa5c944ce975a7ca2bb2159bd6b51fa80a60daf1f23b,130,6104
W2_Q01,STRUCT_R1,14,6,90,684,0,137165,268774,399180,94185892,40660,200676,396989,424057,438177,20340,32,275645,1222,1,0,3,1,5,2,5,14,4,2136,2148,90a4f1748b63365c8888a8d0ea195fa0ec0be64fe65b0d7b2cbdf94d035fa9f2,6,6064
W2_Q01,STRUCT_R1,15,6,90,684,0,140303,262664,292348,93421000,34151,203697,386535,410823,412810,20344,32,273238,1111,1,0,3,1,5,2,5,14,4,2136,2148,90a4f1748b63365c8888a8d0ea195fa0ec0be64fe65b0d7b2cbdf94d035fa9f2,6,6066
W2_Q08,STRUCT_R1,4,6,90,684,0,641492,812732,910750,359759739,39886,708102,933116,1002255,1042143,20340,61,578643,1517,8,0,10,1,19,9,5,14,4,17088,2148,fff1be797f538dae4057f68523f3c5c6e470039ba3414b928bcdfe61c50be65b,34,6070
W2_Q08,OFF,1,6,90,684,0,616372,887472,930379,373107913,37234,696193,1018813,1046632,1055190,20340,62,462421,1722,0,0,10,2,28,10,6,15,4,17088,2140,fff1be797f538dae4057f68523f3c5c6e470039ba3414b928bcdfe61c50be65b,34,6070
W2_Q01,OFF,13,6,90,684,0,142045,329663,341922,99880258,35002,189804,451629,464656,465574,20340,34,198608,1908,0,0,3,2,7,3,6,15,4,2136,2140,90a4f1748b63365c8888a8d0ea195fa0ec0be64fe65b0d7b2cbdf94d035fa9f2,6,6066
W2_Q32,OFF,2,6,90,684,0,2498139,2869190,2994115,1345705875,35352,2563694,3017499,3106238,3135230,20476,164,1580686,3223,0,0,34,2,100,34,6,15,4,68352,2140,c7036f0cd78e68b89d71aa5c944ce975a7ca2bb2159bd6b51fa80a60daf1f23b,130,6093
W2_Q08,STRUCT,15,6,90,684,0,621687,886490,924934,373962642,32880,701152,1012295,1045955,1052256,20340,62,577234,1870,0,0,10,2,28,10,6,15,4,17088,2140,fff1be797f538dae4057f68523f3c5c6e470039ba3414b928bcdfe61c50be65b,34,6097
W2_Q08,STRUCT_R1,12,6,90,684,0,665826,837750,859009,368432560,38819,734269,964217,974434,991796,20340,62,581067,1686,8,0,10,1,19,9,5,14,4,17088,2148,fff1be797f538dae4057f68523f3c5c6e470039ba3414b928bcdfe61c50be65b,34,6070
W2_Q08,OFF,4,6,90,684,0,625679,895065,939693,380730073,34877,708341,1019975,1063950,1086232,20344,63,460162,2166,0,0,10,2,28,10,6,15,4,17088,2140,fff1be797f538dae4057f68523f3c5c6e470039ba3414b928bcdfe61c50be65b,34,6070
W2_Q01,OFF,5,6,90,684,0,145248,322441,332459,99065975,35929,186985,438962,454596,454726,20340,34,197201,1500,0,0,3,2,7,3,6,15,4,2136,2140,90a4f1748b63365c8888a8d0ea195fa0ec0be64fe65b0d7b2cbdf94d035fa9f2,6,6065
W2_Q32,STRUCT,10,6,90,684,0,2494324,2863006,3092855,1350387208,45625,2582616,2991951,3100553,3273988,20472,164,1900996,3557,0,0,34,2,100,34,6,15,4,68352,2140,c7036f0cd78e68b89d71aa5c944ce975a7ca2bb2159bd6b51fa80a60daf1f23b,130,6107
W2_Q01,ALGSTRUCT,11,6,90,684,0,136730,276404,372959,94408655,44882,202458,400541,438241,513801,20344,33,272830,1278,1,0,3,1,5,2,5,14,4,2136,2148,90a4f1748b63365c8888a8d0ea195fa0ec0be64fe65b0d7b2cbdf94d035fa9f2,6,6065
W2_Q32,ALGSTRUCT,4,6,90,684,0,2443325,2710618,2790025,1299961917,33145,2531813,2853317,2915644,2956937,20472,158,2232697,3334,32,0,34,1,67,33,5,14,4,68352,2148,c7036f0cd78e68b89d71aa5c944ce975a7ca2bb2159bd6b51fa80a60daf1f23b,130,6093
W2_Q32,STRUCT_R1,9,6,90,684,0,2524166,2795951,2820914,1323171114,31648,2605081,2948708,2964276,2965835,20472,160,2242809,3203,32,0,34,1,67,33,5,14,4,68352,2148,c7036f0cd78e68b89d71aa5c944ce975a7ca2bb2159bd6b51fa80a60daf1f23b,130,6095
W2_Q08,ALGSTRUCT,9,6,90,684,0,653104,823583,843935,366892492,37082,723437,952235,965419,973937,20340,61,586419,1704,8,0,10,1,19,9,5,14,4,17088,2148,fff1be797f538dae4057f68523f3c5c6e470039ba3414b928bcdfe61c50be65b,34,6072
W2_Q32,ALGSTRUCT,11,6,90,684,0,2453112,2744674,2791006,1305401390,36518,2540161,2881602,2920059,2924175,20472,159,2255272,3537,32,0,34,1,67,33,5,14,4,68352,2148,c7036f0cd78e68b89d71aa5c944ce975a7ca2bb2159bd6b51fa80a60daf1f23b,130,6106
W2_Q08,ALGSTRUCT,11,6,90,684,0,668900,844176,870306,370818020,32534,737045,972654,985612,1013290,20340,62,578901,1556,8,0,10,1,19,9,5,14,4,17088,2148,fff1be797f538dae4057f68523f3c5c6e470039ba3414b928bcdfe61c50be65b,34,6070
W2_Q01,STRUCT_R1,3,6,90,684,0,137137,265737,287701,93209871,37132,199874,386211,395143,398582,20344,32,270869,1221,1,0,3,1,5,2,5,14,4,2136,2148,90a4f1748b63365c8888a8d0ea195fa0ec0be64fe65b0d7b2cbdf94d035fa9f2,6,6066
W2_Q32,STRUCT,1,6,90,684,0,2533370,2887802,3000597,1367475606,31551,2621500,3017506,3062985,3064077,20472,165,1900184,3314,0,0,34,2,100,34,6,15,4,68352,2140,c7036f0cd78e68b89d71aa5c944ce975a7ca2bb2159bd6b51fa80a60daf1f23b,130,6106
W2_Q32,STRUCT,5,6,90,684,0,2479880,2837246,2930153,1333111407,34333,2546328,2986628,3077964,3109336,20472,161,1902237,3334,0,0,34,2,100,34,6,15,4,68352,2140,c7036f0cd78e68b89d71aa5c944ce975a7ca2bb2159bd6b51fa80a60daf1f23b,130,6106
W2_Q32,STRUCT,6,6,90,684,0,2485491,2825877,2884413,1333706794,32291,2549621,2969916,3003326,3029362,20472,162,1904201,3296,0,0,34,2,100,34,6,15,4,68352,2140,c7036f0cd78e68b89d71aa5c944ce975a7ca2bb2159bd6b51fa80a60daf1f23b,130,6108
W2_Q32,ALGSTRUCT,14,6,90,684,0,2492445,2760896,2950968,1314431490,32784,2542601,2879424,3002459,3044712,20472,159,2261642,3407,32,0,34,1,67,33,5,14,4,68352,2148,c7036f0cd78e68b89d71aa5c944ce975a7ca2bb2159bd6b51fa80a60daf1f23b,130,6102
