sha256,bytes,path
4895d5bf960fe3746945447fe7d4c2194b0d8985ccc1a85deb4b6be159df94d2,113061,evidence/raw/M1_F1/flink.csv
e3b52672ada3d159da92e5efaa74ea8879765d09556944e672d3a609944d89ac,145,evidence/raw/M1_F1/flink_compile.log
267bd4329035a3a34b616f7c4204b07a407348e94de30e28295bee19233a217e,472,evidence/raw/M1_F1/flink_pacing.diff
640a4983d12b75d21b7732a86f718bd2457047241bb2a5ce5576172dc36f5710,91,evidence/raw/M1_F1/flink_run.log
ec7bbe9a52a7102fa38a3a872ec3cda75fd753999a27865f71d8ae50f437042b,48,evidence/raw/M1_F1/oracle.log
4895d5bf960fe3746945447fe7d4c2194b0d8985ccc1a85deb4b6be159df94d2,113061,evidence/raw/M1_F1/python.csv
1785f1a1812197bf60d8926fdd38b52a8d7b597d929c95adfa428e8aa40c4b50,413,evidence/raw/M1_F1/python_pacing.diff
b21dd6d09e01e3499d7663d38e84dafe159c60b5040935be6fa6b65acbb569c2,127,evidence/raw/M1_F1/python_run.log
d7c4b0388f9400a92fe219ea72abfdd0edfe83109ced0cb08e6614de0f3537fc,111322,evidence/raw/M1_F1/rql.csv
0c8ae4cd5ac8f84cf2b499e13e241796f1750dd3de4ac4071e7aa2061b8c8850,3190,evidence/raw/M1_F1/rql_compile.log
18ce6fe5cae1e1da2a65085654abfe051ab191040c5b8a0aab19c69cf33b426d,124,evidence/raw/M1_F1/rql_emit.log
0c8ae4cd5ac8f84cf2b499e13e241796f1750dd3de4ac4071e7aa2061b8c8850,3190,evidence/raw/M1_F1/rql_plan.txt
e3b0c44298fc1c149afbf4c8996fb92427ae41e4649b934ca495991b7852b855,0,evidence/raw/M1_F1/rql_run.log
a99e30fe4d944ded184645db4e538552b9ab6dc5dfc609437e13f04de69b5634,357,evidence/raw/M1_F1/source_sha256.tsv
e0dcaa5c9dc1d1cf8dd1087c8671e19386b0fdf08a59995a2919d7617ae66012,220605,evidence/raw/M1_F2/flink.csv
9c15386430ef3f4610ac403b802270f94b826e5abebe238ed4d1e8d65530a328,145,evidence/raw/M1_F2/flink_compile.log
f40747bc2e0fe05f64b84de6f1a83bd17f181a85927df3aeb53793ba5d601709,472,evidence/raw/M1_F2/flink_pacing.diff
7a1a0cd8fb3c1706a2ce0d921bf84de5584aa822446a562e2fde550a29fee47b,91,evidence/raw/M1_F2/flink_run.log
78ba53027373ff963729d545b9267ca7714e86eb3e9df380dc1328c34b3f8f2e,49,evidence/raw/M1_F2/oracle.log
e0dcaa5c9dc1d1cf8dd1087c8671e19386b0fdf08a59995a2919d7617ae66012,220605,evidence/raw/M1_F2/python.csv
6bbc6b50eecb18a698e8d77f747f1416f8d4e0140f2aa442c21bbc11b87ef918,371,evidence/raw/M1_F2/python_pacing.diff
3b404f25d798807524b7c9e93922725fbb700a984006f2dde6c3949309118e86,128,evidence/raw/M1_F2/python_run.log
8001ea478817837b5d4db068e47d778ad3992ddb3f592dedc9aaa2bfc3f8ae74,217305,evidence/raw/M1_F2/rql.csv
c69b230c0420ff7fae47cb80c6187ee06e8f248fe5e1ed4a906a4e8bfdf024cb,14506,evidence/raw/M1_F2/rql_compile.log
9e3d92c634aea36dac2d354f77dc5b3e9ca84a395e0e17cda1a1e44b9c139307,125,evidence/raw/M1_F2/rql_emit.log
c69b230c0420ff7fae47cb80c6187ee06e8f248fe5e1ed4a906a4e8bfdf024cb,14506,evidence/raw/M1_F2/rql_plan.txt
e3b0c44298fc1c149afbf4c8996fb92427ae41e4649b934ca495991b7852b855,0,evidence/raw/M1_F2/rql_run.log
3ed1fe4a2ab063dadaae5ed6b8497f42d84b9aae14d5b5fddb3533d0bb3269f7,357,evidence/raw/M1_F2/source_sha256.tsv
a1a92e1bb3d172970b451a041c34eae8231cbf8967376d90adcc58a8a7224c97,116879,evidence/raw/M1_F3/flink.csv
3d0b241720924e6660fc7b5ccf959ac6b406712677a78cace48ee02b0db92e87,151,evidence/raw/M1_F3/flink_compile.log
b87527d2060114b2259011963f8622702abf1b76f1ef0273451e286315d1b18c,484,evidence/raw/M1_F3/flink_pacing.diff
e45637fa127cb765adcdb04c8ac05b234b596092185e4cf6e4c4548693f685a4,91,evidence/raw/M1_F3/flink_run.log
adb7ca3b4a16536f5ceb88b81e57b2363dbaaf43812b5aafdff7e2ca4864a387,48,evidence/raw/M1_F3/oracle.log
a1a92e1bb3d172970b451a041c34eae8231cbf8967376d90adcc58a8a7224c97,116879,evidence/raw/M1_F3/python.csv
5b0d08535884873ff8ecdc8b403a25c9832ec892cca23af4a9a6f7801db36b9d,410,evidence/raw/M1_F3/python_pacing.diff
476ceac52c126c250f0e6ec0898959ee597c4f51c56655c259a6903508032190,127,evidence/raw/M1_F3/python_run.log
f02408061dd44c76accb7b4211eb19582d90fba917bc6d11f008b669ee70b3e9,114755,evidence/raw/M1_F3/rql.csv
be06258f1d858d68a3fc981735421eb5641b539bae749e4728c6be47875e464a,2077,evidence/raw/M1_F3/rql_compile.log
7fbf64f1a5e8e2dac228579d4b2922749b868570b2a3534e115afdbc49d72082,124,evidence/raw/M1_F3/rql_emit.log
be06258f1d858d68a3fc981735421eb5641b539bae749e4728c6be47875e464a,2077,evidence/raw/M1_F3/rql_plan.txt
e3b0c44298fc1c149afbf4c8996fb92427ae41e4649b934ca495991b7852b855,0,evidence/raw/M1_F3/rql_run.log
660e5c2f14ec03286ef1003ec51495873105c300fc6c5114523cbb970bfe9726,381,evidence/raw/M1_F3/source_sha256.tsv
03254e7a6e3130aa6b61223a2ccc462434e7ca3cb673d860a7055182a4f47036,56083,evidence/raw/M2_F1/flink.csv
6276b9e553f1296808312c4c6121e4e0c97ac81b365d7fca81c1ad2f737b9479,145,evidence/raw/M2_F1/flink_compile.log
b6a96636b8ead42529ce67f1d373b2a8f11f165d7bf28f91966c2d0eefdadc76,472,evidence/raw/M2_F1/flink_pacing.diff
3997d797669ab543da2a9d92ea9fc1d92c3abffbe81b8c7f80cad713bec9dfb4,91,evidence/raw/M2_F1/flink_run.log
e70423c4bc4fdb1a4fbbaaa3e79674b8573bb509de2418a7217b8151b0bb4f7e,48,evidence/raw/M2_F1/oracle.log
03254e7a6e3130aa6b61223a2ccc462434e7ca3cb673d860a7055182a4f47036,56083,evidence/raw/M2_F1/python.csv
e41c5c98af1b2923e7804a292a5e134b54d4af93e595a2ad2f51cd4ec7bf0779,413,evidence/raw/M2_F1/python_pacing.diff
fc36c0e593436af0207f29f40f627530e477ec42494549d04b4fac5c1ed865e6,127,evidence/raw/M2_F1/python_run.log
19bc71971a9054a454d3c7bf53f99491955e18c4944719d5a0728e2708146340,55208,evidence/raw/M2_F1/rql.csv
c6a2d68bb77643132a60eb0ee9eb9eeff969c7ddf0b8ab55f2aafff37f60b199,4927,evidence/raw/M2_F1/rql_compile.log
46361523ee820ed2f726f2b6201eeeb8a3f01aec87504a29d1758624c800a68d,124,evidence/raw/M2_F1/rql_emit.log
c6a2d68bb77643132a60eb0ee9eb9eeff969c7ddf0b8ab55f2aafff37f60b199,4927,evidence/raw/M2_F1/rql_plan.txt
e3b0c44298fc1c149afbf4c8996fb92427ae41e4649b934ca495991b7852b855,0,evidence/raw/M2_F1/rql_run.log
373b67ee37c91cfb680f5e3aeb1d8e0bf837038e07813ca45775f03d38bd7d11,357,evidence/raw/M2_F1/source_sha256.tsv
403e31a9a377ca8049ccd0676177dffe5039808e1f87d7df9fb640ba0b5e2306,164295,evidence/raw/M2_F2/flink.csv
a45f253474539485d6a8e0c4793ceb05d41e0b99dc1b2185967a396175a74b67,145,evidence/raw/M2_F2/flink_compile.log
71734e0a09ad77d17163e8312ede8d6ffc4ba414d2d632fd8c34ce7935c52e15,472,evidence/raw/M2_F2/flink_pacing.diff
fe6d1e26a3dc31ebf5b27991711cb5d909530e9ccdffbd0f1ed96b79962e603a,91,evidence/raw/M2_F2/flink_run.log
9cc815e4ce2edf89c3826a9980fef571c875f9630435c14a831fe1fd53c6ecda,49,evidence/raw/M2_F2/oracle.log
403e31a9a377ca8049ccd0676177dffe5039808e1f87d7df9fb640ba0b5e2306,164295,evidence/raw/M2_F2/python.csv
a167de687958ccc1a6faf61d85a44a553b7120c61f8b6dad14878761adf8da49,371,evidence/raw/M2_F2/python_pacing.diff
77ce5308797b341745050b76deea95333f530d9e34a73639b20a859f7fec70fb,128,evidence/raw/M2_F2/python_run.log
a93a39473d515dcde2c6354f202abe2aac2bf88973215a9ef1ca3775a088e8c4,161835,evidence/raw/M2_F2/rql.csv
22e7be397e096bdf2e1bbedc507216a6cae80734c6dd95e174f696043b9a643f,14630,evidence/raw/M2_F2/rql_compile.log
ffefd28e424df453bc40738c322ba3a2df8346c49dadd5a29f8b516645221335,125,evidence/raw/M2_F2/rql_emit.log
22e7be397e096bdf2e1bbedc507216a6cae80734c6dd95e174f696043b9a643f,14630,evidence/raw/M2_F2/rql_plan.txt
e3b0c44298fc1c149afbf4c8996fb92427ae41e4649b934ca495991b7852b855,0,evidence/raw/M2_F2/rql_run.log
b64f059bb946d84a69c4fb74ba6edf431ed4d701c6f78e3b6734ee312669eae0,357,evidence/raw/M2_F2/source_sha256.tsv
4b852bd742bf6e88b6882684b20187b1718b6eecc3be7d9396f64a39a5883d16,56867,evidence/raw/M2_F3/flink.csv
902001c7d0691f387b3909754d73a59e1c156c3004b6504e2ca289aa7af37711,151,evidence/raw/M2_F3/flink_compile.log
1d08b3c54158426d7e036cf4c5781a1bb1beebe9ce4f335767d924b547b660b3,484,evidence/raw/M2_F3/flink_pacing.diff
6c3ddee310f795dfa32355c2cc2240d4983026ed92c0178e838b3ee32543af39,91,evidence/raw/M2_F3/flink_run.log
555c6cde663018c09554263e8c3d78e847e9d01bfc8eda6b8f3fe92fd36394eb,48,evidence/raw/M2_F3/oracle.log
4b852bd742bf6e88b6882684b20187b1718b6eecc3be7d9396f64a39a5883d16,56867,evidence/raw/M2_F3/python.csv
271433635d0818aaa9707e11e2e906c32c2be7923503b4447b2c00de57022e13,410,evidence/raw/M2_F3/python_pacing.diff
38ef57a60448c18d142e54a68e7890a2a798bf1e70f91790f0e95100593d672a,127,evidence/raw/M2_F3/python_run.log
16f2f8102cbda3995e5f3388545ea4c718376e4f564de181a0cf0a74b7c6e47f,55823,evidence/raw/M2_F3/rql.csv
1834e825bb18585f769fbcda33854db2ec1c7f0cd1aa7ce0b9201585ce3e4d7e,2359,evidence/raw/M2_F3/rql_compile.log
330672516b77be1fdbde15fe95c86087c20be225f4d00c657b156347b420c4fe,124,evidence/raw/M2_F3/rql_emit.log
1834e825bb18585f769fbcda33854db2ec1c7f0cd1aa7ce0b9201585ce3e4d7e,2359,evidence/raw/M2_F3/rql_plan.txt
e3b0c44298fc1c149afbf4c8996fb92427ae41e4649b934ca495991b7852b855,0,evidence/raw/M2_F3/rql_run.log
c2cb304542cae55acbfbf9211eb9d9b70de53d44d0d6b7cf64bee5945abad0dd,381,evidence/raw/M2_F3/source_sha256.tsv
f6cff8a0fae2a2b5af5748979833213c9c9f27abdf3c4075aec6abdadeb59fca,56385,evidence/raw/M3_F1/flink.csv
c3b49def0cab48af7a6882808e5422b4f444f89a6db6f0b9f62f3ac36c96f487,145,evidence/raw/M3_F1/flink_compile.log
fe2436f35be661e12d82e774f9644b6fd45dbcedc0a521743d4d867e863fb8f6,472,evidence/raw/M3_F1/flink_pacing.diff
7a41aa34a4c10b85c7af60d692599911ba09029e14bb938659ce7e9f9bc87ae0,91,evidence/raw/M3_F1/flink_run.log
ec7bbe9a52a7102fa38a3a872ec3cda75fd753999a27865f71d8ae50f437042b,48,evidence/raw/M3_F1/oracle.log
f6cff8a0fae2a2b5af5748979833213c9c9f27abdf3c4075aec6abdadeb59fca,56385,evidence/raw/M3_F1/python.csv
2ba72d1d43127122a1aa77ab669be8cc0f03edbb5f4b6848695b46e8bee1535a,413,evidence/raw/M3_F1/python_pacing.diff
ba0111be49fbc8b19c4245dafa1506fa8ae898b7fcad5757631488b0a51f3ccf,127,evidence/raw/M3_F1/python_run.log
7b8a19ac6f290144900db0c7e54f5c842613644e5e48878899e34f48bb834203,55514,evidence/raw/M3_F1/rql.csv
0d955137eaeeae485d54e3cb94f4b0c7cea0739a28edc592eb08719810b945d8,2985,evidence/raw/M3_F1/rql_compile.log
bcc4bf50efea5f8853513faafee563f72bf14c9a50d9c5b58a665d43afb9491b,124,evidence/raw/M3_F1/rql_emit.log
0d955137eaeeae485d54e3cb94f4b0c7cea0739a28edc592eb08719810b945d8,2985,evidence/raw/M3_F1/rql_plan.txt
e3b0c44298fc1c149afbf4c8996fb92427ae41e4649b934ca495991b7852b855,0,evidence/raw/M3_F1/rql_run.log
7abd86c205b28d8c00ea9de8b4f6604e99506a9b71d001db9dab7401012e8292,357,evidence/raw/M3_F1/source_sha256.tsv
406d66f9fcbd95b216792b0f951bd519d7f1238ddcc88ac31a695c55307273ff,164564,evidence/raw/M3_F2/flink.csv
bcf5d73b68530ab5361ce1ac022ed3ec03285531a7bb2516fd29a870be9c0118,145,evidence/raw/M3_F2/flink_compile.log
64394e27a4ab9f52cbc0984699fcf8fe5d45fea28af32f0b06c2b9a38e5ab014,472,evidence/raw/M3_F2/flink_pacing.diff
6692444e90ce0951b029be3f6b68405a5f61c61a938ebb074b1a45dfb1d69c19,91,evidence/raw/M3_F2/flink_run.log
78ba53027373ff963729d545b9267ca7714e86eb3e9df380dc1328c34b3f8f2e,49,evidence/raw/M3_F2/oracle.log
406d66f9fcbd95b216792b0f951bd519d7f1238ddcc88ac31a695c55307273ff,164564,evidence/raw/M3_F2/python.csv
195a65d97c260bee62ddc0d44e173db64ddb1d8d47dd9e4969fcb7b5e2a871d8,371,evidence/raw/M3_F2/python_pacing.diff
66107c4750c83386085b6cd9a13ea291970e3f1f6ef8fd3e95c4cd20f0850c7e,128,evidence/raw/M3_F2/python_run.log
831fae0cea89b2f52a74257b5ec1a687a0b28e9e48f37fad5709bed48d2dfe72,162104,evidence/raw/M3_F2/rql.csv
89afb79f1788ac89d38b088f2cb7b1238026b6c3cf9a2cc5f9da2d3077b5b566,13985,evidence/raw/M3_F2/rql_compile.log
171f7c972c6188291970a8b7e957f1fd4a3ade00902cdf8a1f760889cd79a750,125,evidence/raw/M3_F2/rql_emit.log
89afb79f1788ac89d38b088f2cb7b1238026b6c3cf9a2cc5f9da2d3077b5b566,13985,evidence/raw/M3_F2/rql_plan.txt
e3b0c44298fc1c149afbf4c8996fb92427ae41e4649b934ca495991b7852b855,0,evidence/raw/M3_F2/rql_run.log
a0e077684ebd407463f7df9286db1816cf542db5880f5135e779f43c050e2268,357,evidence/raw/M3_F2/source_sha256.tsv
886340e1392be5db3e582967035144667328073e97941d52ff8b293ae80f9421,57317,evidence/raw/M3_F3/flink.csv
746234cccd7238ee7d402b4e5b3c3bb6bf0347d10d99b0768783d8f0817932d7,151,evidence/raw/M3_F3/flink_compile.log
6d94225107446006a10e8f56b0d2b79d583fe2b71350ec64996e75d0d72b3055,484,evidence/raw/M3_F3/flink_pacing.diff
209f10eb6c4c298caf9161fab9915f70e6e85391fe81440b3025397fcae2e0eb,91,evidence/raw/M3_F3/flink_run.log
fa0fe2c939d5fef2ecaaaa22d17c0722bd04975ba08e791165774fe82b0318a7,48,evidence/raw/M3_F3/oracle.log
886340e1392be5db3e582967035144667328073e97941d52ff8b293ae80f9421,57317,evidence/raw/M3_F3/python.csv
a0db422372fb113169ab013c0d4eda0c4adc206dc153b6fbe542830c713e3559,455,evidence/raw/M3_F3/python_pacing.diff
e5607f745959500f245fd098a69b8aba8b105e2f64ad61420bc8105c62e12ed1,127,evidence/raw/M3_F3/python_run.log
03127850806ff40de08fcdddb555782d88e51f17bdcd3c4001a735c2553219dd,55809,evidence/raw/M3_F3/rql.csv
0ca1aeef253e18e5ba82ac338f8c81491b73a3bee00e15420f886358d286d944,1731,evidence/raw/M3_F3/rql_compile.log
847538a61dfee60f9e7467b32c51d4f6e5cd9f1d6b0a84d1898ffc47b0f8e958,124,evidence/raw/M3_F3/rql_emit.log
0ca1aeef253e18e5ba82ac338f8c81491b73a3bee00e15420f886358d286d944,1731,evidence/raw/M3_F3/rql_plan.txt
e3b0c44298fc1c149afbf4c8996fb92427ae41e4649b934ca495991b7852b855,0,evidence/raw/M3_F3/rql_run.log
f1ce08d277153342020f0b0cc688803dd1bfbfc675fb3d7800462e38f05a4b3d,381,evidence/raw/M3_F3/source_sha256.tsv
5abcd74876d6a149d718028c76214f8606b6b0d8e2871b86338474487f9c063f,418506,evidence/raw/M4_F1/flink.csv
0c1efc4f06bf9e5866f5e720611f65c6e745368e6bfc8885b08a66d98c533dd9,145,evidence/raw/M4_F1/flink_compile.log
43679aac233cac67689df9ee3561084a42b66749e7857de8062225bd2cec69ab,472,evidence/raw/M4_F1/flink_pacing.diff
b676f6006ec2526f13500c94ad2da5cccf3ff3d59318959dddf0467aef9d2ed9,91,evidence/raw/M4_F1/flink_run.log
ec7bbe9a52a7102fa38a3a872ec3cda75fd753999a27865f71d8ae50f437042b,48,evidence/raw/M4_F1/oracle.log
5abcd74876d6a149d718028c76214f8606b6b0d8e2871b86338474487f9c063f,418506,evidence/raw/M4_F1/python.csv
75fed49f1ad0da5461f235856eb2809d56f47d1e0d9468292a3e0dac5cb8f972,413,evidence/raw/M4_F1/python_pacing.diff
18e268c5f0088796c0b6f712f372153e45ac7467ceac1d0519850ee2fcb1814b,127,evidence/raw/M4_F1/python_run.log
5337b35d0d6421213c7e3e96d0b41540fe8224cf45ce1f26e06537e216c700f9,412036,evidence/raw/M4_F1/rql.csv
5752cdb56a12a48a2da3928bf49228eb8db8093167452b19cac6c91d1d02d32c,3482,evidence/raw/M4_F1/rql_compile.log
73a1bbfd1e462be7329149fa97591b0677e9adbc1f65ccb59eb55d6f32df6fa0,124,evidence/raw/M4_F1/rql_emit.log
5752cdb56a12a48a2da3928bf49228eb8db8093167452b19cac6c91d1d02d32c,3482,evidence/raw/M4_F1/rql_plan.txt
e3b0c44298fc1c149afbf4c8996fb92427ae41e4649b934ca495991b7852b855,0,evidence/raw/M4_F1/rql_run.log
abfcf616ecd64050c59e81bb01aff5e39539e21c9df7e64c2d3b71de159e9ae2,357,evidence/raw/M4_F1/source_sha256.tsv
86f9f28075fd0bda02bd1f7f21df30ff16db6862f4a59413dddf342951a5fe82,398760,evidence/raw/M4_F2/flink.csv
bcbb2aabb0eb131579856a7d0a36141b18676e15acba4712657e05788ffbeebc,145,evidence/raw/M4_F2/flink_compile.log
173efcdc8179c190a1adce827e4c1af6ed08d5568b6bafcc83d1f11f8f1c476f,472,evidence/raw/M4_F2/flink_pacing.diff
fc683378b93e62d89344c429aa2e8608263cbd7ec542fa0e56737ba5360aeff5,91,evidence/raw/M4_F2/flink_run.log
963700b5a9be389fc8ac9f6f76721cb39edeb7ff4c7782ae1efecaec3f6aa270,48,evidence/raw/M4_F2/oracle.log
86f9f28075fd0bda02bd1f7f21df30ff16db6862f4a59413dddf342951a5fe82,398760,evidence/raw/M4_F2/python.csv
49d644b12bc8f3780888732f752bc9bfff42024f5756894434d06edf481d6899,371,evidence/raw/M4_F2/python_pacing.diff
58bc767f8965dcfd017ef664158459a37cb8e8d39772e22f3fcd99d1750b95b5,127,evidence/raw/M4_F2/python_run.log
7f4ec9321f308fd998add87db4c27cffbf9a3b5c03aa9f5dafe5a7d317e2e849,392160,evidence/raw/M4_F2/rql.csv
c42b2ed77e3b94e2357390384fecd19a27bd46a20ab647c82fed76076505a126,14491,evidence/raw/M4_F2/rql_compile.log
d65b77f1034be6fcb3f39120211e14dcb93c3b1b1080d49c0cebb4fcd3ab8c36,124,evidence/raw/M4_F2/rql_emit.log
c42b2ed77e3b94e2357390384fecd19a27bd46a20ab647c82fed76076505a126,14491,evidence/raw/M4_F2/rql_plan.txt
e3b0c44298fc1c149afbf4c8996fb92427ae41e4649b934ca495991b7852b855,0,evidence/raw/M4_F2/rql_run.log
37e3c7aaa5edff05d4c2aa230c29cf8ceae5057e4e9aa27a17c6ad43c5a910f3,357,evidence/raw/M4_F2/source_sha256.tsv
e1a9950bc94c8e6adb91769f4006a69c77c96ff025bf1fb1ab824c8ab2fe3a56,422028,evidence/raw/M4_F3/flink.csv
3bfc706d1a6258f07297f49d21f38ac6fe64cd6584d6d849b277b5c2b30d59b5,151,evidence/raw/M4_F3/flink_compile.log
696ab4668278f4ade0b9982975da698d5d4fe0333f2015b0a83b6c08c701aa96,484,evidence/raw/M4_F3/flink_pacing.diff
1810d6a1791111ecf5489df1a4b4a4c331d3ffdd0033a194787e1b45f768da85,91,evidence/raw/M4_F3/flink_run.log
3897c4961ba9db7a07022c05b61395e91a25957637ebad5e8a3a806140187cc3,47,evidence/raw/M4_F3/oracle.log
e1a9950bc94c8e6adb91769f4006a69c77c96ff025bf1fb1ab824c8ab2fe3a56,422028,evidence/raw/M4_F3/python.csv
6e6a23b3488566127b4a2d44168bf60acb4a4ff59fff0489a37c82694fc1156f,410,evidence/raw/M4_F3/python_pacing.diff
181969b0b774c9a19d166e7e5494b3e4d3f32da04c27063f3a3c7f7c4bbee6cc,126,evidence/raw/M4_F3/python_run.log
3c01e9ea2462509c42aefd767b96a828393da7c0004ca0a8ba70aa037b276b2f,414468,evidence/raw/M4_F3/rql.csv
97e6e45559264f509cf96cbf642254d07e646fa9288189df31538a12cf65b3eb,2219,evidence/raw/M4_F3/rql_compile.log
b00b794fe316430e572a382bd2232dda2aa830e077a4703eb07441019bee4c6c,123,evidence/raw/M4_F3/rql_emit.log
97e6e45559264f509cf96cbf642254d07e646fa9288189df31538a12cf65b3eb,2219,evidence/raw/M4_F3/rql_plan.txt
e3b0c44298fc1c149afbf4c8996fb92427ae41e4649b934ca495991b7852b855,0,evidence/raw/M4_F3/rql_run.log
130105541f92dc95dcb9cb28b2cd8fe82f11f5e70c153fe66f1f87d1822157d0,381,evidence/raw/M4_F3/source_sha256.tsv
64ef40d2d0de491159ce005a93e2c38ee5b2cc25b171f61e618c98e0604c048b,60447,evidence/raw/base_F1/flink.csv
ab7fe279a95b8b9046e7238db4a8571643fc66e20698caa302a6a8444fe68299,147,evidence/raw/base_F1/flink_compile.log
294c40665c7c89b5353346feb9caae7369cfed69f958b4d984722817b8cea669,468,evidence/raw/base_F1/flink_pacing.diff
d19a23a281baab189a1536f14555d5e1f2995bbf78463c1e6324eeefa4a9dd13,93,evidence/raw/base_F1/flink_run.log
ec7bbe9a52a7102fa38a3a872ec3cda75fd753999a27865f71d8ae50f437042b,48,evidence/raw/base_F1/oracle.log
64ef40d2d0de491159ce005a93e2c38ee5b2cc25b171f61e618c98e0604c048b,60447,evidence/raw/base_F1/python.csv
2ded58e6aaae0f7c8443554cc6fa018ba98a3151733505a45d2a8834d7815d77,409,evidence/raw/base_F1/python_pacing.diff
298fc644b7bd97b576cc23878a58e961a65d451f4f58a95bc4fc35eab59c66ed,129,evidence/raw/base_F1/python_run.log
59590483c3af34d0bdcc4eb86c4d83208c91e03aee7e301014a53e6a0d07f6fb,59514,evidence/raw/base_F1/rql.csv
5baf12e17dea82b3ffa50467cf1d308ea5f9d592c8fe05d65a56e7f270772424,2989,evidence/raw/base_F1/rql_compile.log
99c9337c5a5643995e931a9d31a06a547790e2048dc14467d63a829f1d2e4f5a,126,evidence/raw/base_F1/rql_emit.log
5baf12e17dea82b3ffa50467cf1d308ea5f9d592c8fe05d65a56e7f270772424,2989,evidence/raw/base_F1/rql_plan.txt
e3b0c44298fc1c149afbf4c8996fb92427ae41e4649b934ca495991b7852b855,0,evidence/raw/base_F1/rql_run.log
0c50cd1dc6afffabd620aa85536d5b2abfed961e5ce0cf96b8a03d5661ca19bb,345,evidence/raw/base_F1/source_sha256.tsv
438ffe6d765a59b5ba9cd403fb49a19167e226add0aefc6aeeee42fc41b7c253,176744,evidence/raw/base_F2/flink.csv
e75a9ae4a6632df859cfacb02933650045658e4e976c8ba902d98a3c2775e52b,147,evidence/raw/base_F2/flink_compile.log
b3d7013d0d9ea963a7e3a2e6c1314d51d5c3a4cb81f1b4027a2c29935b5b7005,468,evidence/raw/base_F2/flink_pacing.diff
d6aec1e7706fe8626d491594923403ede1312e1b4819722eec24b9f04266671b,93,evidence/raw/base_F2/flink_run.log
78ba53027373ff963729d545b9267ca7714e86eb3e9df380dc1328c34b3f8f2e,49,evidence/raw/base_F2/oracle.log
438ffe6d765a59b5ba9cd403fb49a19167e226add0aefc6aeeee42fc41b7c253,176744,evidence/raw/base_F2/python.csv
1cd7340071ad8f2adf575c4fbffe7a35ba2517da75192012f89e5743b2c55480,367,evidence/raw/base_F2/python_pacing.diff
a403cf2fe8788c644e7d54093d28762b929e2815885b203d327a775a7dd21742,130,evidence/raw/base_F2/python_run.log
e00f541d4293bc2f98fdb273557210fd71f5fda3c28e9be9b3439dae064437da,174104,evidence/raw/base_F2/rql.csv
2c75085b67297324addea4ed751301a29260e03b5e17c9a2027d485b77e1afa2,13985,evidence/raw/base_F2/rql_compile.log
89f2f6f33ce8f305e4c617bed36d1b68515387e13bdb57f746f676cd689ae06f,127,evidence/raw/base_F2/rql_emit.log
2c75085b67297324addea4ed751301a29260e03b5e17c9a2027d485b77e1afa2,13985,evidence/raw/base_F2/rql_plan.txt
e3b0c44298fc1c149afbf4c8996fb92427ae41e4649b934ca495991b7852b855,0,evidence/raw/base_F2/rql_run.log
0049c97df7f16901dad595b0059a0c4dc2b0de2b3d56d5e872552042f54e6d3a,345,evidence/raw/base_F2/source_sha256.tsv
8305df92639c19f865c2e402581641d17578e95a4ce4d19be3607fb540919cca,60901,evidence/raw/base_F3/flink.csv
0cef2bb13c5a3b85fe6a8e1d10f424468b0617f2dc7e641e4ad9b5d006193772,153,evidence/raw/base_F3/flink_compile.log
6c272ac0074af9fe490c3769384b0b0ffe46aeecf7ba98a28db0ec2e91a85b77,480,evidence/raw/base_F3/flink_pacing.diff
faf719744b2aa027d37498778329e4221f2ea11c48ae2ebfbfe0971a0d399d8e,93,evidence/raw/base_F3/flink_run.log
adb7ca3b4a16536f5ceb88b81e57b2363dbaaf43812b5aafdff7e2ca4864a387,48,evidence/raw/base_F3/oracle.log
8305df92639c19f865c2e402581641d17578e95a4ce4d19be3607fb540919cca,60901,evidence/raw/base_F3/python.csv
12cf592aee2293ebea693053aaf99112221cd5be892ba4e78b460d71e6db485a,406,evidence/raw/base_F3/python_pacing.diff
189062bbd056864e554c250e3bbf3cd3bb9586a51f453342b1bceb5a0f26376d,129,evidence/raw/base_F3/python_run.log
b009c88519c559e18de92c2bb33a31d96712f24b4861cc64a2ea672c8282f333,59785,evidence/raw/base_F3/rql.csv
706eb79d1f4add1219e52dce670334338fc455316d33e682b1d6989252a8b128,1729,evidence/raw/base_F3/rql_compile.log
fe3c3a9e14e9cacf69d6d268b4532f4e7e4f85dc4a75ee53688a6a9a54592d1d,126,evidence/raw/base_F3/rql_emit.log
706eb79d1f4add1219e52dce670334338fc455316d33e682b1d6989252a8b128,1729,evidence/raw/base_F3/rql_plan.txt
e3b0c44298fc1c149afbf4c8996fb92427ae41e4649b934ca495991b7852b855,0,evidence/raw/base_F3/rql_run.log
f45921082ab2cfb2a87f5409023d274042070722b27b8b6dd28ead25c738bea4,369,evidence/raw/base_F3/source_sha256.tsv
