F3,base,35,f3_out_0,342,0,0
F3,base,36,f3_out_0,342,0,0
F3,base,37,f3_out_0,343,0,0
F3,base,38,f3_out_0,343,0,0
F3,base,39,f3_out_0,344,0,0
F3,base,40,f3_out_0,344,0,0
F3,base,41,f3_out_0,345,0,0
F3,base,42,f3_out_0,345,0,0
F3,base,43,f3_out_0,346,0,0
F3,base,44,f3_out_0,347,0,0
F3,base,45,f3_out_0,347,0,0
F3,base,46,f3_out_0,348,0,0
F3,base,47,f3_out_0,348,0,0
F3,base,48,f3_out_0,349,0,0
F3,base,49,f3_out_0,349,0,0
F3,base,50,f3_out_0,350,0,0
F3,base,51,f3_out_0,350,0,0
F3,base,52,f3_out_0,351,0,0
F3,base,53,f3_out_0,352,0,0
F3,base,54,f3_out_0,352,0,0
F3,base,55,f3_out_0,353,0,0
F3,base,56,f3_out_0,353,0,0
F3,base,57,f3_out_0,354,0,0
F3,base,58,f3_out_0,354,0,0
F3,base,59,f3_out_0,355,0,0
F3,base,60,f3_out_0,355,0,0
F3,base,61,f3_out_0,356,0,0
F3,base,62,f3_out_0,357,0,0
F3,base,63,f3_out_0,357,0,0
F3,base,64,f3_out_0,358,0,0
F3,base,65,f3_out_0,358,0,0
F3,base,66,f3_out_0,359,0,0
F3,base,67,f3_out_0,359,0,0
F3,base,68,f3_out_0,360,0,0
F3,base,69,f3_out_0,360,0,0
F3,base,70,f3_out_0,361,0,0
F3,base,71,f3_out_0,362,0,0
F3,base,72,f3_out_0,362,0,0
F3,base,73,f3_out_0,363,0,0
F3,base,74,f3_out_0,363,0,0
F3,base,75,f3_out_0,364,0,0
F3,base,76,f3_out_0,364,0,0
F3,base,77,f3_out_0,365,0,0
F3,base,78,f3_out_0,365,0,0
F3,base,79,f3_out_0,366,0,0
F3,base,80,f3_out_0,367,0,0
F3,base,81,f3_out_0,367,0,0
F3,base,82,f3_out_0,368,0,0
F3,base,83,f3_out_0,368,0,0
F3,base,84,f3_out_0,369,0,0
F3,base,85,f3_out_0,369,0,0
F3,base,86,f3_out_0,370,0,0
F3,base,87,f3_out_0,370,0,0
F3,base,88,f3_out_0,371,0,0
F3,base,89,f3_out_0,372,0,0
F3,base,90,f3_out_0,372,0,0
F3,base,91,f3_out_0,373,0,0
F3,base,92,f3_out_0,373,0,0
F3,base,93,f3_out_0,374,0,0
F3,base,94,f3_out_0,374,0,0
F3,base,95,f3_out_0,375,0,0
F3,base,96,f3_out_0,375,0,0
F3,base,97,f3_out_0,376,0,0
F3,base,98,f3_out_0,377,0,0
F3,base,99,f3_out_0,377,0,0
F3,base,100,f3_out_0,378,0,0
F3,base,101,f3_out_0,378,0,0
F3,base,102,f3_out_0,379,0,0
F3,base,103,f3_out_0,379,0,0
F3,base,104,f3_out_0,380,0,0
F3,base,105,f3_out_0,380,0,0
F3,base,106,f3_out_0,381,0,0
F3,base,107,f3_out_0,382,0,0
F3,base,108,f3_out_0,382,0,0
F3,base,109,f3_out_0,383,0,0
F3,base,110,f3_out_0,383,0,0
F3,base,111,f3_out_0,384,0,0
F3,base,112,f3_out_0,384,0,0
F3,base,113,f3_out_0,385,0,0
F3,base,114,f3_out_0,385,0,0
F3,base,115,f3_out_0,386,0,0
F3,base,116,f3_out_0,387,0,0
F3,base,117,f3_out_0,387,0,0
F3,base,118,f3_out_0,388,0,0
F3,base,119,f3_out_0,388,0,0
F3,base,120,f3_out_0,389,0,0
F3,base,121,f3_out_0,389,0,0
F3,base,122,f3_out_0,390,0,0
F3,base,123,f3_out_0,390,0,0
F3,base,124,f3_out_0,391,0,0
F3,base,125,f3_out_0,392,0,0
F3,base,126,f3_out_0,392,0,0
F3,base,127,f3_out_0,393,0,0
F3,base,128,f3_out_0,393,0,0
F3,base,129,f3_out_0,394,0,0
F3,base,130,f3_out_0,394,0,0
F3,base,131,f3_out_0,395,0,0
F3,base,132,f3_out_0,395,0,0
F3,base,133,f3_out_0,396,0,0
F3,base,134,f3_out_0,397,0,0
F3,base,135,f3_out_0,397,0,0
F3,base,136,f3_out_0,398,0,0
F3,base,137,f3_out_0,398,0,0
F3,base,138,f3_out_0,399,0,0
F3,base,139,f3_out_0,399,0,0
F3,base,140,f3_out_0,400,0,0
F3,base,141,f3_out_0,400,0,0
F3,base,142,f3_out_0,401,0,0
F3,base,143,f3_out_0,402,0,0
F3,base,144,f3_out_0,402,0,0
F3,base,145,f3_out_0,403,0,0
F3,base,146,f3_out_0,403,0,0
F3,base,147,f3_out_0,404,0,0
F3,base,148,f3_out_0,404,0,0
F3,base,149,f3_out_0,405,0,0
F3,base,150,f3_out_0,405,0,0
F3,base,151,f3_out_0,406,0,0
F3,base,152,f3_out_0,407,0,0
F3,base,153,f3_out_0,407,0,0
F3,base,154,f3_out_0,408,0,0
F3,base,155,f3_out_0,408,0,0
F3,base,156,f3_out_0,409,0,0
F3,base,157,f3_out_0,409,0,0
F3,base,158,f3_out_0,410,0,0
F3,base,159,f3_out_0,410,0,0
F3,base,160,f3_out_0,411,0,0
F3,base,161,f3_out_0,412,0,0
F3,base,162,f3_out_0,412,0,0
F3,base,163,f3_out_0,413,0,0
F3,base,164,f3_out_0,413,0,0
F3,base,165,f3_out_0,414,0,0
F3,base,166,f3_out_0,414,0,0
F3,base,167,f3_out_0,415,0,0
F3,base,168,f3_out_0,415,0,0
F3,base,169,f3_out_0,416,0,0
F3,base,170,f3_out_0,417,0,0
F3,base,171,f3_out_0,417,0,0
F3,base,172,f3_out_0,418,0,0
F3,base,173,f3_out_0,418,0,0
F3,base,174,f3_out_0,419,0,0
F3,base,175,f3_out_0,419,0,0
F3,base,176,f3_out_0,420,0,0
F3,base,177,f3_out_0,420,0,0
F3,base,178,f3_out_0,421,0,0
F3,base,179,f3_out_0,422,0,0
F3,base,180,f3_out_0,422,0,0
F3,base,181,f3_out_0,423,0,0
F3,base,182,f3_out_0,423,0,0
F3,base,183,f3_out_0,424,0,0
F3,base,184,f3_out_0,424,0,0
F3,base,185,f3_out_0,425,0,0
F3,base,186,f3_out_0,425,0,0
F3,base,187,f3_out_0,426,0,0
F3,base,188,f3_out_0,427,0,0
F3,base,189,f3_out_0,427,0,0
F3,base,190,f3_out_0,428,0,0
F3,base,191,f3_out_0,428,0,0
F3,base,192,f3_out_0,429,0,0
F3,base,193,f3_out_0,429,0,0
F3,base,194,f3_out_0,430,0,0
F3,base,195,f3_out_0,430,0,0
F3,base,196,f3_out_0,431,0,0
F3,base,197,f3_out_0,432,0,0
F3,base,198,f3_out_0,432,0,0
F3,base,199,f3_out_0,433,0,0
F3,base,200,f3_out_0,433,0,0
F3,base,201,f3_out_0,434,0,0
F3,base,202,f3_out_0,434,0,0
F3,base,203,f3_out_0,435,0,0
F3,base,204,f3_out_0,435,0,0
F3,base,205,f3_out_0,436,0,0
F3,base,206,f3_out_0,437,0,0
F3,base,207,f3_out_0,437,0,0
F3,base,208,f3_out_0,438,0,0
F3,base,209,f3_out_0,438,0,0
F3,base,210,f3_out_0,439,0,0
F3,base,211,f3_out_0,439,0,0
F3,base,212,f3_out_0,440,0,0
F3,base,213,f3_out_0,440,0,0
F3,base,214,f3_out_0,441,0,0
F3,base,215,f3_out_0,442,0,0
F3,base,216,f3_out_0,442,0,0
F3,base,217,f3_out_0,443,0,0
F3,base,218,f3_out_0,443,0,0
F3,base,219,f3_out_0,444,0,0
F3,base,220,f3_out_0,444,0,0
F3,base,221,f3_out_0,445,0,0
F3,base,222,f3_out_0,445,0,0
F3,base,223,f3_out_0,446,0,0
F3,base,224,f3_out_0,447,0,0
F3,base,225,f3_out_0,447,0,0
F3,base,226,f3_out_0,448,0,0
F3,base,227,f3_out_0,448,0,0
F3,base,228,f3_out_0,449,0,0
F3,base,229,f3_out_0,449,0,0
F3,base,230,f3_out_0,450,0,0
F3,base,231,f3_out_0,450,0,0
F3,base,232,f3_out_0,451,0,0
F3,base,233,f3_out_0,452,0,0
F3,base,234,f3_out_0,452,0,0
F3,base,235,f3_out_0,453,0,0
F3,base,236,f3_out_0,453,0,0
F3,base,237,f3_out_0,454,0,0
F3,base,238,f3_out_0,454,0,0
F3,base,239,f3_out_0,455,0,0
F3,base,240,f3_out_0,455,0,0
F3,base,241,f3_out_0,456,0,0
F3,base,242,f3_out_0,457,0,0
F3,base,243,f3_out_0,457,0,0
F3,base,244,f3_out_0,458,0,0
F3,base,245,f3_out_0,458,0,0
F3,base,246,f3_out_0,459,0,0
F3,base,247,f3_out_0,459,0,0
F3,base,248,f3_out_0,460,0,0
F3,base,249,f3_out_0,460,0,0
F3,base,250,f3_out_0,461,0,0
F3,base,251,f3_out_0,462,0,0
F3,base,252,f3_out_0,462,0,0
F3,base,253,f3_out_0,463,0,0
F3,base,254,f3_out_0,463,0,0
F3,base,255,f3_out_0,464,0,0
F3,base,256,f3_out_0,464,0,0
F3,base,257,f3_out_0,465,0,0
F3,base,258,f3_out_0,465,0,0
F3,base,259,f3_out_0,466,0,0
F3,base,260,f3_out_0,467,0,0
F3,base,261,f3_out_0,467,0,0
F3,base,262,f3_out_0,468,0,0
F3,base,263,f3_out_0,468,0,0
F3,base,264,f3_out_0,469,0,0
F3,base,265,f3_out_0,469,0,0
F3,base,266,f3_out_0,470,0,0
F3,base,267,f3_out_0,470,0,0
F3,base,268,f3_out_0,471,0,0
F3,base,269,f3_out_0,472,0,0
F3,base,270,f3_out_0,472,0,0
F3,base,271,f3_out_0,473,0,0
F3,base,272,f3_out_0,473,0,0
F3,base,273,f3_out_0,474,0,0
F3,base,274,f3_out_0,474,0,0
F3,base,275,f3_out_0,475,0,0
F3,base,276,f3_out_0,475,0,0
F3,base,277,f3_out_0,476,0,0
F3,base,278,f3_out_0,477,0,0
F3,base,279,f3_out_0,477,0,0
F3,base,280,f3_out_0,478,0,0
F3,base,281,f3_out_0,478,0,0
F3,base,282,f3_out_0,479,0,0
F3,base,283,f3_out_0,479,0,0
F3,base,284,f3_out_0,480,0,0
F3,base,285,f3_out_0,480,0,0
F3,base,286,f3_out_0,481,0,0
F3,base,287,f3_out_0,482,0,0
F3,base,288,f3_out_0,482,0,0
F3,base,289,f3_out_0,483,0,0
F3,base,290,f3_out_0,483,0,0
F3,base,291,f3_out_0,484,0,0
F3,base,292,f3_out_0,484,0,0
F3,base,293,f3_out_0,485,0,0
F3,base,294,f3_out_0,485,0,0
F3,base,295,f3_out_0,486,0,0
F3,base,296,f3_out_0,487,0,0
F3,base,297,f3_out_0,487,0,0
F3,base,298,f3_out_0,488,0,0
F3,base,299,f3_out_0,488,0,0
F3,base,300,f3_out_0,489,0,0
F3,base,301,f3_out_0,489,0,0
F3,base,302,f3_out_0,490,0,0
F3,base,303,f3_out_0,490,0,0
F3,base,304,f3_out_0,491,0,0
F3,base,305,f3_out_0,492,0,0
F3,base,306,f3_out_0,492,0,0
F3,base,307,f3_out_0,493,0,0
F3,base,308,f3_out_0,493,0,0
F3,base,309,f3_out_0,494,0,0
F3,base,310,f3_out_0,494,0,0
F3,base,311,f3_out_0,495,0,0
F3,base,312,f3_out_0,495,0,0
F3,base,313,f3_out_0,496,0,0
F3,base,314,f3_out_0,497,0,0
F3,base,315,f3_out_0,497,0,0
F3,base,316,f3_out_0,498,0,0
F3,base,317,f3_out_0,498,0,0
F3,base,318,f3_out_0,499,0,0
F3,base,319,f3_out_0,499,0,0
F3,base,320,f3_out_0,500,0,0
F3,base,321,f3_out_0,500,0,0
F3,base,322,f3_out_0,501,0,0
F3,base,323,f3_out_0,502,0,0
F3,base,324,f3_out_0,502,0,0
F3,base,325,f3_out_0,503,0,0
F3,base,326,f3_out_0,503,0,0
F3,base,327,f3_out_0,504,0,0
F3,base,328,f3_out_0,504,0,0
F3,base,329,f3_out_0,505,0,0
F3,base,330,f3_out_0,505,0,0
F3,base,331,f3_out_0,506,0,0
F3,base,332,f3_out_0,507,0,0
F3,base,333,f3_out_0,507,0,0
F3,base,334,f3_out_0,508,0,0
F3,base,335,f3_out_0,508,0,0
F3,base,336,f3_out_0,509,0,0
F3,base,337,f3_out_0,509,0,0
F3,base,338,f3_out_0,510,0,0
F3,base,339,f3_out_0,510,0,0
F3,base,340,f3_out_0,511,0,0
F3,base,341,f3_out_0,512,0,0
F3,base,342,f3_out_0,512,0,0
F3,base,343,f3_out_0,513,0,0
F3,base,344,f3_out_0,513,0,0
F3,base,345,f3_out_0,514,0,0
F3,base,346,f3_out_0,514,0,0
F3,base,347,f3_out_0,515,0,0
F3,base,348,f3_out_0,515,0,0
F3,base,349,f3_out_0,516,0,0
F3,base,350,f3_out_0,517,0,0
F3,base,351,f3_out_0,517,0,0
F3,base,352,f3_out_0,518,0,0
F3,base,353,f3_out_0,518,0,0
F3,base,354,f3_out_0,519,0,0
F3,base,355,f3_out_0,519,0,0
F3,base,356,f3_out_0,520,0,0
F3,base,357,f3_out_0,520,0,0
F3,base,358,f3_out_0,521,0,0
F3,base,359,f3_out_0,522,0,0
F3,base,360,f3_out_0,522,0,0
F3,base,361,f3_out_0,523,0,0
F3,base,362,f3_out_0,523,0,0
F3,base,363,f3_out_0,524,0,0
F3,base,364,f3_out_0,524,0,0
F3,base,365,f3_out_0,525,0,0
F3,base,366,f3_out_0,525,0,0
F3,base,367,f3_out_0,526,0,0
F3,base,368,f3_out_0,527,0,0
F3,base,369,f3_out_0,527,0,0
F3,base,370,f3_out_0,528,0,0
F3,base,371,f3_out_0,528,0,0
F3,base,372,f3_out_0,529,0,0
F3,base,373,f3_out_0,529,0,0
F3,base,374,f3_out_0,530,0,0
F3,base,375,f3_out_0,530,0,0
F3,base,376,f3_out_0,531,0,0
F3,base,377,f3_out_0,532,0,0
F3,base,378,f3_out_0,532,0,0
F3,base,379,f3_out_0,533,0,0
F3,base,380,f3_out_0,533,0,0
F3,base,381,f3_out_0,534,0,0
F3,base,382,f3_out_0,534,0,0
F3,base,383,f3_out_0,535,0,0
F3,base,384,f3_out_0,535,0,0
F3,base,385,f3_out_0,536,0,0
F3,base,386,f3_out_0,537,0,0
F3,base,387,f3_out_0,537,0,0
F3,base,388,f3_out_0,538,0,0
F3,base,389,f3_out_0,538,0,0
F3,base,390,f3_out_0,539,0,0
F3,base,391,f3_out_0,539,0,0
F3,base,392,f3_out_0,540,0,0
F3,base,393,f3_out_0,540,0,0
F3,base,394,f3_out_0,541,0,0
F3,base,395,f3_out_0,542,0,0
F3,base,396,f3_out_0,542,0,0
F3,base,397,f3_out_0,543,0,0
F3,base,398,f3_out_0,543,0,0
F3,base,399,f3_out_0,544,0,0
F3,base,400,f3_out_0,544,0,0
F3,base,401,f3_out_0,545,0,0
F3,base,402,f3_out_0,545,0,0
F3,base,403,f3_out_0,546,0,0
F3,base,404,f3_out_0,547,0,0
F3,base,405,f3_out_0,547,0,0
F3,base,406,f3_out_0,548,0,0
F3,base,407,f3_out_0,548,0,0
F3,base,408,f3_out_0,549,0,0
F3,base,409,f3_out_0,549,0,0
F3,base,410,f3_out_0,550,0,0
F3,base,411,f3_out_0,550,0,0
F3,base,412,f3_out_0,551,0,0
F3,base,413,f3_out_0,552,0,0
F3,base,414,f3_out_0,552,0,0
F3,base,415,f3_out_0,553,0,0
F3,base,416,f3_out_0,553,0,0
F3,base,417,f3_out_0,554,0,0
F3,base,418,f3_out_0,554,0,0
F3,base,419,f3_out_0,555,0,0
F3,base,420,f3_out_0,555,0,0
F3,base,421,f3_out_0,556,0,0
F3,base,422,f3_out_0,557,0,0
F3,base,423,f3_out_0,557,0,0
F3,base,424,f3_out_0,558,0,0
F3,base,425,f3_out_0,558,0,0
F3,base,426,f3_out_0,559,0,0
F3,base,427,f3_out_0,559,0,0
F3,base,428,f3_out_0,560,0,0
F3,base,429,f3_out_0,560,0,0
F3,base,430,f3_out_0,561,0,0
F3,base,431,f3_out_0,562,0,0
F3,base,432,f3_out_0,562,0,0
F3,base,433,f3_out_0,563,0,0
F3,base,434,f3_out_0,563,0,0
F3,base,435,f3_out_0,564,0,0
F3,base,436,f3_out_0,564,0,0
F3,base,437,f3_out_0,565,0,0
F3,base,438,f3_out_0,565,0,0
F3,base,439,f3_out_0,566,0,0
F3,base,440,f3_out_0,567,0,0
F3,base,441,f3_out_0,567,0,0
F3,base,442,f3_out_0,568,0,0
F3,base,443,f3_out_0,568,0,0
F3,base,444,f3_out_0,569,0,0
F3,base,445,f3_out_0,569,0,0
F3,base,446,f3_out_0,570,0,0
F3,base,447,f3_out_0,570,0,0
F3,base,448,f3_out_0,571,0,0
F3,base,449,f3_out_0,572,0,0
F3,base,450,f3_out_0,572,0,0
F3,base,451,f3_out_0,573,0,0
F3,base,452,f3_out_0,573,0,0
F3,base,453,f3_out_0,574,0,0
F3,base,454,f3_out_0,574,0,0
F3,base,455,f3_out_0,575,0,0
F3,base,456,f3_out_0,575,0,0
F3,base,457,f3_out_0,576,0,0
F3,base,458,f3_out_0,577,0,0
F3,base,459,f3_out_0,577,0,0
F3,base,460,f3_out_0,578,0,0
F3,base,461,f3_out_0,578,0,0
F3,base,462,f3_out_0,579,0,0
F3,base,463,f3_out_0,579,0,0
F3,base,464,f3_out_0,580,0,0
F3,base,465,f3_out_0,580,0,0
F3,base,466,f3_out_0,581,0,0
F3,base,467,f3_out_0,582,0,0
F3,base,468,f3_out_0,582,0,0
F3,base,469,f3_out_0,583,0,0
F3,base,470,f3_out_0,583,0,0
F3,base,471,f3_out_0,584,0,0
F3,base,472,f3_out_0,584,0,0
F3,base,473,f3_out_0,585,0,0
F3,base,474,f3_out_0,585,0,0
F3,base,475,f3_out_0,586,0,0
F3,base,476,f3_out_0,587,0,0
F3,base,477,f3_out_0,587,0,0
F3,base,478,f3_out_0,588,0,0
F3,base,479,f3_out_0,588,0,0
F3,base,480,f3_out_0,589,0,0
F3,base,481,f3_out_0,589,0,0
F3,base,482,f3_out_0,590,0,0
F3,base,483,f3_out_0,590,0,0
F3,base,484,f3_out_0,591,0,0
F3,base,485,f3_out_0,592,0,0
F3,base,486,f3_out_0,592,0,0
F3,base,487,f3_out_0,593,0,0
F3,base,488,f3_out_0,593,0,0
F3,base,489,f3_out_0,594,0,0
F3,base,490,f3_out_0,594,0,0
F3,base,491,f3_out_0,595,0,0
F3,base,492,f3_out_0,595,0,0
F3,base,493,f3_out_0,596,0,0
F3,base,494,f3_out_0,597,0,0
F3,base,495,f3_out_0,597,0,0
F3,base,496,f3_out_0,598,0,0
F3,base,497,f3_out_0,598,0,0
F3,base,498,f3_out_0,599,0,0
F3,base,499,f3_out_0,599,0,0
F3,base,500,f3_out_0,600,0,0
F3,base,501,f3_out_0,600,0,0
F3,base,502,f3_out_0,601,0,0
F3,base,503,f3_out_0,602,0,0
F3,base,504,f3_out_0,602,0,0
F3,base,505,f3_out_0,603,0,0
F3,base,506,f3_out_0,603,0,0
F3,base,507,f3_out_0,604,0,0
F3,base,508,f3_out_0,604,0,0
F3,base,509,f3_out_0,605,0,0
F3,base,510,f3_out_0,605,0,0
F3,base,511,f3_out_0,606,0,0
F3,base,512,f3_out_0,607,0,0
F3,base,513,f3_out_0,607,0,0
F3,base,514,f3_out_0,608,0,0
F3,base,515,f3_out_0,608,0,0
F3,base,516,f3_out_0,609,0,0
F3,base,517,f3_out_0,609,0,0
F3,base,518,f3_out_0,610,0,0
F3,base,519,f3_out_0,610,0,0
F3,base,520,f3_out_0,611,0,0
F3,base,521,f3_out_0,612,0,0
F3,base,522,f3_out_0,612,0,0
F3,base,523,f3_out_0,613,0,0
F3,base,524,f3_out_0,613,0,0
F3,base,525,f3_out_0,614,0,0
F3,base,526,f3_out_0,614,0,0
F3,base,527,f3_out_0,615,0,0
F3,base,528,f3_out_0,615,0,0
F3,base,529,f3_out_0,616,0,0
F3,base,530,f3_out_0,617,0,0
F3,base,531,f3_out_0,617,0,0
F3,base,532,f3_out_0,618,0,0
F3,base,533,f3_out_0,618,0,0
F3,base,534,f3_out_0,619,0,0
F3,base,535,f3_out_0,619,0,0
F3,base,536,f3_out_0,620,0,0
F3,base,537,f3_out_0,620,0,0
F3,base,538,f3_out_0,621,0,0
F3,base,539,f3_out_0,622,0,0
F3,base,540,f3_out_0,622,0,0
F3,base,541,f3_out_0,623,0,0
F3,base,542,f3_out_0,623,0,0
F3,base,543,f3_out_0,624,0,0
F3,base,544,f3_out_0,624,0,0
F3,base,545,f3_out_0,625,0,0
F3,base,546,f3_out_0,625,0,0
F3,base,547,f3_out_0,626,0,0
F3,base,548,f3_out_0,627,0,0
F3,base,549,f3_out_0,627,0,0
F3,base,550,f3_out_0,628,0,0
F3,base,551,f3_out_0,628,0,0
F3,base,552,f3_out_0,629,0,0
F3,base,553,f3_out_0,629,0,0
F3,base,554,f3_out_0,630,0,0
F3,base,555,f3_out_0,630,0,0
F3,base,556,f3_out_0,631,0,0
F3,base,557,f3_out_0,632,0,0
F3,base,558,f3_out_0,632,0,0
F3,base,559,f3_out_0,633,0,0
F3,base,560,f3_out_0,633,0,0
F3,base,561,f3_out_0,634,0,0
F3,base,562,f3_out_0,634,0,0
F3,base,563,f3_out_0,635,0,0
F3,base,564,f3_out_0,635,0,0
F3,base,565,f3_out_0,636,0,0
F3,base,566,f3_out_0,637,0,0
F3,base,567,f3_out_0,637,0,0
F3,base,568,f3_out_0,638,0,0
F3,base,569,f3_out_0,638,0,0
F3,base,570,f3_out_0,639,0,0
F3,base,571,f3_out_0,639,0,0
F3,base,572,f3_out_0,640,0,0
F3,base,573,f3_out_0,640,0,0
F3,base,574,f3_out_0,641,0,0
F3,base,575,f3_out_0,642,0,0
F3,base,576,f3_out_0,642,0,0
F3,base,577,f3_out_0,643,0,0
F3,base,578,f3_out_0,643,0,0
F3,base,579,f3_out_0,644,0,0
F3,base,580,f3_out_0,644,0,0
F3,base,581,f3_out_0,645,0,0
F3,base,582,f3_out_0,645,0,0
F3,base,583,f3_out_0,646,0,0
F3,base,584,f3_out_0,647,0,0
F3,base,585,f3_out_0,647,0,0
F3,base,586,f3_out_0,648,0,0
F3,base,587,f3_out_0,648,0,0
F3,base,588,f3_out_0,649,0,0
F3,base,589,f3_out_0,649,0,0
F3,base,590,f3_out_0,650,0,0
F3,base,591,f3_out_0,650,0,0
F3,base,592,f3_out_0,651,0,0
F3,base,593,f3_out_0,652,0,0
F3,base,594,f3_out_0,652,0,0
F3,base,595,f3_out_0,653,0,0
F3,base,596,f3_out_0,653,0,0
F3,base,597,f3_out_0,654,0,0
F3,base,598,f3_out_0,654,0,0
F3,base,599,f3_out_0,655,0,0
F3,base,600,f3_out_0,655,0,0
F3,base,601,f3_out_0,656,0,0
F3,base,602,f3_out_0,657,0,0
F3,base,603,f3_out_0,657,0,0
F3,base,604,f3_out_0,658,0,0
F3,base,605,f3_out_0,658,0,0
F3,base,606,f3_out_0,659,0,0
F3,base,607,f3_out_0,659,0,0
F3,base,608,f3_out_0,660,0,0
F3,base,609,f3_out_0,660,0,0
F3,base,610,f3_out_0,661,0,0
F3,base,611,f3_out_0,662,0,0
F3,base,612,f3_out_0,662,0,0
F3,base,613,f3_out_0,663,0,0
F3,base,614,f3_out_0,663,0,0
F3,base,615,f3_out_0,664,0,0
F3,base,616,f3_out_0,664,0,0
F3,base,617,f3_out_0,665,0,0
F3,base,618,f3_out_0,665,0,0
F3,base,619,f3_out_0,666,0,0
F3,base,620,f3_out_0,667,0,0
F3,base,621,f3_out_0,667,0,0
F3,base,622,f3_out_0,668,0,0
F3,base,623,f3_out_0,668,0,0
F3,base,624,f3_out_0,669,0,0
F3,base,625,f3_out_0,669,0,0
F3,base,626,f3_out_0,670,0,0
F3,base,627,f3_out_0,670,0,0
F3,base,628,f3_out_0,671,0,0
F3,base,629,f3_out_0,672,0,0
F3,base,630,f3_out_0,672,0,0
F3,base,631,f3_out_0,673,0,0
F3,base,632,f3_out_0,673,0,0
F3,base,633,f3_out_0,674,0,0
F3,base,634,f3_out_0,674,0,0
F3,base,635,f3_out_0,675,0,0
F3,base,636,f3_out_0,675,0,0
F3,base,637,f3_out_0,676,0,0
F3,base,638,f3_out_0,677,0,0
F3,base,639,f3_out_0,677,0,0
F3,base,640,f3_out_0,678,0,0
F3,base,641,f3_out_0,678,0,0
F3,base,642,f3_out_0,679,0,0
F3,base,643,f3_out_0,679,0,0
F3,base,644,f3_out_0,680,0,0
F3,base,645,f3_out_0,680,0,0
F3,base,646,f3_out_0,681,0,0
F3,base,647,f3_out_0,682,0,0
F3,base,648,f3_out_0,682,0,0
F3,base,649,f3_out_0,683,0,0
F3,base,650,f3_out_0,683,0,0
F3,base,651,f3_out_0,684,0,0
F3,base,652,f3_out_0,684,0,0
F3,base,653,f3_out_0,685,0,0
F3,base,654,f3_out_0,685,0,0
F3,base,655,f3_out_0,686,0,0
F3,base,656,f3_out_0,687,0,0
F3,base,657,f3_out_0,687,0,0
F3,base,658,f3_out_0,688,0,0
F3,base,659,f3_out_0,688,0,0
F3,base,660,f3_out_0,689,0,0
F3,base,661,f3_out_0,689,0,0
F3,base,662,f3_out_0,690,0,0
F3,base,663,f3_out_0,690,0,0
F3,base,664,f3_out_0,691,0,0
F3,base,665,f3_out_0,692,0,0
F3,base,666,f3_out_0,692,0,0
F3,base,667,f3_out_0,693,0,0
F3,base,668,f3_out_0,693,0,0
F3,base,669,f3_out_0,694,0,0
F3,base,670,f3_out_0,694,0,0
F3,base,671,f3_out_0,695,0,0
F3,base,672,f3_out_0,695,0,0
F3,base,673,f3_out_0,696,0,0
F3,base,674,f3_out_0,697,0,0
F3,base,675,f3_out_0,697,0,0
F3,base,676,f3_out_0,698,0,0
F3,base,677,f3_out_0,698,0,0
F3,base,678,f3_out_0,699,0,0
F3,base,679,f3_out_0,699,0,0
F3,base,680,f3_out_0,700,0,0
F3,base,681,f3_out_0,700,0,0
F3,base,682,f3_out_0,701,0,0
F3,base,683,f3_out_0,702,0,0
F3,base,684,f3_out_0,702,0,0
F3,base,685,f3_out_0,703,0,0
F3,base,686,f3_out_0,703,0,0
F3,base,687,f3_out_0,704,0,0
F3,base,688,f3_out_0,704,0,0
F3,base,689,f3_out_0,705,0,0
F3,base,690,f3_out_0,705,0,0
F3,base,691,f3_out_0,706,0,0
F3,base,692,f3_out_0,707,0,0
F3,base,693,f3_out_0,707,0,0
F3,base,694,f3_out_0,708,0,0
F3,base,695,f3_out_0,708,0,0
F3,base,696,f3_out_0,709,0,0
F3,base,697,f3_out_0,709,0,0
F3,base,698,f3_out_0,710,0,0
F3,base,699,f3_out_0,710,0,0
F3,base,700,f3_out_0,711,0,0
F3,base,701,f3_out_0,712,0,0
F3,base,702,f3_out_0,712,0,0
F3,base,703,f3_out_0,713,0,0
F3,base,704,f3_out_0,713,0,0
F3,base,705,f3_out_0,714,0,0
F3,base,706,f3_out_0,714,0,0
F3,base,707,f3_out_0,715,0,0
F3,base,708,f3_out_0,715,0,0
F3,base,709,f3_out_0,716,0,0
F3,base,710,f3_out_0,717,0,0
F3,base,711,f3_out_0,717,0,0
F3,base,712,f3_out_0,718,0,0
F3,base,713,f3_out_0,718,0,0
F3,base,714,f3_out_0,719,0,0
F3,base,715,f3_out_0,719,0,0
F3,base,716,f3_out_0,720,0,0
F3,base,717,f3_out_0,720,0,0
F3,base,718,f3_out_0,721,0,0
F3,base,719,f3_out_0,722,0,0
F3,base,720,f3_out_0,722,0,0
F3,base,721,f3_out_0,723,0,0
F3,base,722,f3_out_0,723,0,0
F3,base,723,f3_out_0,724,0,0
F3,base,724,f3_out_0,724,0,0
F3,base,725,f3_out_0,725,0,0
F3,base,726,f3_out_0,725,0,0
F3,base,727,f3_out_0,726,0,0
F3,base,728,f3_out_0,727,0,0
F3,base,729,f3_out_0,727,0,0
F3,base,730,f3_out_0,728,0,0
F3,base,731,f3_out_0,728,0,0
F3,base,732,f3_out_0,729,0,0
F3,base,733,f3_out_0,729,0,0
F3,base,734,f3_out_0,730,0,0
F3,base,735,f3_out_0,730,0,0
F3,base,736,f3_out_0,731,0,0
F3,base,737,f3_out_0,732,0,0
F3,base,738,f3_out_0,732,0,0
F3,base,739,f3_out_0,733,0,0
F3,base,740,f3_out_0,733,0,0
F3,base,741,f3_out_0,734,0,0
F3,base,742,f3_out_0,734,0,0
F3,base,743,f3_out_0,735,0,0
F3,base,744,f3_out_0,735,0,0
F3,base,745,f3_out_0,736,0,0
F3,base,746,f3_out_0,737,0,0
F3,base,747,f3_out_0,737,0,0
F3,base,748,f3_out_0,738,0,0
F3,base,749,f3_out_0,738,0,0
F3,base,750,f3_out_0,739,0,0
F3,base,751,f3_out_0,739,0,0
F3,base,752,f3_out_0,740,0,0
F3,base,753,f3_out_0,740,0,0
F3,base,754,f3_out_0,741,0,0
F3,base,755,f3_out_0,742,0,0
F3,base,756,f3_out_0,742,0,0
F3,base,757,f3_out_0,743,0,0
F3,base,758,f3_out_0,743,0,0
F3,base,759,f3_out_0,744,0,0
F3,base,760,f3_out_0,744,0,0
F3,base,761,f3_out_0,745,0,0
F3,base,762,f3_out_0,745,0,0
F3,base,763,f3_out_0,746,0,0
F3,base,764,f3_out_0,747,0,0
F3,base,765,f3_out_0,747,0,0
F3,base,766,f3_out_0,748,0,0
F3,base,767,f3_out_0,748,0,0
F3,base,768,f3_out_0,749,0,0
F3,base,769,f3_out_0,749,0,0
F3,base,770,f3_out_0,750,0,0
F3,base,771,f3_out_0,750,0,0
F3,base,772,f3_out_0,751,0,0
F3,base,773,f3_out_0,752,0,0
F3,base,774,f3_out_0,752,0,0
F3,base,775,f3_out_0,753,0,0
F3,base,776,f3_out_0,753,0,0
F3,base,777,f3_out_0,754,0,0
F3,base,778,f3_out_0,754,0,0
F3,base,779,f3_out_0,755,0,0
F3,base,780,f3_out_0,755,0,0
F3,base,781,f3_out_0,756,0,0
F3,base,782,f3_out_0,757,0,0
F3,base,783,f3_out_0,757,0,0
F3,base,784,f3_out_0,758,0,0
F3,base,785,f3_out_0,758,0,0
F3,base,786,f3_out_0,759,0,0
F3,base,787,f3_out_0,759,0,0
F3,base,788,f3_out_0,760,0,0
F3,base,789,f3_out_0,760,0,0
F3,base,790,f3_out_0,761,0,0
F3,base,791,f3_out_0,762,0,0
F3,base,792,f3_out_0,762,0,0
F3,base,793,f3_out_0,763,0,0
F3,base,794,f3_out_0,763,0,0
F3,base,795,f3_out_0,764,0,0
F3,base,796,f3_out_0,764,0,0
F3,base,797,f3_out_0,765,0,0
F3,base,798,f3_out_0,765,0,0
F3,base,799,f3_out_0,766,0,0
F3,base,800,f3_out_0,767,0,0
F3,base,801,f3_out_0,767,0,0
F3,base,802,f3_out_0,768,0,0
F3,base,803,f3_out_0,768,0,0
F3,base,804,f3_out_0,769,0,0
F3,base,805,f3_out_0,769,0,0
F3,base,806,f3_out_0,770,0,0
F3,base,807,f3_out_0,770,0,0
F3,base,808,f3_out_0,771,0,0
F3,base,809,f3_out_0,772,0,0
F3,base,810,f3_out_0,772,0,0
F3,base,811,f3_out_0,773,0,0
F3,base,812,f3_out_0,773,0,0
F3,base,813,f3_out_0,774,0,0
F3,base,814,f3_out_0,774,0,0
F3,base,815,f3_out_0,775,0,0
F3,base,816,f3_out_0,775,0,0
F3,base,817,f3_out_0,776,0,0
F3,base,818,f3_out_0,777,0,0
F3,base,819,f3_out_0,777,0,0
F3,base,820,f3_out_0,778,0,0
F3,base,821,f3_out_0,778,0,0
F3,base,822,f3_out_0,779,0,0
F3,base,823,f3_out_0,779,0,0
F3,base,824,f3_out_0,780,0,0
F3,base,825,f3_out_0,780,0,0
F3,base,826,f3_out_0,781,0,0
F3,base,827,f3_out_0,782,0,0
F3,base,828,f3_out_0,782,0,0
F3,base,829,f3_out_0,783,0,0
F3,base,830,f3_out_0,783,0,0
F3,base,831,f3_out_0,784,0,0
F3,base,832,f3_out_0,784,0,0
F3,base,833,f3_out_0,785,0,0
F3,base,834,f3_out_0,785,0,0
F3,base,835,f3_out_0,786,0,0
F3,base,836,f3_out_0,787,0,0
F3,base,837,f3_out_0,787,0,0
F3,base,838,f3_out_0,788,0,0
F3,base,839,f3_out_0,788,0,0
F3,base,840,f3_out_0,789,0,0
F3,base,841,f3_out_0,789,0,0
F3,base,842,f3_out_0,790,0,0
F3,base,843,f3_out_0,790,0,0
F3,base,844,f3_out_0,791,0,0
F3,base,845,f3_out_0,792,0,0
F3,base,846,f3_out_0,792,0,0
F3,base,847,f3_out_0,793,0,0
F3,base,848,f3_out_0,793,0,0
F3,base,849,f3_out_0,794,0,0
F3,base,850,f3_out_0,794,0,0
F3,base,851,f3_out_0,795,0,0
F3,base,852,f3_out_0,795,0,0
F3,base,853,f3_out_0,796,0,0
F3,base,854,f3_out_0,797,0,0
F3,base,855,f3_out_0,797,0,0
F3,base,856,f3_out_0,798,0,0
F3,base,857,f3_out_0,798,0,0
F3,base,858,f3_out_0,799,0,0
F3,base,859,f3_out_0,799,0,0
F3,base,860,f3_out_0,800,0,0
F3,base,861,f3_out_0,800,0,0
F3,base,862,f3_out_0,801,0,0
F3,base,863,f3_out_0,802,0,0
F3,base,864,f3_out_0,802,0,0
F3,base,865,f3_out_0,803,0,0
F3,base,866,f3_out_0,803,0,0
F3,base,867,f3_out_0,804,0,0
F3,base,868,f3_out_0,804,0,0
F3,base,869,f3_out_0,805,0,0
F3,base,870,f3_out_0,805,0,0
F3,base,871,f3_out_0,806,0,0
F3,base,872,f3_out_0,807,0,0
F3,base,873,f3_out_0,807,0,0
F3,base,874,f3_out_0,808,0,0
F3,base,875,f3_out_0,808,0,0
F3,base,876,f3_out_0,809,0,0
F3,base,877,f3_out_0,809,0,0
F3,base,878,f3_out_0,810,0,0
F3,base,879,f3_out_0,810,0,0
F3,base,880,f3_out_0,811,0,0
F3,base,881,f3_out_0,812,0,0
F3,base,882,f3_out_0,812,0,0
F3,base,883,f3_out_0,813,0,0
F3,base,884,f3_out_0,813,0,0
F3,base,885,f3_out_0,814,0,0
F3,base,886,f3_out_0,814,0,0
F3,base,887,f3_out_0,815,0,0
F3,base,888,f3_out_0,815,0,0
F3,base,889,f3_out_0,816,0,0
F3,base,890,f3_out_0,817,0,0
F3,base,891,f3_out_0,817,0,0
F3,base,892,f3_out_0,818,0,0
F3,base,893,f3_out_0,818,0,0
F3,base,894,f3_out_0,819,0,0
F3,base,895,f3_out_0,819,0,0
F3,base,896,f3_out_0,820,0,0
F3,base,897,f3_out_0,820,0,0
F3,base,898,f3_out_0,821,0,0
F3,base,899,f3_out_0,822,0,0
F3,base,900,f3_out_0,822,0,0
F3,base,901,f3_out_0,823,0,0
F3,base,902,f3_out_0,823,0,0
F3,base,903,f3_out_0,824,0,0
F3,base,904,f3_out_0,824,0,0
F3,base,905,f3_out_0,825,0,0
F3,base,906,f3_out_0,825,0,0
F3,base,907,f3_out_0,826,0,0
F3,base,908,f3_out_0,827,0,0
F3,base,909,f3_out_0,827,0,0
F3,base,910,f3_out_0,828,0,0
F3,base,911,f3_out_0,828,0,0
F3,base,912,f3_out_0,829,0,0
F3,base,913,f3_out_0,829,0,0
F3,base,914,f3_out_0,830,0,0
F3,base,915,f3_out_0,830,0,0
F3,base,916,f3_out_0,831,0,0
F3,base,917,f3_out_0,832,0,0
F3,base,918,f3_out_0,832,0,0
F3,base,919,f3_out_0,833,0,0
F3,base,920,f3_out_0,833,0,0
F3,base,921,f3_out_0,834,0,0
F3,base,922,f3_out_0,834,0,0
F3,base,923,f3_out_0,835,0,0
F3,base,924,f3_out_0,835,0,0
F3,base,925,f3_out_0,836,0,0
F3,base,926,f3_out_0,837,0,0
F3,base,927,f3_out_0,837,0,0
F3,base,928,f3_out_0,838,0,0
F3,base,929,f3_out_0,838,0,0
F3,base,930,f3_out_0,839,0,0
F3,base,931,f3_out_0,839,0,0
F3,base,932,f3_out_0,840,0,0
F3,base,933,f3_out_0,840,0,0
F3,base,934,f3_out_0,841,0,0
F3,base,935,f3_out_0,842,0,0
F3,base,936,f3_out_0,842,0,0
F3,base,937,f3_out_0,843,0,0
F3,base,938,f3_out_0,843,0,0
F3,base,939,f3_out_0,844,0,0
F3,base,940,f3_out_0,844,0,0
F3,base,941,f3_out_0,845,0,0
F3,base,942,f3_out_0,845,0,0
F3,base,943,f3_out_0,846,0,0
F3,base,944,f3_out_0,847,0,0
F3,base,945,f3_out_0,847,0,0
F3,base,946,f3_out_0,848,0,0
F3,base,947,f3_out_0,848,0,0
F3,base,948,f3_out_0,849,0,0
F3,base,949,f3_out_0,849,0,0
F3,base,950,f3_out_0,850,0,0
F3,base,951,f3_out_0,850,0,0
F3,base,952,f3_out_0,851,0,0
F3,base,953,f3_out_0,852,0,0
F3,base,954,f3_out_0,852,0,0
F3,base,955,f3_out_0,853,0,0
F3,base,956,f3_out_0,853,0,0
F3,base,957,f3_out_0,854,0,0
F3,base,958,f3_out_0,854,0,0
F3,base,959,f3_out_0,855,0,0
F3,base,960,f3_out_0,855,0,0
F3,base,961,f3_out_0,856,0,0
F3,base,962,f3_out_0,857,0,0
F3,base,963,f3_out_0,857,0,0
F3,base,964,f3_out_0,858,0,0
F3,base,965,f3_out_0,858,0,0
F3,base,966,f3_out_0,859,0,0
F3,base,967,f3_out_0,859,0,0
F3,base,968,f3_out_0,860,0,0
F3,base,969,f3_out_0,860,0,0
F3,base,970,f3_out_0,861,0,0
F3,base,971,f3_out_0,862,0,0
F3,base,972,f3_out_0,862,0,0
F3,base,973,f3_out_0,863,0,0
F3,base,974,f3_out_0,863,0,0
F3,base,975,f3_out_0,864,0,0
F3,base,976,f3_out_0,864,0,0
F3,base,977,f3_out_0,865,0,0
F3,base,978,f3_out_0,865,0,0
F3,base,979,f3_out_0,866,0,0
F3,base,980,f3_out_0,867,0,0
F3,base,981,f3_out_0,867,0,0
F3,base,982,f3_out_0,868,0,0
F3,base,983,f3_out_0,868,0,0
F3,base,984,f3_out_0,869,0,0
F3,base,985,f3_out_0,869,0,0
F3,base,986,f3_out_0,870,0,0
F3,base,987,f3_out_0,870,0,0
F3,base,988,f3_out_0,871,0,0
F3,base,989,f3_out_0,872,0,0
F3,base,990,f3_out_0,872,0,0
F3,base,991,f3_out_0,873,0,0
F3,base,992,f3_out_0,873,0,0
F3,base,993,f3_out_0,874,0,0
F3,base,994,f3_out_0,874,0,0
F3,base,995,f3_out_0,875,0,0
F3,base,996,f3_out_0,875,0,0
F3,base,997,f3_out_0,876,0,0
F3,base,998,f3_out_0,877,0,0
F3,base,999,f3_out_0,877,0,0
F3,base,1000,f3_out_0,878,0,0
F3,base,1001,f3_out_0,878,0,0
F3,base,1002,f3_out_0,879,0,0
F3,base,1003,f3_out_0,879,0,0
F3,base,1004,f3_out_0,880,0,0
F3,base,1005,f3_out_0,880,0,0
F3,base,1006,f3_out_0,881,0,0
F3,base,1007,f3_out_0,882,0,0
F3,base,1008,f3_out_0,882,0,0
F3,base,1009,f3_out_0,883,0,0
F3,base,1010,f3_out_0,883,0,0
F3,base,1011,f3_out_0,884,0,0
F3,base,1012,f3_out_0,884,0,0
F3,base,1013,f3_out_0,885,0,0
F3,base,1014,f3_out_0,885,0,0
F3,base,1015,f3_out_0,886,0,0
F3,base,1016,f3_out_0,887,0,0
F3,base,1017,f3_out_0,887,0,0
F3,base,1018,f3_out_0,888,0,0
F3,base,1019,f3_out_0,888,0,0
F3,base,1020,f3_out_0,889,0,0
F3,base,1021,f3_out_0,889,0,0
F3,base,1022,f3_out_0,890,0,0
F3,base,1023,f3_out_0,890,0,0
F3,base,1024,f3_out_0,891,0,0
F3,base,1025,f3_out_0,892,0,0
F3,base,1026,f3_out_0,892,0,0
F3,base,1027,f3_out_0,893,0,0
F3,base,1028,f3_out_0,893,0,0
F3,base,1029,f3_out_0,894,0,0
F3,base,1030,f3_out_0,894,0,0
F3,base,1031,f3_out_0,895,0,0
F3,base,1032,f3_out_0,895,0,0
F3,base,1033,f3_out_0,896,0,0
F3,base,1034,f3_out_0,897,0,0
F3,base,1035,f3_out_0,897,0,0
F3,base,1036,f3_out_0,898,0,0
F3,base,1037,f3_out_0,898,0,0
F3,base,1038,f3_out_0,899,0,0
F3,base,1039,f3_out_0,899,0,0
F3,base,1040,f3_out_0,900,0,0
F3,base,1041,f3_out_0,900,0,0
F3,base,1042,f3_out_0,901,0,0
F3,base,1043,f3_out_0,902,0,0
F3,base,1044,f3_out_0,902,0,0
F3,base,1045,f3_out_0,903,0,0
F3,base,1046,f3_out_0,903,0,0
F3,base,1047,f3_out_0,904,0,0
F3,base,1048,f3_out_0,904,0,0
F3,base,1049,f3_out_0,905,0,0
F3,base,1050,f3_out_0,905,0,0
F3,base,1051,f3_out_0,906,0,0
F3,base,1052,f3_out_0,907,0,0
F3,base,1053,f3_out_0,907,0,0
F3,base,1054,f3_out_0,908,0,0
F3,base,1055,f3_out_0,908,0,0
F3,base,1056,f3_out_0,909,0,0
F3,base,1057,f3_out_0,909,0,0
F3,base,1058,f3_out_0,910,0,0
F3,base,1059,f3_out_0,910,0,0
F3,base,1060,f3_out_0,911,0,0
F3,base,1061,f3_out_0,912,0,0
F3,base,1062,f3_out_0,912,0,0
F3,base,1063,f3_out_0,913,0,0
F3,base,1064,f3_out_0,913,0,0
F3,base,1065,f3_out_0,914,0,0
F3,base,1066,f3_out_0,914,0,0
F3,base,1067,f3_out_0,915,0,0
F3,base,1068,f3_out_0,915,0,0
F3,base,1069,f3_out_0,916,0,0
F3,base,1070,f3_out_0,917,0,0
F3,base,1071,f3_out_0,917,0,0
F3,base,1072,f3_out_0,918,0,0
F3,base,1073,f3_out_0,918,0,0
F3,base,1074,f3_out_0,919,0,0
F3,base,1075,f3_out_0,919,0,0
F3,base,1076,f3_out_0,920,0,0
F3,base,1077,f3_out_0,920,0,0
F3,base,1078,f3_out_0,921,0,0
F3,base,1079,f3_out_0,922,0,0
F3,base,1080,f3_out_0,922,0,0
F3,base,1081,f3_out_0,923,0,0
F3,base,1082,f3_out_0,923,0,0
F3,base,1083,f3_out_0,924,0,0
F3,base,1084,f3_out_0,924,0,0
F3,base,1085,f3_out_0,925,0,0
F3,base,1086,f3_out_0,925,0,0
F3,base,1087,f3_out_0,926,0,0
F3,base,1088,f3_out_0,927,0,0
F3,base,1089,f3_out_0,927,0,0
F3,base,1090,f3_out_0,928,0,0
F3,base,1091,f3_out_0,928,0,0
F3,base,1092,f3_out_0,929,0,0
F3,base,1093,f3_out_0,929,0,0
F3,base,1094,f3_out_0,930,0,0
F3,base,1095,f3_out_0,930,0,0
F3,base,1096,f3_out_0,931,0,0
F3,base,1097,f3_out_0,932,0,0
F3,base,1098,f3_out_0,932,0,0
F3,base,1099,f3_out_0,933,0,0
F3,base,1100,f3_out_0,933,0,0
F3,base,1101,f3_out_0,934,0,0
F3,base,1102,f3_out_0,934,0,0
F3,base,1103,f3_out_0,935,0,0
F3,base,1104,f3_out_0,935,0,0
F3,base,1105,f3_out_0,936,0,0
F3,base,1106,f3_out_0,937,0,0
F3,base,1107,f3_out_0,937,0,0
F3,base,1108,f3_out_0,938,0,0
F3,base,1109,f3_out_0,938,0,0
F3,base,1110,f3_out_0,939,0,0
F3,base,1111,f3_out_0,939,0,0
F3,base,1112,f3_out_0,940,0,0
F3,base,1113,f3_out_0,940,0,0
F3,base,1114,f3_out_0,941,0,0
F3,base,1115,f3_out_0,942,0,0
F3,base,1116,f3_out_0,942,0,0
F3,base,1117,f3_out_0,943,0,0
F3,base,1118,f3_out_0,943,0,0
F3,base,1119,f3_out_0,944,0,0
F3,base,1120,f3_out_0,944,0,0
F3,base,1121,f3_out_0,945,0,0
F3,base,1122,f3_out_0,945,0,0
F3,base,1123,f3_out_0,946,0,0
F3,base,1124,f3_out_0,947,0,0
F3,base,1125,f3_out_0,947,0,0
F3,base,1126,f3_out_0,948,0,0
F3,base,1127,f3_out_0,948,0,0
F3,base,1128,f3_out_0,949,0,0
F3,base,1129,f3_out_0,949,0,0
F3,base,1130,f3_out_0,950,0,0
F3,base,1131,f3_out_0,950,0,0
F3,base,1132,f3_out_0,951,0,0
F3,base,1133,f3_out_0,952,0,0
F3,base,1134,f3_out_0,952,0,0
F3,base,1135,f3_out_0,953,0,0
F3,base,1136,f3_out_0,953,0,0
F3,base,1137,f3_out_0,954,0,0
F3,base,1138,f3_out_0,954,0,0
F3,base,1139,f3_out_0,955,0,0
F3,base,1140,f3_out_0,955,0,0
F3,base,1141,f3_out_0,956,0,0
F3,base,1142,f3_out_0,957,0,0
F3,base,1143,f3_out_0,957,0,0
F3,base,1144,f3_out_0,958,0,0
F3,base,1145,f3_out_0,958,0,0
F3,base,1146,f3_out_0,959,0,0
F3,base,1147,f3_out_0,959,0,0
F3,base,1148,f3_out_0,960,0,0
F3,base,1149,f3_out_0,960,0,0
F3,base,1150,f3_out_0,961,0,0
F3,base,1151,f3_out_0,962,0,0
F3,base,1152,f3_out_0,962,0,0
F3,base,1153,f3_out_0,963,0,0
F3,base,1154,f3_out_0,963,0,0
F3,base,1155,f3_out_0,964,0,0
F3,base,1156,f3_out_0,964,0,0
F3,base,1157,f3_out_0,965,0,0
F3,base,1158,f3_out_0,965,0,0
F3,base,1159,f3_out_0,966,0,0
F3,base,1160,f3_out_0,967,0,0
F3,base,1161,f3_out_0,967,0,0
F3,base,1162,f3_out_0,968,0,0
F3,base,1163,f3_out_0,968,0,0
F3,base,1164,f3_out_0,969,0,0
F3,base,1165,f3_out_0,969,0,0
F3,base,1166,f3_out_0,970,0,0
F3,base,1167,f3_out_0,970,0,0
F3,base,1168,f3_out_0,971,0,0
F3,base,1169,f3_out_0,972,0,0
F3,base,1170,f3_out_0,972,0,0
F3,base,1171,f3_out_0,973,0,0
F3,base,1172,f3_out_0,973,0,0
F3,base,1173,f3_out_0,974,0,0
F3,base,1174,f3_out_0,974,0,0
F3,base,1175,f3_out_0,975,0,0
F3,base,1176,f3_out_0,975,0,0
F3,base,1177,f3_out_0,976,0,0
F3,base,1178,f3_out_0,977,0,0
F3,base,1179,f3_out_0,977,0,0
F3,base,1180,f3_out_0,978,0,0
F3,base,1181,f3_out_0,978,0,0
F3,base,1182,f3_out_0,979,0,0
F3,base,1183,f3_out_0,979,0,0
F3,base,1184,f3_out_0,980,0,0
F3,base,1185,f3_out_0,980,0,0
F3,base,1186,f3_out_0,981,0,0
F3,base,1187,f3_out_0,982,0,0
F3,base,1188,f3_out_0,982,0,0
F3,base,1189,f3_out_0,983,0,0
F3,base,1190,f3_out_0,983,0,0
F3,base,1191,f3_out_0,984,0,0
F3,base,1192,f3_out_0,984,0,0
F3,base,1193,f3_out_0,985,0,0
F3,base,1194,f3_out_0,985,0,0
F3,base,1195,f3_out_0,986,0,0
F3,base,1196,f3_out_0,987,0,0
F3,base,1197,f3_out_0,987,0,0
F3,base,1198,f3_out_0,988,0,0
F3,base,1199,f3_out_0,988,0,0
F3,base,1200,f3_out_0,989,0,0
F3,base,1201,f3_out_0,989,0,0
F3,base,1202,f3_out_0,990,0,0
F3,base,1203,f3_out_0,990,0,0
F3,base,1204,f3_out_0,991,0,0
F3,base,1205,f3_out_0,992,0,0
F3,base,1206,f3_out_0,992,0,0
F3,base,1207,f3_out_0,993,0,0
F3,base,1208,f3_out_0,993,0,0
F3,base,1209,f3_out_0,994,0,0
F3,base,1210,f3_out_0,994,0,0
F3,base,1211,f3_out_0,995,0,0
F3,base,1212,f3_out_0,995,0,0
F3,base,1213,f3_out_0,996,0,0
F3,base,1214,f3_out_0,997,0,0
F3,base,1215,f3_out_0,997,0,0
F3,base,1216,f3_out_0,998,0,0
F3,base,1217,f3_out_0,998,0,0
F3,base,1218,f3_out_0,999,0,0
F3,base,1219,f3_out_0,999,0,0
F3,base,1220,f3_out_0,1000,0,0
F3,base,1221,f3_out_0,1000,0,0
F3,base,1222,f3_out_0,1001,0,0
F3,base,1223,f3_out_0,1002,0,0
F3,base,1224,f3_out_0,1002,0,0
F3,base,1225,f3_out_0,1003,0,0
F3,base,1226,f3_out_0,1003,0,0
F3,base,1227,f3_out_0,1004,0,0
F3,base,1228,f3_out_0,1004,0,0
F3,base,1229,f3_out_0,1005,0,0
F3,base,1230,f3_out_0,1005,0,0
F3,base,1231,f3_out_0,1006,0,0
F3,base,1232,f3_out_0,1007,0,0
F3,base,1233,f3_out_0,1007,0,0
F3,base,1234,f3_out_0,1008,0,0
F3,base,1235,f3_out_0,1008,0,0
F3,base,1236,f3_out_0,1009,0,0
F3,base,1237,f3_out_0,1009,0,0
F3,base,1238,f3_out_0,1010,0,0
F3,base,1239,f3_out_0,1010,0,0
F3,base,1240,f3_out_0,1011,0,0
F3,base,1241,f3_out_0,1012,0,0
F3,base,1242,f3_out_0,1012,0,0
F3,base,1243,f3_out_0,1013,0,0
F3,base,1244,f3_out_0,1013,0,0
F3,base,1245,f3_out_0,1014,0,0
F3,base,1246,f3_out_0,1014,0,0
F3,base,1247,f3_out_0,1015,0,0
F3,base,1248,f3_out_0,1015,0,0
F3,base,1249,f3_out_0,1016,0,0
F3,base,1250,f3_out_0,1017,0,0
F3,base,1251,f3_out_0,1017,0,0
F3,base,1252,f3_out_0,1018,0,0
F3,base,1253,f3_out_0,1018,0,0
F3,base,1254,f3_out_0,1019,0,0
F3,base,1255,f3_out_0,1019,0,0
F3,base,1256,f3_out_0,1020,0,0
F3,base,1257,f3_out_0,1020,0,0
F3,base,1258,f3_out_0,1021,0,0
F3,base,1259,f3_out_0,1022,0,0
F3,base,1260,f3_out_0,1022,0,0
F3,base,1261,f3_out_0,1023,0,0
F3,base,1262,f3_out_0,1023,0,0
F3,base,1263,f3_out_0,1024,0,0
F3,base,1264,f3_out_0,1024,0,0
F3,base,1265,f3_out_0,1025,0,0
F3,base,1266,f3_out_0,1025,0,0
F3,base,1267,f3_out_0,1026,0,0
F3,base,1268,f3_out_0,1027,0,0
F3,base,1269,f3_out_0,1027,0,0
F3,base,1270,f3_out_0,1028,0,0
F3,base,1271,f3_out_0,1028,0,0
F3,base,1272,f3_out_0,1029,0,0
F3,base,1273,f3_out_0,1029,0,0
F3,base,1274,f3_out_0,1030,0,0
F3,base,1275,f3_out_0,1030,0,0
F3,base,1276,f3_out_0,1031,0,0
F3,base,1277,f3_out_0,1032,0,0
F3,base,1278,f3_out_0,1032,0,0
F3,base,1279,f3_out_0,1033,0,0
F3,base,1280,f3_out_0,1033,0,0
F3,base,1281,f3_out_0,1034,0,0
F3,base,1282,f3_out_0,1034,0,0
F3,base,1283,f3_out_0,1035,0,0
F3,base,1284,f3_out_0,1035,0,0
F3,base,1285,f3_out_0,1036,0,0
F3,base,1286,f3_out_0,1037,0,0
F3,base,1287,f3_out_0,1037,0,0
F3,base,1288,f3_out_0,1038,0,0
F3,base,1289,f3_out_0,1038,0,0
F3,base,1290,f3_out_0,1039,0,0
F3,base,1291,f3_out_0,1039,0,0
F3,base,1292,f3_out_0,1040,0,0
F3,base,1293,f3_out_0,1040,0,0
F3,base,1294,f3_out_0,1041,0,0
F3,base,1295,f3_out_0,1042,0,0
F3,base,1296,f3_out_0,1042,0,0
F3,base,1297,f3_out_0,1043,0,0
F3,base,1298,f3_out_0,1043,0,0
F3,base,1299,f3_out_0,1044,0,0
F3,base,1300,f3_out_0,1044,0,0
F3,base,1301,f3_out_0,1045,0,0
F3,base,1302,f3_out_0,1045,0,0
F3,base,1303,f3_out_0,1046,0,0
F3,base,1304,f3_out_0,1047,0,0
F3,base,1305,f3_out_0,1047,0,0
F3,base,1306,f3_out_0,1048,0,0
F3,base,1307,f3_out_0,1048,0,0
F3,base,1308,f3_out_0,1049,0,0
F3,base,1309,f3_out_0,1049,0,0
F3,base,1310,f3_out_0,1050,0,0
F3,base,1311,f3_out_0,1050,0,0
F3,base,1312,f3_out_0,1051,0,0
F3,base,1313,f3_out_0,1052,0,0
F3,base,1314,f3_out_0,1052,0,0
F3,base,1315,f3_out_0,1053,0,0
F3,base,1316,f3_out_0,1053,0,0
F3,base,1317,f3_out_0,1054,0,0
F3,base,1318,f3_out_0,1054,0,0
F3,base,1319,f3_out_0,1055,0,0
F3,base,1320,f3_out_0,1055,0,0
F3,base,1321,f3_out_0,1056,0,0
F3,base,1322,f3_out_0,1057,0,0
F3,base,1323,f3_out_0,1057,0,0
F3,base,1324,f3_out_0,1058,0,0
F3,base,1325,f3_out_0,1058,0,0
F3,base,1326,f3_out_0,1059,0,0
F3,base,1327,f3_out_0,1059,0,0
F3,base,1328,f3_out_0,1060,0,0
F3,base,1329,f3_out_0,1060,0,0
F3,base,1330,f3_out_0,1061,0,0
F3,base,1331,f3_out_0,1062,0,0
F3,base,1332,f3_out_0,1062,0,0
F3,base,1333,f3_out_0,1063,0,0
F3,base,1334,f3_out_0,1063,0,0
F3,base,1335,f3_out_0,1064,0,0
F3,base,1336,f3_out_0,1064,0,0
F3,base,1337,f3_out_0,1065,0,0
F3,base,1338,f3_out_0,1065,0,0
F3,base,1339,f3_out_0,1066,0,0
F3,base,1340,f3_out_0,1067,0,0
F3,base,1341,f3_out_0,1067,0,0
F3,base,1342,f3_out_0,1068,0,0
F3,base,1343,f3_out_0,1068,0,0
F3,base,1344,f3_out_0,1069,0,0
F3,base,1345,f3_out_0,1069,0,0
F3,base,1346,f3_out_0,1070,0,0
F3,base,1347,f3_out_0,1070,0,0
F3,base,1348,f3_out_0,1071,0,0
F3,base,1349,f3_out_0,1072,0,0
F3,base,1350,f3_out_0,1072,0,0
F3,base,1351,f3_out_0,1073,0,0
F3,base,1352,f3_out_0,1073,0,0
F3,base,1353,f3_out_0,1074,0,0
F3,base,1354,f3_out_0,1074,0,0
F3,base,1355,f3_out_0,1075,0,0
F3,base,1356,f3_out_0,1075,0,0
F3,base,1357,f3_out_0,1076,0,0
F3,base,1358,f3_out_0,1077,0,0
F3,base,1359,f3_out_0,1077,0,0
F3,base,1360,f3_out_0,1078,0,0
F3,base,1361,f3_out_0,1078,0,0
F3,base,1362,f3_out_0,1079,0,0
F3,base,1363,f3_out_0,1079,0,0
F3,base,1364,f3_out_0,1080,0,0
F3,base,1365,f3_out_0,1080,0,0
F3,base,1366,f3_out_0,1081,0,0
F3,base,1367,f3_out_0,1082,0,0
F3,base,1368,f3_out_0,1082,0,0
F3,base,1369,f3_out_0,1083,0,0
F3,base,1370,f3_out_0,1083,0,0
F3,base,1371,f3_out_0,1084,0,0
F3,base,1372,f3_out_0,1084,0,0
F3,base,1373,f3_out_0,1085,0,0
F3,base,1374,f3_out_0,1085,0,0
F3,base,1375,f3_out_0,1086,0,0
F3,base,1376,f3_out_0,1087,0,0
F3,base,1377,f3_out_0,1087,0,0
F3,base,1378,f3_out_0,1088,0,0
F3,base,1379,f3_out_0,1088,0,0
F3,base,1380,f3_out_0,1089,0,0
F3,base,1381,f3_out_0,1089,0,0
F3,base,1382,f3_out_0,1090,0,0
F3,base,1383,f3_out_0,1090,0,0
F3,base,1384,f3_out_0,1091,0,0
F3,base,1385,f3_out_0,1092,0,0
F3,base,1386,f3_out_0,1092,0,0
F3,base,1387,f3_out_0,1093,0,0
F3,base,1388,f3_out_0,1093,0,0
F3,base,1389,f3_out_0,1094,0,0
F3,base,1390,f3_out_0,1094,0,0
F3,base,1391,f3_out_0,1095,0,0
F3,base,1392,f3_out_0,1095,0,0
F3,base,1393,f3_out_0,1096,0,0
F3,base,1394,f3_out_0,1097,0,0
F3,base,1395,f3_out_0,1097,0,0
F3,base,1396,f3_out_0,1098,0,0
F3,base,1397,f3_out_0,1098,0,0
F3,base,1398,f3_out_0,1099,0,0
F3,base,1399,f3_out_0,1099,0,0
F3,base,1400,f3_out_0,1100,0,0
F3,base,1401,f3_out_0,1100,0,0
F3,base,1402,f3_out_0,1101,0,0
F3,base,1403,f3_out_0,1102,0,0
F3,base,1404,f3_out_0,1102,0,0
F3,base,1405,f3_out_0,1103,0,0
F3,base,1406,f3_out_0,1103,0,0
F3,base,1407,f3_out_0,1104,0,0
F3,base,1408,f3_out_0,1104,0,0
F3,base,1409,f3_out_0,1105,0,0
F3,base,1410,f3_out_0,1105,0,0
F3,base,1411,f3_out_0,1106,0,0
F3,base,1412,f3_out_0,1107,0,0
F3,base,1413,f3_out_0,1107,0,0
F3,base,1414,f3_out_0,1108,0,0
F3,base,1415,f3_out_0,1108,0,0
F3,base,1416,f3_out_0,1109,0,0
F3,base,1417,f3_out_0,1109,0,0
F3,base,1418,f3_out_0,1110,0,0
F3,base,1419,f3_out_0,1110,0,0
F3,base,1420,f3_out_0,1111,0,0
F3,base,1421,f3_out_0,1112,0,0
F3,base,1422,f3_out_0,1112,0,0
F3,base,1423,f3_out_0,1113,0,0
F3,base,1424,f3_out_0,1113,0,0
F3,base,1425,f3_out_0,1114,0,0
F3,base,1426,f3_out_0,1114,0,0
F3,base,1427,f3_out_0,1115,0,0
F3,base,1428,f3_out_0,1115,0,0
F3,base,1429,f3_out_0,1116,0,0
F3,base,1430,f3_out_0,1117,0,0
F3,base,1431,f3_out_0,1117,0,0
F3,base,1432,f3_out_0,1118,0,0
F3,base,1433,f3_out_0,1118,0,0
F3,base,1434,f3_out_0,1119,0,0
F3,base,1435,f3_out_0,1119,0,0
F3,base,1436,f3_out_0,1120,0,0
F3,base,1437,f3_out_0,1120,0,0
F3,base,1438,f3_out_0,1121,0,0
F3,base,1439,f3_out_0,1122,0,0
F3,base,1440,f3_out_0,1122,0,0
F3,base,1441,f3_out_0,1123,0,0
F3,base,1442,f3_out_0,1123,0,0
F3,base,1443,f3_out_0,1124,0,0
F3,base,1444,f3_out_0,1124,0,0
F3,base,1445,f3_out_0,1125,0,0
F3,base,1446,f3_out_0,1125,0,0
F3,base,1447,f3_out_0,1126,0,0
F3,base,1448,f3_out_0,1127,0,0
F3,base,1449,f3_out_0,1127,0,0
F3,base,1450,f3_out_0,1128,0,0
F3,base,1451,f3_out_0,1128,0,0
F3,base,1452,f3_out_0,1129,0,0
F3,base,1453,f3_out_0,1129,0,0
F3,base,1454,f3_out_0,1130,0,0
F3,base,1455,f3_out_0,1130,0,0
F3,base,1456,f3_out_0,1131,0,0
F3,base,1457,f3_out_0,1132,0,0
F3,base,1458,f3_out_0,1132,0,0
F3,base,1459,f3_out_0,1133,0,0
F3,base,1460,f3_out_0,1133,0,0
F3,base,1461,f3_out_0,1134,0,0
F3,base,1462,f3_out_0,1134,0,0
F3,base,1463,f3_out_0,1135,0,0
F3,base,1464,f3_out_0,1135,0,0
F3,base,1465,f3_out_0,1136,0,0
F3,base,1466,f3_out_0,1137,0,0
F3,base,1467,f3_out_0,1137,0,0
F3,base,1468,f3_out_0,1138,0,0
F3,base,1469,f3_out_0,1138,0,0
F3,base,1470,f3_out_0,1139,0,0
F3,base,1471,f3_out_0,1139,0,0
F3,base,1472,f3_out_0,1140,0,0
F3,base,1473,f3_out_0,1140,0,0
F3,base,1474,f3_out_0,1141,0,0
F3,base,1475,f3_out_0,1142,0,0
F3,base,1476,f3_out_0,1142,0,0
F3,base,1477,f3_out_0,1143,0,0
F3,base,1478,f3_out_0,1143,0,0
F3,base,1479,f3_out_0,1144,0,0
F3,base,1480,f3_out_0,1144,0,0
F3,base,1481,f3_out_0,1145,0,0
F3,base,1482,f3_out_0,1145,0,0
F3,base,1483,f3_out_0,1146,0,0
F3,base,1484,f3_out_0,1147,0,0
F3,base,1485,f3_out_0,1147,0,0
F3,base,1486,f3_out_0,1148,0,0
F3,base,1487,f3_out_0,1148,0,0
F3,base,1488,f3_out_0,1149,0,0
F3,base,1489,f3_out_0,1149,0,0
F3,base,1490,f3_out_0,1150,0,0
F3,base,1491,f3_out_0,1150,0,0
F3,base,1492,f3_out_0,1151,0,0
F3,base,1493,f3_out_0,1152,0,0
F3,base,1494,f3_out_0,1152,0,0
F3,base,1495,f3_out_0,1153,0,0
F3,base,1496,f3_out_0,1153,0,0
F3,base,1497,f3_out_0,1154,0,0
F3,base,1498,f3_out_0,1154,0,0
F3,base,1499,f3_out_0,1155,0,0
F3,base,1500,f3_out_0,1155,0,0
F3,base,1501,f3_out_0,1156,0,0
F3,base,1502,f3_out_0,1157,0,0
F3,base,1503,f3_out_0,1157,0,0
F3,base,1504,f3_out_0,1158,0,0
F3,base,1505,f3_out_0,1158,0,0
F3,base,1506,f3_out_0,1159,0,0
F3,base,1507,f3_out_0,1159,0,0
F3,base,1508,f3_out_0,1160,0,0
F3,base,1509,f3_out_0,1160,0,0
F3,base,1510,f3_out_0,1161,0,0
F3,base,1511,f3_out_0,1162,0,0
F3,base,1512,f3_out_0,1162,0,0
F3,base,1513,f3_out_0,1163,0,0
F3,base,1514,f3_out_0,1163,0,0
F3,base,1515,f3_out_0,1164,0,0
F3,base,1516,f3_out_0,1164,0,0
F3,base,1517,f3_out_0,1165,0,0
F3,base,1518,f3_out_0,1165,0,0
F3,base,1519,f3_out_0,1166,0,0
F3,base,1520,f3_out_0,1167,0,0
F3,base,1521,f3_out_0,1167,0,0
F3,base,1522,f3_out_0,1168,0,0
F3,base,1523,f3_out_0,1168,0,0
F3,base,1524,f3_out_0,1169,0,0
F3,base,1525,f3_out_0,1169,0,0
F3,base,1526,f3_out_0,1170,0,0
F3,base,1527,f3_out_0,1170,0,0
F3,base,1528,f3_out_0,1171,0,0
F3,base,1529,f3_out_0,1172,0,0
F3,base,1530,f3_out_0,1172,0,0
F3,base,1531,f3_out_0,1173,0,0
F3,base,1532,f3_out_0,1173,0,0
F3,base,1533,f3_out_0,1174,0,0
F3,base,1534,f3_out_0,1174,0,0
F3,base,1535,f3_out_0,1175,0,0
F3,base,1536,f3_out_0,1175,0,0
F3,base,1537,f3_out_0,1176,0,0
F3,base,1538,f3_out_0,1177,0,0
F3,base,1539,f3_out_0,1177,0,0
F3,base,1540,f3_out_0,1178,0,0
F3,base,1541,f3_out_0,1178,0,0
F3,base,1542,f3_out_0,1179,0,0
F3,base,1543,f3_out_0,1179,0,0
F3,base,1544,f3_out_0,1180,0,0
F3,base,1545,f3_out_0,1180,0,0
F3,base,1546,f3_out_0,1181,0,0
F3,base,1547,f3_out_0,1182,0,0
F3,base,1548,f3_out_0,1182,0,0
F3,base,1549,f3_out_0,1183,0,0
F3,base,1550,f3_out_0,1183,0,0
F3,base,1551,f3_out_0,1184,0,0
F3,base,1552,f3_out_0,1184,0,0
F3,base,1553,f3_out_0,1185,0,0
F3,base,1554,f3_out_0,1185,0,0
F3,base,1555,f3_out_0,1186,0,0
F3,base,1556,f3_out_0,1187,0,0
F3,base,1557,f3_out_0,1187,0,0
F3,base,1558,f3_out_0,1188,0,0
F3,base,1559,f3_out_0,1188,0,0
F3,base,1560,f3_out_0,1189,0,0
F3,base,1561,f3_out_0,1189,0,0
F3,base,1562,f3_out_0,1190,0,0
F3,base,1563,f3_out_0,1190,0,0
F3,base,1564,f3_out_0,1191,0,0
F3,base,1565,f3_out_0,1192,0,0
F3,base,1566,f3_out_0,1192,0,0
F3,base,1567,f3_out_0,1193,0,0
F3,base,1568,f3_out_0,1193,0,0
F3,base,1569,f3_out_0,1194,0,0
F3,base,1570,f3_out_0,1194,0,0
F3,base,1571,f3_out_0,1195,0,0
F3,base,1572,f3_out_0,1195,0,0
F3,base,1573,f3_out_0,1196,0,0
F3,base,1574,f3_out_0,1197,0,0
F3,base,1575,f3_out_0,1197,0,0
F3,base,1576,f3_out_0,1198,0,0
F3,base,1577,f3_out_0,1198,0,0
F3,base,1578,f3_out_0,1199,0,0
F3,base,1579,f3_out_0,1199,0,0
F3,base,1580,f3_out_0,1200,0,0
F3,base,1581,f3_out_0,1200,0,0
F3,base,1582,f3_out_0,1201,0,0
F3,base,1583,f3_out_0,1202,0,0
F3,base,1584,f3_out_0,1202,0,0
F3,base,1585,f3_out_0,1203,0,0
F3,base,1586,f3_out_0,1203,0,0
F3,base,1587,f3_out_0,1204,0,0
F3,base,1588,f3_out_0,1204,0,0
F3,base,1589,f3_out_0,1205,0,0
F3,base,1590,f3_out_0,1205,0,0
F3,base,1591,f3_out_0,1206,0,0
F3,base,1592,f3_out_0,1207,0,0
F3,base,1593,f3_out_0,1207,0,0
F3,base,1594,f3_out_0,1208,0,0
F3,base,1595,f3_out_0,1208,0,0
F3,base,1596,f3_out_0,1209,0,0
F3,base,1597,f3_out_0,1209,0,0
F3,base,1598,f3_out_0,1210,0,0
F3,base,1599,f3_out_0,1210,0,0
F3,base,1600,f3_out_0,1211,0,0
F3,base,1601,f3_out_0,1212,0,0
F3,base,1602,f3_out_0,1212,0,0
F3,base,1603,f3_out_0,1213,0,0
F3,base,1604,f3_out_0,1213,0,0
F3,base,1605,f3_out_0,1214,0,0
F3,base,1606,f3_out_0,1214,0,0
F3,base,1607,f3_out_0,1215,0,0
F3,base,1608,f3_out_0,1215,0,0
F3,base,1609,f3_out_0,1216,0,0
F3,base,1610,f3_out_0,1217,0,0
F3,base,1611,f3_out_0,1217,0,0
F3,base,1612,f3_out_0,1218,0,0
F3,base,1613,f3_out_0,1218,0,0
F3,base,1614,f3_out_0,1219,0,0
F3,base,1615,f3_out_0,1219,0,0
F3,base,1616,f3_out_0,1220,0,0
F3,base,1617,f3_out_0,1220,0,0
F3,base,1618,f3_out_0,1221,0,0
F3,base,1619,f3_out_0,1222,0,0
F3,base,1620,f3_out_0,1222,0,0
F3,base,1621,f3_out_0,1223,0,0
F3,base,1622,f3_out_0,1223,0,0
F3,base,1623,f3_out_0,1224,0,0
F3,base,1624,f3_out_0,1224,0,0
F3,base,1625,f3_out_0,1225,0,0
F3,base,1626,f3_out_0,1225,0,0
F3,base,1627,f3_out_0,1226,0,0
F3,base,1628,f3_out_0,1227,0,0
F3,base,1629,f3_out_0,1227,0,0
F3,base,1630,f3_out_0,1228,0,0
F3,base,1631,f3_out_0,1228,0,0
F3,base,1632,f3_out_0,1229,0,0
F3,base,1633,f3_out_0,1229,0,0
F3,base,1634,f3_out_0,1230,0,0
F3,base,1635,f3_out_0,1230,0,0
F3,base,1636,f3_out_0,1231,0,0
F3,base,1637,f3_out_0,1232,0,0
F3,base,1638,f3_out_0,1232,0,0
F3,base,1639,f3_out_0,1233,0,0
F3,base,1640,f3_out_0,1233,0,0
F3,base,1641,f3_out_0,1234,0,0
F3,base,1642,f3_out_0,1234,0,0
F3,base,1643,f3_out_0,1235,0,0
F3,base,1644,f3_out_0,1235,0,0
F3,base,1645,f3_out_0,1236,0,0
F3,base,1646,f3_out_0,1237,0,0
F3,base,1647,f3_out_0,1237,0,0
F3,base,1648,f3_out_0,1238,0,0
F3,base,1649,f3_out_0,1238,0,0
F3,base,1650,f3_out_0,1239,0,0
F3,base,1651,f3_out_0,1239,0,0
F3,base,1652,f3_out_0,1240,0,0
F3,base,1653,f3_out_0,1240,0,0
F3,base,1654,f3_out_0,1241,0,0
F3,base,1655,f3_out_0,1242,0,0
F3,base,1656,f3_out_0,1242,0,0
F3,base,1657,f3_out_0,1243,0,0
F3,base,1658,f3_out_0,1243,0,0
F3,base,1659,f3_out_0,1244,0,0
F3,base,1660,f3_out_0,1244,0,0
F3,base,1661,f3_out_0,1245,0,0
F3,base,1662,f3_out_0,1245,0,0
F3,base,1663,f3_out_0,1246,0,0
F3,base,1664,f3_out_0,1247,0,0
F3,base,1665,f3_out_0,1247,0,0
F3,base,1666,f3_out_0,1248,0,0
F3,base,1667,f3_out_0,1248,0,0
F3,base,1668,f3_out_0,1249,0,0
F3,base,1669,f3_out_0,1249,0,0
F3,base,1670,f3_out_0,1250,0,0
F3,base,1671,f3_out_0,1250,0,0
F3,base,1672,f3_out_0,1251,0,0
F3,base,1673,f3_out_0,1252,0,0
F3,base,1674,f3_out_0,1252,0,0
F3,base,1675,f3_out_0,1253,0,0
F3,base,1676,f3_out_0,1253,0,0
F3,base,1677,f3_out_0,1254,0,0
F3,base,1678,f3_out_0,1254,0,0
F3,base,1679,f3_out_0,1255,0,0
F3,base,1680,f3_out_0,1255,0,0
F3,base,1681,f3_out_0,1256,0,0
F3,base,1682,f3_out_0,1257,0,0
F3,base,1683,f3_out_0,1257,0,0
F3,base,1684,f3_out_0,1258,0,0
F3,base,1685,f3_out_0,1258,0,0
F3,base,1686,f3_out_0,1259,0,0
F3,base,1687,f3_out_0,1259,0,0
F3,base,1688,f3_out_0,1260,0,0
F3,base,1689,f3_out_0,1260,0,0
F3,base,1690,f3_out_0,1261,0,0
F3,base,1691,f3_out_0,1262,0,0
F3,base,1692,f3_out_0,1262,0,0
F3,base,1693,f3_out_0,1263,0,0
F3,base,1694,f3_out_0,1263,0,0
F3,base,1695,f3_out_0,1264,0,0
F3,base,1696,f3_out_0,1264,0,0
F3,base,1697,f3_out_0,1265,0,0
F3,base,1698,f3_out_0,1265,0,0
F3,base,1699,f3_out_0,1266,0,0
F3,base,1700,f3_out_0,1267,0,0
F3,base,1701,f3_out_0,1267,0,0
F3,base,1702,f3_out_0,1268,0,0
F3,base,1703,f3_out_0,1268,0,0
F3,base,1704,f3_out_0,1269,0,0
F3,base,1705,f3_out_0,1269,0,0
F3,base,1706,f3_out_0,1270,0,0
F3,base,1707,f3_out_0,1270,0,0
F3,base,1708,f3_out_0,1271,0,0
F3,base,1709,f3_out_0,1272,0,0
F3,base,1710,f3_out_0,1272,0,0
F3,base,1711,f3_out_0,1273,0,0
F3,base,1712,f3_out_0,1273,0,0
F3,base,1713,f3_out_0,1274,0,0
F3,base,1714,f3_out_0,1274,0,0
F3,base,1715,f3_out_0,1275,0,0
F3,base,1716,f3_out_0,1275,0,0
F3,base,1717,f3_out_0,1276,0,0
F3,base,1718,f3_out_0,1277,0,0
F3,base,1719,f3_out_0,1277,0,0
F3,base,1720,f3_out_0,1278,0,0
F3,base,1721,f3_out_0,1278,0,0
F3,base,1722,f3_out_0,1279,0,0
F3,base,1723,f3_out_0,1279,0,0
F3,base,1724,f3_out_0,1280,0,0
F3,base,1725,f3_out_0,1280,0,0
F3,base,1726,f3_out_0,1281,0,0
F3,base,1727,f3_out_0,1282,0,0
F3,base,1728,f3_out_0,1282,0,0
F3,base,1729,f3_out_0,1283,0,0
F3,base,1730,f3_out_0,1283,0,0
F3,base,1731,f3_out_0,1284,0,0
F3,base,1732,f3_out_0,1284,0,0
F3,base,1733,f3_out_0,1285,0,0
F3,base,1734,f3_out_0,1285,0,0
F3,base,1735,f3_out_0,1286,0,0
F3,base,1736,f3_out_0,1287,0,0
F3,base,1737,f3_out_0,1287,0,0
F3,base,1738,f3_out_0,1288,0,0
F3,base,1739,f3_out_0,1288,0,0
F3,base,1740,f3_out_0,1289,0,0
F3,base,1741,f3_out_0,1289,0,0
F3,base,1742,f3_out_0,1290,0,0
F3,base,1743,f3_out_0,1290,0,0
F3,base,1744,f3_out_0,1291,0,0
F3,base,1745,f3_out_0,1292,0,0
F3,base,1746,f3_out_0,1292,0,0
F3,base,1747,f3_out_0,1293,0,0
F3,base,1748,f3_out_0,1293,0,0
F3,base,1749,f3_out_0,1294,0,0
F3,base,1750,f3_out_0,1294,0,0
F3,base,1751,f3_out_0,1295,0,0
F3,base,1752,f3_out_0,1295,0,0
F3,base,1753,f3_out_0,1296,0,0
F3,base,1754,f3_out_0,1297,0,0
F3,base,1755,f3_out_0,1297,0,0
F3,base,1756,f3_out_0,1298,0,0
F3,base,1757,f3_out_0,1298,0,0
F3,base,1758,f3_out_0,1299,0,0
F3,base,1759,f3_out_0,1299,0,0
F3,base,1760,f3_out_0,1300,0,0
F3,base,1761,f3_out_0,1300,0,0
F3,base,1762,f3_out_0,1301,0,0
F3,base,1763,f3_out_0,1302,0,0
F3,base,1764,f3_out_0,1302,0,0
F3,base,1765,f3_out_0,1303,0,0
F3,base,1766,f3_out_0,1303,0,0
F3,base,1767,f3_out_0,1304,0,0
F3,base,1768,f3_out_0,1304,0,0
F3,base,1769,f3_out_0,1305,0,0
F3,base,1770,f3_out_0,1305,0,0
F3,base,1771,f3_out_0,1306,0,0
F3,base,1772,f3_out_0,1307,0,0
F3,base,1773,f3_out_0,1307,0,0
F3,base,1774,f3_out_0,1308,0,0
F3,base,1775,f3_out_0,1308,0,0
F3,base,1776,f3_out_0,1309,0,0
F3,base,1777,f3_out_0,1309,0,0
F3,base,1778,f3_out_0,1310,0,0
F3,base,1779,f3_out_0,1310,0,0
F3,base,1780,f3_out_0,1311,0,0
F3,base,1781,f3_out_0,1312,0,0
F3,base,1782,f3_out_0,1312,0,0
F3,base,1783,f3_out_0,1313,0,0
F3,base,1784,f3_out_0,1313,0,0
F3,base,1785,f3_out_0,1314,0,0
F3,base,1786,f3_out_0,1314,0,0
F3,base,1787,f3_out_0,1315,0,0
F3,base,1788,f3_out_0,1315,0,0
F3,base,1789,f3_out_0,1316,0,0
F3,base,1790,f3_out_0,1317,0,0
F3,base,1791,f3_out_0,1317,0,0
F3,base,1792,f3_out_0,1318,0,0
F3,base,1793,f3_out_0,1318,0,0
F3,base,1794,f3_out_0,1319,0,0
F3,base,1795,f3_out_0,1319,0,0
F3,base,1796,f3_out_0,1320,0,0
F3,base,1797,f3_out_0,1320,0,0
F3,base,1798,f3_out_0,1321,0,0
F3,base,1799,f3_out_0,1322,0,0
F3,base,1800,f3_out_0,1322,0,0
F3,base,1801,f3_out_0,1323,0,0
F3,base,1802,f3_out_0,1323,0,0
F3,base,1803,f3_out_0,1324,0,0
F3,base,1804,f3_out_0,1324,0,0
F3,base,1805,f3_out_0,1325,0,0
F3,base,1806,f3_out_0,1325,0,0
F3,base,1807,f3_out_0,1326,0,0
F3,base,1808,f3_out_0,1327,0,0
F3,base,1809,f3_out_0,1327,0,0
F3,base,1810,f3_out_0,1328,0,0
F3,base,1811,f3_out_0,1328,0,0
F3,base,1812,f3_out_0,1329,0,0
F3,base,1813,f3_out_0,1329,0,0
F3,base,1814,f3_out_0,1330,0,0
F3,base,1815,f3_out_0,1330,0,0
F3,base,1816,f3_out_0,1331,0,0
F3,base,1817,f3_out_0,1332,0,0
F3,base,1818,f3_out_0,1332,0,0
F3,base,1819,f3_out_0,1333,0,0
F3,base,1820,f3_out_0,1333,0,0
F3,base,1821,f3_out_0,1334,0,0
F3,base,1822,f3_out_0,1334,0,0
F3,base,1823,f3_out_0,1335,0,0
F3,base,1824,f3_out_0,1335,0,0
F3,base,1825,f3_out_0,1336,0,0
F3,base,1826,f3_out_0,1337,0,0
F3,base,1827,f3_out_0,1337,0,0
F3,base,1828,f3_out_0,1338,0,0
F3,base,1829,f3_out_0,1338,0,0
F3,base,1830,f3_out_0,1339,0,0
F3,base,1831,f3_out_0,1339,0,0
F3,base,1832,f3_out_0,1340,0,0
F3,base,1833,f3_out_0,1340,0,0
F3,base,1834,f3_out_0,1341,0,0
F3,base,1835,f3_out_0,1342,0,0
F3,base,1836,f3_out_0,1342,0,0
F3,base,1837,f3_out_0,1343,0,0
F3,base,1838,f3_out_0,1343,0,0
F3,base,1839,f3_out_0,1344,0,0
F3,base,1840,f3_out_0,1344,0,0
F3,base,1841,f3_out_0,1345,0,0
F3,base,1842,f3_out_0,1345,0,0
F3,base,1843,f3_out_0,1346,0,0
F3,base,1844,f3_out_0,1347,0,0
F3,base,1845,f3_out_0,1347,0,0
F3,base,1846,f3_out_0,1348,0,0
F3,base,1847,f3_out_0,1348,0,0
F3,base,1848,f3_out_0,1349,0,0
F3,base,1849,f3_out_0,1349,0,0
F3,base,1850,f3_out_0,1350,0,0
F3,base,1851,f3_out_0,1350,0,0
F3,base,1852,f3_out_0,1351,0,0
F3,base,1853,f3_out_0,1352,0,0
F3,base,1854,f3_out_0,1352,0,0
F3,base,1855,f3_out_0,1353,0,0
F3,base,1856,f3_out_0,1353,0,0
F3,base,1857,f3_out_0,1354,0,0
F3,base,1858,f3_out_0,1354,0,0
F3,base,1859,f3_out_0,1355,0,0
F3,base,1860,f3_out_0,1355,0,0
F3,base,1861,f3_out_0,1356,0,0
F3,base,1862,f3_out_0,1357,0,0
F3,base,1863,f3_out_0,1357,0,0
F3,base,1864,f3_out_0,1358,0,0
F3,base,1865,f3_out_0,1358,0,0
F3,base,1866,f3_out_0,1359,0,0
F3,base,1867,f3_out_0,1359,0,0
F3,base,1868,f3_out_0,1360,0,0
F3,base,1869,f3_out_0,1360,0,0
F3,base,1870,f3_out_0,1361,0,0
F3,base,1871,f3_out_0,1362,0,0
F3,base,1872,f3_out_0,1362,0,0
F3,base,1873,f3_out_0,1363,0,0
F3,base,1874,f3_out_0,1363,0,0
F3,base,1875,f3_out_0,1364,0,0
F3,base,1876,f3_out_0,1364,0,0
F3,base,1877,f3_out_0,1365,0,0
F3,base,1878,f3_out_0,1365,0,0
F3,base,1879,f3_out_0,1366,0,0
F3,base,1880,f3_out_0,1367,0,0
F3,base,1881,f3_out_0,1367,0,0
F3,base,1882,f3_out_0,1368,0,0
F3,base,1883,f3_out_0,1368,0,0
F3,base,1884,f3_out_0,1369,0,0
F3,base,1885,f3_out_0,1369,0,0
F3,base,1886,f3_out_0,1370,0,0
F3,base,1887,f3_out_0,1370,0,0
F3,base,1888,f3_out_0,1371,0,0
F3,base,1889,f3_out_0,1372,0,0
F3,base,1890,f3_out_0,1372,0,0
F3,base,1891,f3_out_0,1373,0,0
F3,base,1892,f3_out_0,1373,0,0
F3,base,1893,f3_out_0,1374,0,0
F3,base,1894,f3_out_0,1374,0,0
F3,base,1895,f3_out_0,1375,0,0
F3,base,1896,f3_out_0,1375,0,0
F3,base,1897,f3_out_0,1376,0,0
F3,base,1898,f3_out_0,1377,0,0
F3,base,1899,f3_out_0,1377,0,0
F3,base,1900,f3_out_0,1378,0,0
F3,base,1901,f3_out_0,1378,0,0
F3,base,1902,f3_out_0,1379,0,0
F3,base,1903,f3_out_0,1379,0,0
F3,base,1904,f3_out_0,1380,0,0
F3,base,1905,f3_out_0,1380,0,0
F3,base,1906,f3_out_0,1381,0,0
F3,base,1907,f3_out_0,1382,0,0
F3,base,1908,f3_out_0,1382,0,0
F3,base,1909,f3_out_0,1383,0,0
F3,base,1910,f3_out_0,1383,0,0
F3,base,1911,f3_out_0,1384,0,0
F3,base,1912,f3_out_0,1384,0,0
F3,base,1913,f3_out_0,1385,0,0
F3,base,1914,f3_out_0,1385,0,0
F3,base,1915,f3_out_0,1386,0,0
F3,base,1916,f3_out_0,1387,0,0
F3,base,1917,f3_out_0,1387,0,0
F3,base,1918,f3_out_0,1388,0,0
F3,base,1919,f3_out_0,1388,0,0
F3,base,1920,f3_out_0,1389,0,0
F3,base,1921,f3_out_0,1389,0,0
F3,base,1922,f3_out_0,1390,0,0
F3,base,1923,f3_out_0,1390,0,0
F3,base,1924,f3_out_0,1391,0,0
F3,base,1925,f3_out_0,1392,0,0
F3,base,1926,f3_out_0,1392,0,0
F3,base,1927,f3_out_0,1393,0,0
F3,base,1928,f3_out_0,1393,0,0
F3,base,1929,f3_out_0,1394,0,0
F3,base,1930,f3_out_0,1394,0,0
F3,base,1931,f3_out_0,1395,0,0
F3,base,1932,f3_out_0,1395,0,0
F3,base,1933,f3_out_0,1396,0,0
F3,base,1934,f3_out_0,1397,0,0
F3,base,1935,f3_out_0,1397,0,0
F3,base,1936,f3_out_0,1398,0,0
F3,base,1937,f3_out_0,1398,0,0
F3,base,1938,f3_out_0,1399,0,0
F3,base,1939,f3_out_0,1399,0,0
F3,base,1940,f3_out_0,1400,0,0
F3,base,1941,f3_out_0,1400,0,0
F3,base,1942,f3_out_0,1401,0,0
F3,base,1943,f3_out_0,1402,0,0
F3,base,1944,f3_out_0,1402,0,0
F3,base,1945,f3_out_0,1403,0,0
F3,base,1946,f3_out_0,1403,0,0
F3,base,1947,f3_out_0,1404,0,0
F3,base,1948,f3_out_0,1404,0,0
F3,base,1949,f3_out_0,1405,0,0
F3,base,1950,f3_out_0,1405,0,0
F3,base,1951,f3_out_0,1406,0,0
F3,base,1952,f3_out_0,1407,0,0
F3,base,1953,f3_out_0,1407,0,0
F3,base,1954,f3_out_0,1408,0,0
F3,base,1955,f3_out_0,1408,0,0
F3,base,1956,f3_out_0,1409,0,0
F3,base,1957,f3_out_0,1409,0,0
F3,base,1958,f3_out_0,1410,0,0
F3,base,1959,f3_out_0,1410,0,0
F3,base,1960,f3_out_0,1411,0,0
F3,base,1961,f3_out_0,1412,0,0
F3,base,1962,f3_out_0,1412,0,0
F3,base,1963,f3_out_0,1413,0,0
F3,base,1964,f3_out_0,1413,0,0
F3,base,1965,f3_out_0,1414,0,0
F3,base,1966,f3_out_0,1414,0,0
F3,base,1967,f3_out_0,1415,0,0
F3,base,1968,f3_out_0,1415,0,0
F3,base,1969,f3_out_0,1416,0,0
F3,base,1970,f3_out_0,1417,0,0
F3,base,1971,f3_out_0,1417,0,0
F3,base,1972,f3_out_0,1418,0,0
F3,base,1973,f3_out_0,1418,0,0
F3,base,1974,f3_out_0,1419,0,0
F3,base,1975,f3_out_0,1419,0,0
F3,base,1976,f3_out_0,1420,0,0
F3,base,1977,f3_out_0,1420,0,0
F3,base,1978,f3_out_0,1421,0,0
F3,base,1979,f3_out_0,1422,0,0
F3,base,1980,f3_out_0,1422,0,0
F3,base,1981,f3_out_0,1423,0,0
F3,base,1982,f3_out_0,1423,0,0
F3,base,1983,f3_out_0,1424,0,0
F3,base,1984,f3_out_0,1424,0,0
F3,base,1985,f3_out_0,1425,0,0
F3,base,1986,f3_out_0,1425,0,0
F3,base,1987,f3_out_0,1426,0,0
F3,base,1988,f3_out_0,1427,0,0
F3,base,1989,f3_out_0,1427,0,0
F3,base,1990,f3_out_0,1428,0,0
F3,base,1991,f3_out_0,1428,0,0
F3,base,1992,f3_out_0,1429,0,0
F3,base,1993,f3_out_0,1429,0,0
F3,base,1994,f3_out_0,1430,0,0
F3,base,1995,f3_out_0,1430,0,0
F3,base,1996,f3_out_0,1431,0,0
F3,base,1997,f3_out_0,1432,0,0
F3,base,1998,f3_out_0,1432,0,0
F3,base,1999,f3_out_0,1433,0,0
F3,base,2000,f3_out_0,1433,0,0
F3,base,2001,f3_out_0,1434,0,0
F3,base,2002,f3_out_0,1434,0,0
F3,base,2003,f3_out_0,1435,0,0
F3,base,2004,f3_out_0,1435,0,0
F3,base,2005,f3_out_0,1436,0,0
F3,base,2006,f3_out_0,1437,0,0
F3,base,2007,f3_out_0,1437,0,0
F3,base,2008,f3_out_0,1438,0,0
F3,base,2009,f3_out_0,1438,0,0
F3,base,2010,f3_out_0,1439,0,0
F3,base,2011,f3_out_0,1439,0,0
F3,base,2012,f3_out_0,1440,0,0
F3,base,2013,f3_out_0,1440,0,0
F3,base,2014,f3_out_0,1441,0,0
F3,base,2015,f3_out_0,1442,0,0
F3,base,2016,f3_out_0,1442,0,0
F3,base,2017,f3_out_0,1443,0,0
F3,base,2018,f3_out_0,1443,0,0
F3,base,2019,f3_out_0,1444,0,0
F3,base,2020,f3_out_0,1444,0,0
F3,base,2021,f3_out_0,1445,0,0
F3,base,2022,f3_out_0,1445,0,0
F3,base,2023,f3_out_0,1446,0,0
F3,base,2024,f3_out_0,1447,0,0
F3,base,2025,f3_out_0,1447,0,0
F3,base,2026,f3_out_0,1448,0,0
F3,base,2027,f3_out_0,1448,0,0
F3,base,2028,f3_out_0,1449,0,0
F3,base,2029,f3_out_0,1449,0,0
F3,base,2030,f3_out_0,1450,0,0
F3,base,2031,f3_out_0,1450,0,0
F3,base,2032,f3_out_0,1451,0,0
F3,base,2033,f3_out_0,1452,0,0
F3,base,2034,f3_out_0,1452,0,0
F3,base,2035,f3_out_0,1453,0,0
F3,base,2036,f3_out_0,1453,0,0
F3,base,2037,f3_out_0,1454,0,0
F3,base,2038,f3_out_0,1454,0,0
F3,base,2039,f3_out_0,1455,0,0
F3,base,2040,f3_out_0,1455,0,0
F3,base,2041,f3_out_0,1456,0,0
F3,base,2042,f3_out_0,1457,0,0
F3,base,2043,f3_out_0,1457,0,0
F3,base,2044,f3_out_0,1458,0,0
F3,base,2045,f3_out_0,1458,0,0
F3,base,2046,f3_out_0,1459,0,0
F3,base,2047,f3_out_0,1459,0,0
F3,base,2048,f3_out_0,1460,0,0
F3,base,2049,f3_out_0,1460,0,0
F3,base,2050,f3_out_0,1461,0,0
F3,base,2051,f3_out_0,1462,0,0
F3,base,2052,f3_out_0,1462,0,0
F3,base,2053,f3_out_0,1463,0,0
F3,base,2054,f3_out_0,1463,0,0
F3,base,2055,f3_out_0,1464,0,0
F3,base,2056,f3_out_0,1464,0,0
F3,base,2057,f3_out_0,1465,0,0
F3,base,2058,f3_out_0,1465,0,0
F3,base,2059,f3_out_0,1466,0,0
F3,base,2060,f3_out_0,1467,0,0
F3,base,2061,f3_out_0,1467,0,0
F3,base,2062,f3_out_0,1468,0,0
F3,base,2063,f3_out_0,1468,0,0
F3,base,2064,f3_out_0,1469,0,0
F3,base,2065,f3_out_0,1469,0,0
F3,base,2066,f3_out_0,1470,0,0
F3,base,2067,f3_out_0,1470,0,0
F3,base,2068,f3_out_0,1471,0,0
F3,base,2069,f3_out_0,1472,0,0
F3,base,2070,f3_out_0,1472,0,0
