sha256	bytes	path
fe64bd1217376c2fb4a509769c1ac15c2af00f6802092c7ca0bdd916fa074cd0	109	evidence/base_fail/M1_F1.log
8d0aca9babbda0596ac0323fd99a39c9d31b3f5b1fffaf867db001e673801b82	112	evidence/base_fail/M1_F2.log
2937b98cf4be880538eb47b6d1ea0b2da401251ccda77c90ae481786629fe7d4	109	evidence/base_fail/M1_F3.log
39b03f6dc4ab145d5fa5bd8d2090a86e1050a5e34e22ba033729728e3eb193b1	164	evidence/base_fail/M2_F1.log
1e8d3b5753755ce07a799cfa844fca345e13ab3c579d2f6160af08da1dd15e06	164	evidence/base_fail/M2_F2.log
f12a2401b44b73a8bdc7ca19fcc001eb9309a47980e8734f08a3660a02e934b3	162	evidence/base_fail/M2_F3.log
81382502accd818b8e58ed9e1030e48f9fcb8c4e221b04bd257d5116361846ce	61	evidence/base_fail/M3_F1.log
81382502accd818b8e58ed9e1030e48f9fcb8c4e221b04bd257d5116361846ce	61	evidence/base_fail/M3_F2.log
81382502accd818b8e58ed9e1030e48f9fcb8c4e221b04bd257d5116361846ce	61	evidence/base_fail/M3_F3.log
6e58c3a1a5b31b3d51f54ce71e791b90f7215e4d1df6d8fa82f7679db68be065	109	evidence/base_fail/M4_F1.log
6b1fc7dc41cdb8c1f0a37ea4266d483dc2abed1619d596d348af82bea8e1d0ce	112	evidence/base_fail/M4_F2.log
8cc482f6ea841aa51e7d967fc5ba5c9f49c612637f7a60da4b42bc405a5cf44b	109	evidence/base_fail/M4_F3.log
0c5b561799cc52af66bfa8c4e177cc8fc0d30e9bbcdec0626da62b63a269289c	1605	evidence/diffs/M1/F1/flink.diff
62aeb5862fa1a26160db6aa28c91f1e9aff23a19258311ec47d3480a90066e2d	5200	evidence/diffs/M1/F1/flink.json
9e8d950421c80190fc33dbb0f08c02e444a75bb2e80e99d414cbff58b3bed185	349	evidence/diffs/M1/F1/python.diff
84cea50dd449226016f88c967ca0f4e6a7d84e98e6e1b8c2d6f806daf384a0a7	1022	evidence/diffs/M1/F1/python.json
cd36aee5b2f84c09ef44d61d56515123834849d4a8c9095e8e67a9800eaf3471	431	evidence/diffs/M1/F1/rql.diff
261d774c46f2388cc773e12ffb6308a1a506dde74929fe0e94bfcc035b819909	1182	evidence/diffs/M1/F1/rql.json
9f4fb070ad79f5ef5594b00170a3d96a28e3cd3fae61b599387ae7915cc4782f	752	evidence/diffs/M1/F2/flink.diff
46a3c901ac29f192d2a41bd431860652c4cc49907401095f3062810c750feeb4	2332	evidence/diffs/M1/F2/flink.json
df9776dd919a74291d19dd6f57f9ff34d542ef1f69ce9fd90d91fc98bf23fd81	596	evidence/diffs/M1/F2/python.diff
9e04e51669d01008655528d1d34011538c30ffc7a83a9a40658a196534d9ac9f	1591	evidence/diffs/M1/F2/python.json
04101174f642c7f3ed4cd577bea61da0238b0bbde1d5e7d9371848aa37abd395	438	evidence/diffs/M1/F2/rql.diff
dc90aced52caf595904a9f5f6ed6b8835e705d02dcd172293b5bb5b556d460e1	1177	evidence/diffs/M1/F2/rql.json
8a266151dbb7226aad49944a1fcfed267710fd39d9ce94a687e8d29f7bfde566	1113	evidence/diffs/M1/F3/flink.diff
95b106f8b3c7fd16dcababdf962a5e8e5051fa77873fb64fede908e9b42fae8b	3388	evidence/diffs/M1/F3/flink.json
775e1f0095d32807933968e318334db1361ab8095cbb4e54991a9338d0b7d8cc	447	evidence/diffs/M1/F3/python.diff
725d08d4e394fc0786b54cb966b40298e46004cc837f1e137adb7b2d1e4f6d9d	1223	evidence/diffs/M1/F3/python.json
562dd38f66d50685cfafa8d877b7403246dac8cbe5f43f5a4628cdd81d73d9e8	569	evidence/diffs/M1/F3/rql.diff
c3e63b69eb1995f292be01aed9044f3872f71f7444730dc3a96e9968ad7d03bc	1509	evidence/diffs/M1/F3/rql.json
9ce61d120e4b057dcb9d55a7ac27494be64020341aecef3a7b3f3300964287b7	272	evidence/diffs/M2/F1/flink.diff
785be200bf276f3723dd8a3161244b8b9e108fd29607558260c3d1cd3fd99569	648	evidence/diffs/M2/F1/flink.json
f903fae9fd48ef8a7ddb5272cc2924f66021bae1793b2da331c506681d17561b	214	evidence/diffs/M2/F1/python.diff
52961281d4da87775457c19f38a61a2abe7c081f56f47d4f47b0e3926d62339f	538	evidence/diffs/M2/F1/python.json
627dabee5ec5e7fe898b7663906141f5225ba824861aa879e60828a7dd09020f	496	evidence/diffs/M2/F1/rql.diff
7908a53b9e3d06693613118f277404abe513f4cf71fc92340fa41fbe3176ccd7	1356	evidence/diffs/M2/F1/rql.json
6b974f9a81326a60992dc3d882325fc481aa1b3df12c990ee6be43b1eda814ba	272	evidence/diffs/M2/F2/flink.diff
f72254d0d5ff95c5770279b2aec8ed7883436cf09b3b74a0712ae750a86ff414	652	evidence/diffs/M2/F2/flink.json
1ce9c35b8d5360b023df96c614212c1e6f518f7880b67f1c8d649ba3a3e70f68	222	evidence/diffs/M2/F2/python.diff
ae09515a7e51f8a570fbac79e156b27c8c8930092aae75ab9ae3a6fe8a90a037	554	evidence/diffs/M2/F2/python.json
e4d89493648b2706331703c2007a31b97bc0882221548fa4158e13ff20ef0070	280	evidence/diffs/M2/F2/rql.diff
4367fae8a327b59ac9f568503237c51d465e6d6cf8e4d48fd0d624c641ad41ba	672	evidence/diffs/M2/F2/rql.json
ae7016c67e0852a09c4ffeeea92eeed28423c62277afafc60e04fcde0a10da56	296	evidence/diffs/M2/F3/flink.diff
4c1a8757d1b5c25a759bdbe313d973e025d711817d0e3d479357ae0bf454b486	672	evidence/diffs/M2/F3/flink.json
2e149c3e3aee8b84f549bbf73fa0cef1b937fe721b166d38abfe24caaff4af8f	226	evidence/diffs/M2/F3/python.diff
34fb09cc06616f7f1abe1865342ee863fce9d9ae9346b11a567b0d0824decdb5	550	evidence/diffs/M2/F3/python.json
9a7546d0e1ff29d47547d7b77477c8cbc1a3d9c0128a2c93b9006325e1f667b0	288	evidence/diffs/M2/F3/rql.diff
288f55cb7a31076b65b26fb82ad3a44f2e971ac44e83e8ec94aa9b617ccd3297	678	evidence/diffs/M2/F3/rql.json
6f187254c407f3c70035c564936fdb75c2388f0eadfb8c2119c610190741c0e2	304	evidence/diffs/M3/F1/flink.diff
677f5ffe4491fa108a34deabf3d8834781883849d3ae11a1129be6843232e815	714	evidence/diffs/M3/F1/flink.json
6c9a36d6698c02e29dcb6a256ba22a6d4d67bdfe7d09cdde5e6fd10a6e697b92	244	evidence/diffs/M3/F1/python.diff
529369348620fb9c524b92f395a1dfc881d41a933dd89c0d51a409c8456beb5d	598	evidence/diffs/M3/F1/python.json
e216b1b01b2332a85d27d388cc4ae3834ee10ae3f1d7d8753ce41df2c2c6dbec	307	evidence/diffs/M3/F1/rql.diff
097c8d5e6169bed11eb22ab773097e1235e847ce6a9619d7d748075b02dc2930	728	evidence/diffs/M3/F1/rql.json
d8f6a0c70a3c5d4db0a72af385d821baf1713e357ea32c17fd107b825b968eb4	304	evidence/diffs/M3/F2/flink.diff
5762791ca9eef111d0f34b8a37ffb599019c44dc2f06516b4098d7820cb82232	714	evidence/diffs/M3/F2/flink.json
e563a71460b79daf0d3a67b98a4d7d42a7f6b3699d7fd69f5de0c5597e4ccbe9	244	evidence/diffs/M3/F2/python.diff
7a17824cb3c1d3c031f5ac8eb49b85dc20a5a0c5d2ad6982c070e12d6540c1f1	598	evidence/diffs/M3/F2/python.json
1c81370207fe97acf7458a8339dab5dddfa395e25387895128eb8e7aa0df9c89	322	evidence/diffs/M3/F2/rql.diff
77655360042d4b9a8ba27daa14465aebf72ef06a29ff7e088530747bce4264d1	758	evidence/diffs/M3/F2/rql.json
5509daedfc8fc04ec1217541c0aae17a3f5fc203cf1d6f5f4b1afa48f6b8d491	807	evidence/diffs/M3/F3/flink.diff
c5ae47282c8dc65b593cce7497172de82e969726e990fcce6c97db1bb1dbbd2a	2616	evidence/diffs/M3/F3/flink.json
45428cdbf32b051f373a91ef069d4da99b491d88d07702e465f87208a199f893	554	evidence/diffs/M3/F3/python.diff
e6d7acca5897b80267b4c6153bfc1964488ba1b93fcd7e37dc137ae5669f17b6	2128	evidence/diffs/M3/F3/python.json
be1e1f40cc855b21230c5711f48dd69d27281479573cede9a0fac93dbbc67c26	393	evidence/diffs/M3/F3/rql.diff
812c487212bc3127588dae377d7754f0380a175d400920d612df4b149c0bbd30	1104	evidence/diffs/M3/F3/rql.json
84ec992c2c305f16193db1af6e3ecc4f7cc29f8736d6997d19d6d5a55a388178	787	evidence/diffs/M4/F1/flink.diff
625db4dc4c47ab929c276eeba09ba5f412dfd4e9ffc85193e202581d85a7f5e4	2003	evidence/diffs/M4/F1/flink.json
0cb5d402a873d1dd123069b90e41eb7003408d82537d4b1140fa5f67f3f0e2d5	268	evidence/diffs/M4/F1/python.diff
9808d06614971a909b2399c65f816d6a0699c864a2be9bb256cb50cb380dff77	644	evidence/diffs/M4/F1/python.json
b8a3d2f478ed7ea7a2618a2afd385f5afb22f2f09e59d0ed9f998d6c1c31e729	327	evidence/diffs/M4/F1/rql.diff
8124db77f08f921cdccb0ce52f8377b148a92177748b53f47e83bb2648127dc5	744	evidence/diffs/M4/F1/rql.json
92922565e790f7717d6db864e5b09254208603ec6cd5b589a5be5d2f3a97362b	750	evidence/diffs/M4/F2/flink.diff
926be191fd554de10b1ca75a9e1bc92831451012554c141eff2046931caf581c	1943	evidence/diffs/M4/F2/flink.json
d864623fd1dcb21af2e1be4aadfb6dfab1cef3ed809ebe5f92a49c8b5bd340a8	284	evidence/diffs/M4/F2/python.diff
6b355cd58285c31319c5682604fa71f381ae17600565db38d9e53675aa9e241a	836	evidence/diffs/M4/F2/python.json
339684c8dd6413c7fab4d8ac609d8c4668411e10adb8efe66ee896cda97e5462	303	evidence/diffs/M4/F2/rql.diff
076995b720c8e2b99d79dcb3b61e6e50cacddaa0df4439cfa4a584f330697804	694	evidence/diffs/M4/F2/rql.json
aeb25d1c2020b501e9915305f33e47c4459eb500049676e835b36618fd989084	790	evidence/diffs/M4/F3/flink.diff
ec33bef344e2078c338c8bfe56c47eeef5a8598c18ca3d5a99f3ca67dc499d01	1985	evidence/diffs/M4/F3/flink.json
56b0ddf56a51de54011e1fc5e093328d55f00e85c6118a1e65a0f2466bd88bbd	302	evidence/diffs/M4/F3/python.diff
083b97904c82deac19c11c683bcd336d49ba65cb83dc4b8007600f0e37db71ea	860	evidence/diffs/M4/F3/python.json
4010564322cdf362e25bd140f5d1c7ef6c102653f33968d32cb7503513b3967a	339	evidence/diffs/M4/F3/rql.diff
25d20a479e19617e3fb8436f073eedd02b397fc713ff31f5c6c9c060c90b29e6	756	evidence/diffs/M4/F3/rql.json
4895d5bf960fe3746945447fe7d4c2194b0d8985ccc1a85deb4b6be159df94d2	113061	evidence/raw/M1_F1/flink.csv
e3b52672ada3d159da92e5efaa74ea8879765d09556944e672d3a609944d89ac	145	evidence/raw/M1_F1/flink_compile.log
267bd4329035a3a34b616f7c4204b07a407348e94de30e28295bee19233a217e	472	evidence/raw/M1_F1/flink_pacing.diff
640a4983d12b75d21b7732a86f718bd2457047241bb2a5ce5576172dc36f5710	91	evidence/raw/M1_F1/flink_run.log
ec7bbe9a52a7102fa38a3a872ec3cda75fd753999a27865f71d8ae50f437042b	48	evidence/raw/M1_F1/oracle.log
4895d5bf960fe3746945447fe7d4c2194b0d8985ccc1a85deb4b6be159df94d2	113061	evidence/raw/M1_F1/python.csv
1785f1a1812197bf60d8926fdd38b52a8d7b597d929c95adfa428e8aa40c4b50	413	evidence/raw/M1_F1/python_pacing.diff
b21dd6d09e01e3499d7663d38e84dafe159c60b5040935be6fa6b65acbb569c2	127	evidence/raw/M1_F1/python_run.log
d7c4b0388f9400a92fe219ea72abfdd0edfe83109ced0cb08e6614de0f3537fc	111322	evidence/raw/M1_F1/rql.csv
0c8ae4cd5ac8f84cf2b499e13e241796f1750dd3de4ac4071e7aa2061b8c8850	3190	evidence/raw/M1_F1/rql_compile.log
18ce6fe5cae1e1da2a65085654abfe051ab191040c5b8a0aab19c69cf33b426d	124	evidence/raw/M1_F1/rql_emit.log
0c8ae4cd5ac8f84cf2b499e13e241796f1750dd3de4ac4071e7aa2061b8c8850	3190	evidence/raw/M1_F1/rql_plan.txt
e3b0c44298fc1c149afbf4c8996fb92427ae41e4649b934ca495991b7852b855	0	evidence/raw/M1_F1/rql_run.log
a99e30fe4d944ded184645db4e538552b9ab6dc5dfc609437e13f04de69b5634	357	evidence/raw/M1_F1/source_sha256.tsv
e0dcaa5c9dc1d1cf8dd1087c8671e19386b0fdf08a59995a2919d7617ae66012	220605	evidence/raw/M1_F2/flink.csv
9c15386430ef3f4610ac403b802270f94b826e5abebe238ed4d1e8d65530a328	145	evidence/raw/M1_F2/flink_compile.log
f40747bc2e0fe05f64b84de6f1a83bd17f181a85927df3aeb53793ba5d601709	472	evidence/raw/M1_F2/flink_pacing.diff
7a1a0cd8fb3c1706a2ce0d921bf84de5584aa822446a562e2fde550a29fee47b	91	evidence/raw/M1_F2/flink_run.log
78ba53027373ff963729d545b9267ca7714e86eb3e9df380dc1328c34b3f8f2e	49	evidence/raw/M1_F2/oracle.log
e0dcaa5c9dc1d1cf8dd1087c8671e19386b0fdf08a59995a2919d7617ae66012	220605	evidence/raw/M1_F2/python.csv
6bbc6b50eecb18a698e8d77f747f1416f8d4e0140f2aa442c21bbc11b87ef918	371	evidence/raw/M1_F2/python_pacing.diff
3b404f25d798807524b7c9e93922725fbb700a984006f2dde6c3949309118e86	128	evidence/raw/M1_F2/python_run.log
8001ea478817837b5d4db068e47d778ad3992ddb3f592dedc9aaa2bfc3f8ae74	217305	evidence/raw/M1_F2/rql.csv
c69b230c0420ff7fae47cb80c6187ee06e8f248fe5e1ed4a906a4e8bfdf024cb	14506	evidence/raw/M1_F2/rql_compile.log
9e3d92c634aea36dac2d354f77dc5b3e9ca84a395e0e17cda1a1e44b9c139307	125	evidence/raw/M1_F2/rql_emit.log
c69b230c0420ff7fae47cb80c6187ee06e8f248fe5e1ed4a906a4e8bfdf024cb	14506	evidence/raw/M1_F2/rql_plan.txt
e3b0c44298fc1c149afbf4c8996fb92427ae41e4649b934ca495991b7852b855	0	evidence/raw/M1_F2/rql_run.log
3ed1fe4a2ab063dadaae5ed6b8497f42d84b9aae14d5b5fddb3533d0bb3269f7	357	evidence/raw/M1_F2/source_sha256.tsv
a1a92e1bb3d172970b451a041c34eae8231cbf8967376d90adcc58a8a7224c97	116879	evidence/raw/M1_F3/flink.csv
3d0b241720924e6660fc7b5ccf959ac6b406712677a78cace48ee02b0db92e87	151	evidence/raw/M1_F3/flink_compile.log
b87527d2060114b2259011963f8622702abf1b76f1ef0273451e286315d1b18c	484	evidence/raw/M1_F3/flink_pacing.diff
e45637fa127cb765adcdb04c8ac05b234b596092185e4cf6e4c4548693f685a4	91	evidence/raw/M1_F3/flink_run.log
adb7ca3b4a16536f5ceb88b81e57b2363dbaaf43812b5aafdff7e2ca4864a387	48	evidence/raw/M1_F3/oracle.log
a1a92e1bb3d172970b451a041c34eae8231cbf8967376d90adcc58a8a7224c97	116879	evidence/raw/M1_F3/python.csv
5b0d08535884873ff8ecdc8b403a25c9832ec892cca23af4a9a6f7801db36b9d	410	evidence/raw/M1_F3/python_pacing.diff
476ceac52c126c250f0e6ec0898959ee597c4f51c56655c259a6903508032190	127	evidence/raw/M1_F3/python_run.log
f02408061dd44c76accb7b4211eb19582d90fba917bc6d11f008b669ee70b3e9	114755	evidence/raw/M1_F3/rql.csv
be06258f1d858d68a3fc981735421eb5641b539bae749e4728c6be47875e464a	2077	evidence/raw/M1_F3/rql_compile.log
7fbf64f1a5e8e2dac228579d4b2922749b868570b2a3534e115afdbc49d72082	124	evidence/raw/M1_F3/rql_emit.log
be06258f1d858d68a3fc981735421eb5641b539bae749e4728c6be47875e464a	2077	evidence/raw/M1_F3/rql_plan.txt
e3b0c44298fc1c149afbf4c8996fb92427ae41e4649b934ca495991b7852b855	0	evidence/raw/M1_F3/rql_run.log
660e5c2f14ec03286ef1003ec51495873105c300fc6c5114523cbb970bfe9726	381	evidence/raw/M1_F3/source_sha256.tsv
03254e7a6e3130aa6b61223a2ccc462434e7ca3cb673d860a7055182a4f47036	56083	evidence/raw/M2_F1/flink.csv
6276b9e553f1296808312c4c6121e4e0c97ac81b365d7fca81c1ad2f737b9479	145	evidence/raw/M2_F1/flink_compile.log
b6a96636b8ead42529ce67f1d373b2a8f11f165d7bf28f91966c2d0eefdadc76	472	evidence/raw/M2_F1/flink_pacing.diff
3997d797669ab543da2a9d92ea9fc1d92c3abffbe81b8c7f80cad713bec9dfb4	91	evidence/raw/M2_F1/flink_run.log
e70423c4bc4fdb1a4fbbaaa3e79674b8573bb509de2418a7217b8151b0bb4f7e	48	evidence/raw/M2_F1/oracle.log
03254e7a6e3130aa6b61223a2ccc462434e7ca3cb673d860a7055182a4f47036	56083	evidence/raw/M2_F1/python.csv
e41c5c98af1b2923e7804a292a5e134b54d4af93e595a2ad2f51cd4ec7bf0779	413	evidence/raw/M2_F1/python_pacing.diff
fc36c0e593436af0207f29f40f627530e477ec42494549d04b4fac5c1ed865e6	127	evidence/raw/M2_F1/python_run.log
19bc71971a9054a454d3c7bf53f99491955e18c4944719d5a0728e2708146340	55208	evidence/raw/M2_F1/rql.csv
c6a2d68bb77643132a60eb0ee9eb9eeff969c7ddf0b8ab55f2aafff37f60b199	4927	evidence/raw/M2_F1/rql_compile.log
46361523ee820ed2f726f2b6201eeeb8a3f01aec87504a29d1758624c800a68d	124	evidence/raw/M2_F1/rql_emit.log
c6a2d68bb77643132a60eb0ee9eb9eeff969c7ddf0b8ab55f2aafff37f60b199	4927	evidence/raw/M2_F1/rql_plan.txt
e3b0c44298fc1c149afbf4c8996fb92427ae41e4649b934ca495991b7852b855	0	evidence/raw/M2_F1/rql_run.log
373b67ee37c91cfb680f5e3aeb1d8e0bf837038e07813ca45775f03d38bd7d11	357	evidence/raw/M2_F1/source_sha256.tsv
403e31a9a377ca8049ccd0676177dffe5039808e1f87d7df9fb640ba0b5e2306	164295	evidence/raw/M2_F2/flink.csv
a45f253474539485d6a8e0c4793ceb05d41e0b99dc1b2185967a396175a74b67	145	evidence/raw/M2_F2/flink_compile.log
71734e0a09ad77d17163e8312ede8d6ffc4ba414d2d632fd8c34ce7935c52e15	472	evidence/raw/M2_F2/flink_pacing.diff
fe6d1e26a3dc31ebf5b27991711cb5d909530e9ccdffbd0f1ed96b79962e603a	91	evidence/raw/M2_F2/flink_run.log
9cc815e4ce2edf89c3826a9980fef571c875f9630435c14a831fe1fd53c6ecda	49	evidence/raw/M2_F2/oracle.log
403e31a9a377ca8049ccd0676177dffe5039808e1f87d7df9fb640ba0b5e2306	164295	evidence/raw/M2_F2/python.csv
a167de687958ccc1a6faf61d85a44a553b7120c61f8b6dad14878761adf8da49	371	evidence/raw/M2_F2/python_pacing.diff
77ce5308797b341745050b76deea95333f530d9e34a73639b20a859f7fec70fb	128	evidence/raw/M2_F2/python_run.log
a93a39473d515dcde2c6354f202abe2aac2bf88973215a9ef1ca3775a088e8c4	161835	evidence/raw/M2_F2/rql.csv
22e7be397e096bdf2e1bbedc507216a6cae80734c6dd95e174f696043b9a643f	14630	evidence/raw/M2_F2/rql_compile.log
ffefd28e424df453bc40738c322ba3a2df8346c49dadd5a29f8b516645221335	125	evidence/raw/M2_F2/rql_emit.log
22e7be397e096bdf2e1bbedc507216a6cae80734c6dd95e174f696043b9a643f	14630	evidence/raw/M2_F2/rql_plan.txt
e3b0c44298fc1c149afbf4c8996fb92427ae41e4649b934ca495991b7852b855	0	evidence/raw/M2_F2/rql_run.log
b64f059bb946d84a69c4fb74ba6edf431ed4d701c6f78e3b6734ee312669eae0	357	evidence/raw/M2_F2/source_sha256.tsv
4b852bd742bf6e88b6882684b20187b1718b6eecc3be7d9396f64a39a5883d16	56867	evidence/raw/M2_F3/flink.csv
902001c7d0691f387b3909754d73a59e1c156c3004b6504e2ca289aa7af37711	151	evidence/raw/M2_F3/flink_compile.log
1d08b3c54158426d7e036cf4c5781a1bb1beebe9ce4f335767d924b547b660b3	484	evidence/raw/M2_F3/flink_pacing.diff
6c3ddee310f795dfa32355c2cc2240d4983026ed92c0178e838b3ee32543af39	91	evidence/raw/M2_F3/flink_run.log
555c6cde663018c09554263e8c3d78e847e9d01bfc8eda6b8f3fe92fd36394eb	48	evidence/raw/M2_F3/oracle.log
4b852bd742bf6e88b6882684b20187b1718b6eecc3be7d9396f64a39a5883d16	56867	evidence/raw/M2_F3/python.csv
271433635d0818aaa9707e11e2e906c32c2be7923503b4447b2c00de57022e13	410	evidence/raw/M2_F3/python_pacing.diff
38ef57a60448c18d142e54a68e7890a2a798bf1e70f91790f0e95100593d672a	127	evidence/raw/M2_F3/python_run.log
16f2f8102cbda3995e5f3388545ea4c718376e4f564de181a0cf0a74b7c6e47f	55823	evidence/raw/M2_F3/rql.csv
1834e825bb18585f769fbcda33854db2ec1c7f0cd1aa7ce0b9201585ce3e4d7e	2359	evidence/raw/M2_F3/rql_compile.log
330672516b77be1fdbde15fe95c86087c20be225f4d00c657b156347b420c4fe	124	evidence/raw/M2_F3/rql_emit.log
1834e825bb18585f769fbcda33854db2ec1c7f0cd1aa7ce0b9201585ce3e4d7e	2359	evidence/raw/M2_F3/rql_plan.txt
e3b0c44298fc1c149afbf4c8996fb92427ae41e4649b934ca495991b7852b855	0	evidence/raw/M2_F3/rql_run.log
c2cb304542cae55acbfbf9211eb9d9b70de53d44d0d6b7cf64bee5945abad0dd	381	evidence/raw/M2_F3/source_sha256.tsv
f6cff8a0fae2a2b5af5748979833213c9c9f27abdf3c4075aec6abdadeb59fca	56385	evidence/raw/M3_F1/flink.csv
c3b49def0cab48af7a6882808e5422b4f444f89a6db6f0b9f62f3ac36c96f487	145	evidence/raw/M3_F1/flink_compile.log
fe2436f35be661e12d82e774f9644b6fd45dbcedc0a521743d4d867e863fb8f6	472	evidence/raw/M3_F1/flink_pacing.diff
7a41aa34a4c10b85c7af60d692599911ba09029e14bb938659ce7e9f9bc87ae0	91	evidence/raw/M3_F1/flink_run.log
ec7bbe9a52a7102fa38a3a872ec3cda75fd753999a27865f71d8ae50f437042b	48	evidence/raw/M3_F1/oracle.log
f6cff8a0fae2a2b5af5748979833213c9c9f27abdf3c4075aec6abdadeb59fca	56385	evidence/raw/M3_F1/python.csv
2ba72d1d43127122a1aa77ab669be8cc0f03edbb5f4b6848695b46e8bee1535a	413	evidence/raw/M3_F1/python_pacing.diff
ba0111be49fbc8b19c4245dafa1506fa8ae898b7fcad5757631488b0a51f3ccf	127	evidence/raw/M3_F1/python_run.log
7b8a19ac6f290144900db0c7e54f5c842613644e5e48878899e34f48bb834203	55514	evidence/raw/M3_F1/rql.csv
0d955137eaeeae485d54e3cb94f4b0c7cea0739a28edc592eb08719810b945d8	2985	evidence/raw/M3_F1/rql_compile.log
bcc4bf50efea5f8853513faafee563f72bf14c9a50d9c5b58a665d43afb9491b	124	evidence/raw/M3_F1/rql_emit.log
0d955137eaeeae485d54e3cb94f4b0c7cea0739a28edc592eb08719810b945d8	2985	evidence/raw/M3_F1/rql_plan.txt
e3b0c44298fc1c149afbf4c8996fb92427ae41e4649b934ca495991b7852b855	0	evidence/raw/M3_F1/rql_run.log
7abd86c205b28d8c00ea9de8b4f6604e99506a9b71d001db9dab7401012e8292	357	evidence/raw/M3_F1/source_sha256.tsv
406d66f9fcbd95b216792b0f951bd519d7f1238ddcc88ac31a695c55307273ff	164564	evidence/raw/M3_F2/flink.csv
bcf5d73b68530ab5361ce1ac022ed3ec03285531a7bb2516fd29a870be9c0118	145	evidence/raw/M3_F2/flink_compile.log
64394e27a4ab9f52cbc0984699fcf8fe5d45fea28af32f0b06c2b9a38e5ab014	472	evidence/raw/M3_F2/flink_pacing.diff
6692444e90ce0951b029be3f6b68405a5f61c61a938ebb074b1a45dfb1d69c19	91	evidence/raw/M3_F2/flink_run.log
78ba53027373ff963729d545b9267ca7714e86eb3e9df380dc1328c34b3f8f2e	49	evidence/raw/M3_F2/oracle.log
406d66f9fcbd95b216792b0f951bd519d7f1238ddcc88ac31a695c55307273ff	164564	evidence/raw/M3_F2/python.csv
195a65d97c260bee62ddc0d44e173db64ddb1d8d47dd9e4969fcb7b5e2a871d8	371	evidence/raw/M3_F2/python_pacing.diff
66107c4750c83386085b6cd9a13ea291970e3f1f6ef8fd3e95c4cd20f0850c7e	128	evidence/raw/M3_F2/python_run.log
831fae0cea89b2f52a74257b5ec1a687a0b28e9e48f37fad5709bed48d2dfe72	162104	evidence/raw/M3_F2/rql.csv
89afb79f1788ac89d38b088f2cb7b1238026b6c3cf9a2cc5f9da2d3077b5b566	13985	evidence/raw/M3_F2/rql_compile.log
171f7c972c6188291970a8b7e957f1fd4a3ade00902cdf8a1f760889cd79a750	125	evidence/raw/M3_F2/rql_emit.log
89afb79f1788ac89d38b088f2cb7b1238026b6c3cf9a2cc5f9da2d3077b5b566	13985	evidence/raw/M3_F2/rql_plan.txt
e3b0c44298fc1c149afbf4c8996fb92427ae41e4649b934ca495991b7852b855	0	evidence/raw/M3_F2/rql_run.log
a0e077684ebd407463f7df9286db1816cf542db5880f5135e779f43c050e2268	357	evidence/raw/M3_F2/source_sha256.tsv
886340e1392be5db3e582967035144667328073e97941d52ff8b293ae80f9421	57317	evidence/raw/M3_F3/flink.csv
746234cccd7238ee7d402b4e5b3c3bb6bf0347d10d99b0768783d8f0817932d7	151	evidence/raw/M3_F3/flink_compile.log
6d94225107446006a10e8f56b0d2b79d583fe2b71350ec64996e75d0d72b3055	484	evidence/raw/M3_F3/flink_pacing.diff
209f10eb6c4c298caf9161fab9915f70e6e85391fe81440b3025397fcae2e0eb	91	evidence/raw/M3_F3/flink_run.log
fa0fe2c939d5fef2ecaaaa22d17c0722bd04975ba08e791165774fe82b0318a7	48	evidence/raw/M3_F3/oracle.log
886340e1392be5db3e582967035144667328073e97941d52ff8b293ae80f9421	57317	evidence/raw/M3_F3/python.csv
a0db422372fb113169ab013c0d4eda0c4adc206dc153b6fbe542830c713e3559	455	evidence/raw/M3_F3/python_pacing.diff
e5607f745959500f245fd098a69b8aba8b105e2f64ad61420bc8105c62e12ed1	127	evidence/raw/M3_F3/python_run.log
03127850806ff40de08fcdddb555782d88e51f17bdcd3c4001a735c2553219dd	55809	evidence/raw/M3_F3/rql.csv
0ca1aeef253e18e5ba82ac338f8c81491b73a3bee00e15420f886358d286d944	1731	evidence/raw/M3_F3/rql_compile.log
847538a61dfee60f9e7467b32c51d4f6e5cd9f1d6b0a84d1898ffc47b0f8e958	124	evidence/raw/M3_F3/rql_emit.log
0ca1aeef253e18e5ba82ac338f8c81491b73a3bee00e15420f886358d286d944	1731	evidence/raw/M3_F3/rql_plan.txt
e3b0c44298fc1c149afbf4c8996fb92427ae41e4649b934ca495991b7852b855	0	evidence/raw/M3_F3/rql_run.log
f1ce08d277153342020f0b0cc688803dd1bfbfc675fb3d7800462e38f05a4b3d	381	evidence/raw/M3_F3/source_sha256.tsv
5abcd74876d6a149d718028c76214f8606b6b0d8e2871b86338474487f9c063f	418506	evidence/raw/M4_F1/flink.csv
0c1efc4f06bf9e5866f5e720611f65c6e745368e6bfc8885b08a66d98c533dd9	145	evidence/raw/M4_F1/flink_compile.log
43679aac233cac67689df9ee3561084a42b66749e7857de8062225bd2cec69ab	472	evidence/raw/M4_F1/flink_pacing.diff
b676f6006ec2526f13500c94ad2da5cccf3ff3d59318959dddf0467aef9d2ed9	91	evidence/raw/M4_F1/flink_run.log
ec7bbe9a52a7102fa38a3a872ec3cda75fd753999a27865f71d8ae50f437042b	48	evidence/raw/M4_F1/oracle.log
5abcd74876d6a149d718028c76214f8606b6b0d8e2871b86338474487f9c063f	418506	evidence/raw/M4_F1/python.csv
75fed49f1ad0da5461f235856eb2809d56f47d1e0d9468292a3e0dac5cb8f972	413	evidence/raw/M4_F1/python_pacing.diff
18e268c5f0088796c0b6f712f372153e45ac7467ceac1d0519850ee2fcb1814b	127	evidence/raw/M4_F1/python_run.log
5337b35d0d6421213c7e3e96d0b41540fe8224cf45ce1f26e06537e216c700f9	412036	evidence/raw/M4_F1/rql.csv
5752cdb56a12a48a2da3928bf49228eb8db8093167452b19cac6c91d1d02d32c	3482	evidence/raw/M4_F1/rql_compile.log
73a1bbfd1e462be7329149fa97591b0677e9adbc1f65ccb59eb55d6f32df6fa0	124	evidence/raw/M4_F1/rql_emit.log
5752cdb56a12a48a2da3928bf49228eb8db8093167452b19cac6c91d1d02d32c	3482	evidence/raw/M4_F1/rql_plan.txt
e3b0c44298fc1c149afbf4c8996fb92427ae41e4649b934ca495991b7852b855	0	evidence/raw/M4_F1/rql_run.log
abfcf616ecd64050c59e81bb01aff5e39539e21c9df7e64c2d3b71de159e9ae2	357	evidence/raw/M4_F1/source_sha256.tsv
86f9f28075fd0bda02bd1f7f21df30ff16db6862f4a59413dddf342951a5fe82	398760	evidence/raw/M4_F2/flink.csv
bcbb2aabb0eb131579856a7d0a36141b18676e15acba4712657e05788ffbeebc	145	evidence/raw/M4_F2/flink_compile.log
173efcdc8179c190a1adce827e4c1af6ed08d5568b6bafcc83d1f11f8f1c476f	472	evidence/raw/M4_F2/flink_pacing.diff
fc683378b93e62d89344c429aa2e8608263cbd7ec542fa0e56737ba5360aeff5	91	evidence/raw/M4_F2/flink_run.log
963700b5a9be389fc8ac9f6f76721cb39edeb7ff4c7782ae1efecaec3f6aa270	48	evidence/raw/M4_F2/oracle.log
86f9f28075fd0bda02bd1f7f21df30ff16db6862f4a59413dddf342951a5fe82	398760	evidence/raw/M4_F2/python.csv
49d644b12bc8f3780888732f752bc9bfff42024f5756894434d06edf481d6899	371	evidence/raw/M4_F2/python_pacing.diff
58bc767f8965dcfd017ef664158459a37cb8e8d39772e22f3fcd99d1750b95b5	127	evidence/raw/M4_F2/python_run.log
7f4ec9321f308fd998add87db4c27cffbf9a3b5c03aa9f5dafe5a7d317e2e849	392160	evidence/raw/M4_F2/rql.csv
c42b2ed77e3b94e2357390384fecd19a27bd46a20ab647c82fed76076505a126	14491	evidence/raw/M4_F2/rql_compile.log
d65b77f1034be6fcb3f39120211e14dcb93c3b1b1080d49c0cebb4fcd3ab8c36	124	evidence/raw/M4_F2/rql_emit.log
c42b2ed77e3b94e2357390384fecd19a27bd46a20ab647c82fed76076505a126	14491	evidence/raw/M4_F2/rql_plan.txt
e3b0c44298fc1c149afbf4c8996fb92427ae41e4649b934ca495991b7852b855	0	evidence/raw/M4_F2/rql_run.log
37e3c7aaa5edff05d4c2aa230c29cf8ceae5057e4e9aa27a17c6ad43c5a910f3	357	evidence/raw/M4_F2/source_sha256.tsv
e1a9950bc94c8e6adb91769f4006a69c77c96ff025bf1fb1ab824c8ab2fe3a56	422028	evidence/raw/M4_F3/flink.csv
3bfc706d1a6258f07297f49d21f38ac6fe64cd6584d6d849b277b5c2b30d59b5	151	evidence/raw/M4_F3/flink_compile.log
696ab4668278f4ade0b9982975da698d5d4fe0333f2015b0a83b6c08c701aa96	484	evidence/raw/M4_F3/flink_pacing.diff
1810d6a1791111ecf5489df1a4b4a4c331d3ffdd0033a194787e1b45f768da85	91	evidence/raw/M4_F3/flink_run.log
3897c4961ba9db7a07022c05b61395e91a25957637ebad5e8a3a806140187cc3	47	evidence/raw/M4_F3/oracle.log
e1a9950bc94c8e6adb91769f4006a69c77c96ff025bf1fb1ab824c8ab2fe3a56	422028	evidence/raw/M4_F3/python.csv
6e6a23b3488566127b4a2d44168bf60acb4a4ff59fff0489a37c82694fc1156f	410	evidence/raw/M4_F3/python_pacing.diff
181969b0b774c9a19d166e7e5494b3e4d3f32da04c27063f3a3c7f7c4bbee6cc	126	evidence/raw/M4_F3/python_run.log
3c01e9ea2462509c42aefd767b96a828393da7c0004ca0a8ba70aa037b276b2f	414468	evidence/raw/M4_F3/rql.csv
97e6e45559264f509cf96cbf642254d07e646fa9288189df31538a12cf65b3eb	2219	evidence/raw/M4_F3/rql_compile.log
b00b794fe316430e572a382bd2232dda2aa830e077a4703eb07441019bee4c6c	123	evidence/raw/M4_F3/rql_emit.log
97e6e45559264f509cf96cbf642254d07e646fa9288189df31538a12cf65b3eb	2219	evidence/raw/M4_F3/rql_plan.txt
e3b0c44298fc1c149afbf4c8996fb92427ae41e4649b934ca495991b7852b855	0	evidence/raw/M4_F3/rql_run.log
130105541f92dc95dcb9cb28b2cd8fe82f11f5e70c153fe66f1f87d1822157d0	381	evidence/raw/M4_F3/source_sha256.tsv
64ef40d2d0de491159ce005a93e2c38ee5b2cc25b171f61e618c98e0604c048b	60447	evidence/raw/base_F1/flink.csv
ab7fe279a95b8b9046e7238db4a8571643fc66e20698caa302a6a8444fe68299	147	evidence/raw/base_F1/flink_compile.log
294c40665c7c89b5353346feb9caae7369cfed69f958b4d984722817b8cea669	468	evidence/raw/base_F1/flink_pacing.diff
d19a23a281baab189a1536f14555d5e1f2995bbf78463c1e6324eeefa4a9dd13	93	evidence/raw/base_F1/flink_run.log
ec7bbe9a52a7102fa38a3a872ec3cda75fd753999a27865f71d8ae50f437042b	48	evidence/raw/base_F1/oracle.log
64ef40d2d0de491159ce005a93e2c38ee5b2cc25b171f61e618c98e0604c048b	60447	evidence/raw/base_F1/python.csv
2ded58e6aaae0f7c8443554cc6fa018ba98a3151733505a45d2a8834d7815d77	409	evidence/raw/base_F1/python_pacing.diff
298fc644b7bd97b576cc23878a58e961a65d451f4f58a95bc4fc35eab59c66ed	129	evidence/raw/base_F1/python_run.log
59590483c3af34d0bdcc4eb86c4d83208c91e03aee7e301014a53e6a0d07f6fb	59514	evidence/raw/base_F1/rql.csv
5baf12e17dea82b3ffa50467cf1d308ea5f9d592c8fe05d65a56e7f270772424	2989	evidence/raw/base_F1/rql_compile.log
99c9337c5a5643995e931a9d31a06a547790e2048dc14467d63a829f1d2e4f5a	126	evidence/raw/base_F1/rql_emit.log
5baf12e17dea82b3ffa50467cf1d308ea5f9d592c8fe05d65a56e7f270772424	2989	evidence/raw/base_F1/rql_plan.txt
e3b0c44298fc1c149afbf4c8996fb92427ae41e4649b934ca495991b7852b855	0	evidence/raw/base_F1/rql_run.log
0c50cd1dc6afffabd620aa85536d5b2abfed961e5ce0cf96b8a03d5661ca19bb	345	evidence/raw/base_F1/source_sha256.tsv
438ffe6d765a59b5ba9cd403fb49a19167e226add0aefc6aeeee42fc41b7c253	176744	evidence/raw/base_F2/flink.csv
e75a9ae4a6632df859cfacb02933650045658e4e976c8ba902d98a3c2775e52b	147	evidence/raw/base_F2/flink_compile.log
b3d7013d0d9ea963a7e3a2e6c1314d51d5c3a4cb81f1b4027a2c29935b5b7005	468	evidence/raw/base_F2/flink_pacing.diff
d6aec1e7706fe8626d491594923403ede1312e1b4819722eec24b9f04266671b	93	evidence/raw/base_F2/flink_run.log
78ba53027373ff963729d545b9267ca7714e86eb3e9df380dc1328c34b3f8f2e	49	evidence/raw/base_F2/oracle.log
438ffe6d765a59b5ba9cd403fb49a19167e226add0aefc6aeeee42fc41b7c253	176744	evidence/raw/base_F2/python.csv
1cd7340071ad8f2adf575c4fbffe7a35ba2517da75192012f89e5743b2c55480	367	evidence/raw/base_F2/python_pacing.diff
a403cf2fe8788c644e7d54093d28762b929e2815885b203d327a775a7dd21742	130	evidence/raw/base_F2/python_run.log
e00f541d4293bc2f98fdb273557210fd71f5fda3c28e9be9b3439dae064437da	174104	evidence/raw/base_F2/rql.csv
2c75085b67297324addea4ed751301a29260e03b5e17c9a2027d485b77e1afa2	13985	evidence/raw/base_F2/rql_compile.log
89f2f6f33ce8f305e4c617bed36d1b68515387e13bdb57f746f676cd689ae06f	127	evidence/raw/base_F2/rql_emit.log
2c75085b67297324addea4ed751301a29260e03b5e17c9a2027d485b77e1afa2	13985	evidence/raw/base_F2/rql_plan.txt
e3b0c44298fc1c149afbf4c8996fb92427ae41e4649b934ca495991b7852b855	0	evidence/raw/base_F2/rql_run.log
0049c97df7f16901dad595b0059a0c4dc2b0de2b3d56d5e872552042f54e6d3a	345	evidence/raw/base_F2/source_sha256.tsv
8305df92639c19f865c2e402581641d17578e95a4ce4d19be3607fb540919cca	60901	evidence/raw/base_F3/flink.csv
0cef2bb13c5a3b85fe6a8e1d10f424468b0617f2dc7e641e4ad9b5d006193772	153	evidence/raw/base_F3/flink_compile.log
6c272ac0074af9fe490c3769384b0b0ffe46aeecf7ba98a28db0ec2e91a85b77	480	evidence/raw/base_F3/flink_pacing.diff
faf719744b2aa027d37498778329e4221f2ea11c48ae2ebfbfe0971a0d399d8e	93	evidence/raw/base_F3/flink_run.log
adb7ca3b4a16536f5ceb88b81e57b2363dbaaf43812b5aafdff7e2ca4864a387	48	evidence/raw/base_F3/oracle.log
8305df92639c19f865c2e402581641d17578e95a4ce4d19be3607fb540919cca	60901	evidence/raw/base_F3/python.csv
12cf592aee2293ebea693053aaf99112221cd5be892ba4e78b460d71e6db485a	406	evidence/raw/base_F3/python_pacing.diff
189062bbd056864e554c250e3bbf3cd3bb9586a51f453342b1bceb5a0f26376d	129	evidence/raw/base_F3/python_run.log
b009c88519c559e18de92c2bb33a31d96712f24b4861cc64a2ea672c8282f333	59785	evidence/raw/base_F3/rql.csv
706eb79d1f4add1219e52dce670334338fc455316d33e682b1d6989252a8b128	1729	evidence/raw/base_F3/rql_compile.log
fe3c3a9e14e9cacf69d6d268b4532f4e7e4f85dc4a75ee53688a6a9a54592d1d	126	evidence/raw/base_F3/rql_emit.log
706eb79d1f4add1219e52dce670334338fc455316d33e682b1d6989252a8b128	1729	evidence/raw/base_F3/rql_plan.txt
e3b0c44298fc1c149afbf4c8996fb92427ae41e4649b934ca495991b7852b855	0	evidence/raw/base_F3/rql_run.log
f45921082ab2cfb2a87f5409023d274042070722b27b8b6dd28ead25c738bea4	369	evidence/raw/base_F3/source_sha256.tsv
6382ffb7ea8f8b240aacc01b46137dd77e7b8d8cb3faef1cc04e1e9aace17a83	5912	evidence/review/M1_F1_flink.txt
1eb806caa04fa8156d25da8392a57d3378760d123643fb066c73afbde8da58b5	1627	evidence/review/M1_F1_python.txt
92c1ebc743e4942093cfb666323c0f11e6b4c8ec0fa997f8985c1ae07af1a8a7	1056	evidence/review/M1_F1_rql.txt
58bc97799fe58d536dc2ca868936f43a02395bf8c1669ac65b7f30130c11cc8b	14282	evidence/review/M1_F2_flink.txt
ee90d08821d037d0ccb3a1dd4973967d7b39df53c4b47a1b21c1e1008b73b7a3	3936	evidence/review/M1_F2_python.txt
4ea86c72f84b1aa1acd2716916d40d9c51d6c8bfd19c3b78a1fa314fc042857c	2299	evidence/review/M1_F2_rql.txt
89b76fe2e83e136286be4635d352b14fef796ea9aaa33a0d292be00b8ac7020a	6115	evidence/review/M1_F3_flink.txt
ccab9b53de72bbbb42dabcf3589ffa70a880f50c671143b60716db0e05ffda3a	2220	evidence/review/M1_F3_python.txt
e45d69a8de1d9a667c1c354a84daf1774b06aa96accb97296dc9b9e828dccc1c	1175	evidence/review/M1_F3_rql.txt
8e9a1b7ae073f995091a3912594e76b1af104266cbed89446abb4a97ce66df85	4392	evidence/review/M2_F1_flink.txt
4603eacd744df21080329dda3a9cdc5a285371ba3a4b747fafeb8cab6266b22b	1463	evidence/review/M2_F1_python.txt
2416e70f45790257fe45f4f74096ad518d0de17ba151270a2c123196b3b3dcd9	988	evidence/review/M2_F1_rql.txt
b7e0c6a51311e50d8ca72d33ca3ea511e5972792e5f9d67ebabd51abf230f7ce	13678	evidence/review/M2_F2_flink.txt
42813cfa544c8982fdb04883768b0c1a9e1376d1d9fc0bb166d0c1be71ed4091	3527	evidence/review/M2_F2_python.txt
f49d9c96ef6918c9ad7b4e9ac7453b9b5c5368bac37ffe36cefa3516da11959f	2088	evidence/review/M2_F2_rql.txt
c003f19f4eb10501313f2a1d905bc0650429d3df9db8be008798a71aecace565	5106	evidence/review/M2_F3_flink.txt
bf99a4fa2ebac680be46dcc92d73b852ef9567677a7f8d4b354803e13459904c	1921	evidence/review/M2_F3_python.txt
dfab784a9a4c48fdfac939cbb6bec5674e668fadc546a1fa72999ed62f197d5d	730	evidence/review/M2_F3_rql.txt
c35e7ff24c890defafd08434a28718b63a3825f730a394d08ee06dfec3a6c7c5	4424	evidence/review/M3_F1_flink.txt
615695828da648aed7928a5787b812036403d892d5b2f693556d262a7c11b3a3	1493	evidence/review/M3_F1_python.txt
9b2ac8a02a699f7531a8fd48d9bc0fb9367dbaa0e0a6d9a0a8a47d68872c31e5	798	evidence/review/M3_F1_rql.txt
6bddf0702cfdd3a695cfb4ae4426120c77fc5873b630c44815e9d521dea65dae	13710	evidence/review/M3_F2_flink.txt
cc05846348ebe53d5ab2b1b67e7279c69e83655018492e8fdaa8f68edb18ac15	3549	evidence/review/M3_F2_python.txt
2f628807914ee8a2f816447e0868537dd057884ef126498da5c570be14ebfdb0	2130	evidence/review/M3_F2_rql.txt
15d4d1e605162954e742304a0535551b0343accaac0507bfb6f34bc5fcab925b	5619	evidence/review/M3_F3_flink.txt
1c449b487b636f6b8687b3c20aef59dec0577ecbf2f4708423b830456dc9fed5	2260	evidence/review/M3_F3_python.txt
9ddd2b7471816ad6060e40d2c0851e1ef9f14f27aeac49c492b995d9d19937f9	836	evidence/review/M3_F3_rql.txt
6992c04b4c438266a59ef7552943a3f08aa5cd2acee5f2cde9fade0b569e8b9c	5360	evidence/review/M4_F1_flink.txt
9a95a13c1864dfa91a5f6aad76131b6e3f445b998494c3392b2a715bf9f55682	1541	evidence/review/M4_F1_python.txt
195c3cf0094ae730173854f41dbc908cd89c68c1cf8f03e74dcf5586f28e9431	959	evidence/review/M4_F1_rql.txt
264b68b97697faa68997fce58e8f28fa238ce2c3f59eb0659048d9e674edd7e5	14611	evidence/review/M4_F2_flink.txt
0f39454cd55cfcc42533db0a2b30099ab154fe8d756dc78b4251f51509ba981c	3669	evidence/review/M4_F2_python.txt
b9e978117da1561955ce15000c4284ebeddd1e3d85f498a8c5b022411f80fb0e	2225	evidence/review/M4_F2_rql.txt
7711c06e2424fe4566c052fe2ac3e905198451f54dc84962b9c936088adfe547	6028	evidence/review/M4_F3_flink.txt
7b14d18bbcce8bce37d640d3d0198ac9d2d4407dbd08ef2c5c5ebef5312cd8e3	2083	evidence/review/M4_F3_python.txt
7a0d773c46c3f16da32adee3bda3ef3d7b6b74a6aa15a96f2aceb32cf3b139f4	921	evidence/review/M4_F3_rql.txt
a429a094e56e49c8eefd57c610ce39e33f8cc2266ea3d1b36f673ac739b56faa	21830	evidence/sha256.csv
4895d5bf960fe3746945447fe7d4c2194b0d8985ccc1a85deb4b6be159df94d2	113061	evidence/smoke/M1_F1/flink.csv
2c18a9b16c4ffa1aba55aa63296350421b6f982214d1dbb726ebd29e37ef7a2d	145	evidence/smoke/M1_F1/flink_compile.log
267bd4329035a3a34b616f7c4204b07a407348e94de30e28295bee19233a217e	472	evidence/smoke/M1_F1/flink_pacing.diff
2cbbc8b84dc05ba8e0554a82362268f7ca2c133a022e994fb578c50712703395	93	evidence/smoke/M1_F1/flink_run.log
ec7bbe9a52a7102fa38a3a872ec3cda75fd753999a27865f71d8ae50f437042b	48	evidence/smoke/M1_F1/oracle.log
4895d5bf960fe3746945447fe7d4c2194b0d8985ccc1a85deb4b6be159df94d2	113061	evidence/smoke/M1_F1/python.csv
1785f1a1812197bf60d8926fdd38b52a8d7b597d929c95adfa428e8aa40c4b50	413	evidence/smoke/M1_F1/python_pacing.diff
1bf728cafe789893761049fe7a91ef51757c9033d7a874db01235f770c617d7d	129	evidence/smoke/M1_F1/python_run.log
d7c4b0388f9400a92fe219ea72abfdd0edfe83109ced0cb08e6614de0f3537fc	111322	evidence/smoke/M1_F1/rql.csv
0c8ae4cd5ac8f84cf2b499e13e241796f1750dd3de4ac4071e7aa2061b8c8850	3190	evidence/smoke/M1_F1/rql_compile.log
845a856bb5c70e2b79981c3856bb5a18c64b8b29d24cb0eee12a7b02e7578565	126	evidence/smoke/M1_F1/rql_emit.log
0c8ae4cd5ac8f84cf2b499e13e241796f1750dd3de4ac4071e7aa2061b8c8850	3190	evidence/smoke/M1_F1/rql_plan.txt
e3b0c44298fc1c149afbf4c8996fb92427ae41e4649b934ca495991b7852b855	0	evidence/smoke/M1_F1/rql_run.log
a99e30fe4d944ded184645db4e538552b9ab6dc5dfc609437e13f04de69b5634	357	evidence/smoke/M1_F1/source_sha256.tsv
e0dcaa5c9dc1d1cf8dd1087c8671e19386b0fdf08a59995a2919d7617ae66012	220605	evidence/smoke/M1_F2/flink.csv
18348e353f8c44e22221387a40667425c7c5dcf3c7b89decce5c1e6b3f8cb36b	145	evidence/smoke/M1_F2/flink_compile.log
f40747bc2e0fe05f64b84de6f1a83bd17f181a85927df3aeb53793ba5d601709	472	evidence/smoke/M1_F2/flink_pacing.diff
98e683a78a4f40686083627d4e35873b571a32f0f7af3d1ac0f4c83b18462402	93	evidence/smoke/M1_F2/flink_run.log
78ba53027373ff963729d545b9267ca7714e86eb3e9df380dc1328c34b3f8f2e	49	evidence/smoke/M1_F2/oracle.log
e0dcaa5c9dc1d1cf8dd1087c8671e19386b0fdf08a59995a2919d7617ae66012	220605	evidence/smoke/M1_F2/python.csv
6bbc6b50eecb18a698e8d77f747f1416f8d4e0140f2aa442c21bbc11b87ef918	371	evidence/smoke/M1_F2/python_pacing.diff
74c7480e6a53fd648f8983ec91dcab577fe331c53c253536c04217cd2c46ffee	130	evidence/smoke/M1_F2/python_run.log
8001ea478817837b5d4db068e47d778ad3992ddb3f592dedc9aaa2bfc3f8ae74	217305	evidence/smoke/M1_F2/rql.csv
c69b230c0420ff7fae47cb80c6187ee06e8f248fe5e1ed4a906a4e8bfdf024cb	14506	evidence/smoke/M1_F2/rql_compile.log
b869d8afaaf606ffac95193ef7e0ede5631db03fad033c6e4157bff940f24620	127	evidence/smoke/M1_F2/rql_emit.log
c69b230c0420ff7fae47cb80c6187ee06e8f248fe5e1ed4a906a4e8bfdf024cb	14506	evidence/smoke/M1_F2/rql_plan.txt
e3b0c44298fc1c149afbf4c8996fb92427ae41e4649b934ca495991b7852b855	0	evidence/smoke/M1_F2/rql_run.log
3ed1fe4a2ab063dadaae5ed6b8497f42d84b9aae14d5b5fddb3533d0bb3269f7	357	evidence/smoke/M1_F2/source_sha256.tsv
a1a92e1bb3d172970b451a041c34eae8231cbf8967376d90adcc58a8a7224c97	116879	evidence/smoke/M1_F3/flink.csv
36cc1f9084d6a6bf366d4d888a71942d194513683b44414b8880588414ac390d	151	evidence/smoke/M1_F3/flink_compile.log
b87527d2060114b2259011963f8622702abf1b76f1ef0273451e286315d1b18c	484	evidence/smoke/M1_F3/flink_pacing.diff
2452e4260442d9d89b73db0c0a01a0350cff2271d0694c27918fba0ed00be618	93	evidence/smoke/M1_F3/flink_run.log
adb7ca3b4a16536f5ceb88b81e57b2363dbaaf43812b5aafdff7e2ca4864a387	48	evidence/smoke/M1_F3/oracle.log
a1a92e1bb3d172970b451a041c34eae8231cbf8967376d90adcc58a8a7224c97	116879	evidence/smoke/M1_F3/python.csv
5b0d08535884873ff8ecdc8b403a25c9832ec892cca23af4a9a6f7801db36b9d	410	evidence/smoke/M1_F3/python_pacing.diff
57381e6644e5d77c1d7d0e8ff303df3764b73b8a442c413e19a58da3e098f6c0	129	evidence/smoke/M1_F3/python_run.log
f02408061dd44c76accb7b4211eb19582d90fba917bc6d11f008b669ee70b3e9	114755	evidence/smoke/M1_F3/rql.csv
be06258f1d858d68a3fc981735421eb5641b539bae749e4728c6be47875e464a	2077	evidence/smoke/M1_F3/rql_compile.log
e0e23a67d7a886904f6714661f8d3814bba82b29c4f100fa9c0ae0b13f50df5b	126	evidence/smoke/M1_F3/rql_emit.log
be06258f1d858d68a3fc981735421eb5641b539bae749e4728c6be47875e464a	2077	evidence/smoke/M1_F3/rql_plan.txt
e3b0c44298fc1c149afbf4c8996fb92427ae41e4649b934ca495991b7852b855	0	evidence/smoke/M1_F3/rql_run.log
660e5c2f14ec03286ef1003ec51495873105c300fc6c5114523cbb970bfe9726	381	evidence/smoke/M1_F3/source_sha256.tsv
03254e7a6e3130aa6b61223a2ccc462434e7ca3cb673d860a7055182a4f47036	56083	evidence/smoke/M2_F1/flink.csv
fd32b91bdbb02aefe5363adcf95032f8de3f72f319825e1a3b7de78c809ef29d	145	evidence/smoke/M2_F1/flink_compile.log
b6a96636b8ead42529ce67f1d373b2a8f11f165d7bf28f91966c2d0eefdadc76	472	evidence/smoke/M2_F1/flink_pacing.diff
9ae8679e062f387438164af6473f94b9b890627eb3c34df46bf6501b5887d15d	93	evidence/smoke/M2_F1/flink_run.log
e70423c4bc4fdb1a4fbbaaa3e79674b8573bb509de2418a7217b8151b0bb4f7e	48	evidence/smoke/M2_F1/oracle.log
03254e7a6e3130aa6b61223a2ccc462434e7ca3cb673d860a7055182a4f47036	56083	evidence/smoke/M2_F1/python.csv
e41c5c98af1b2923e7804a292a5e134b54d4af93e595a2ad2f51cd4ec7bf0779	413	evidence/smoke/M2_F1/python_pacing.diff
797bbbfcd37b2b6cba017e01f943868be21ddb1e157cabd322b13b766aa247e7	129	evidence/smoke/M2_F1/python_run.log
19bc71971a9054a454d3c7bf53f99491955e18c4944719d5a0728e2708146340	55208	evidence/smoke/M2_F1/rql.csv
c6a2d68bb77643132a60eb0ee9eb9eeff969c7ddf0b8ab55f2aafff37f60b199	4927	evidence/smoke/M2_F1/rql_compile.log
a7746826d5b14f63fc4664035442227a8e8f3402e743dd353e0e1b91b09ba474	126	evidence/smoke/M2_F1/rql_emit.log
c6a2d68bb77643132a60eb0ee9eb9eeff969c7ddf0b8ab55f2aafff37f60b199	4927	evidence/smoke/M2_F1/rql_plan.txt
e3b0c44298fc1c149afbf4c8996fb92427ae41e4649b934ca495991b7852b855	0	evidence/smoke/M2_F1/rql_run.log
373b67ee37c91cfb680f5e3aeb1d8e0bf837038e07813ca45775f03d38bd7d11	357	evidence/smoke/M2_F1/source_sha256.tsv
403e31a9a377ca8049ccd0676177dffe5039808e1f87d7df9fb640ba0b5e2306	164295	evidence/smoke/M2_F2/flink.csv
65cfe0a6106c9bac175d07ba299bde0d568e4fa80e1be6c2008e50542abb9c69	145	evidence/smoke/M2_F2/flink_compile.log
71734e0a09ad77d17163e8312ede8d6ffc4ba414d2d632fd8c34ce7935c52e15	472	evidence/smoke/M2_F2/flink_pacing.diff
c755c215e1e1bb9d5a004de7cdcce4e051e10b6316792c216552e432964253ca	93	evidence/smoke/M2_F2/flink_run.log
9cc815e4ce2edf89c3826a9980fef571c875f9630435c14a831fe1fd53c6ecda	49	evidence/smoke/M2_F2/oracle.log
403e31a9a377ca8049ccd0676177dffe5039808e1f87d7df9fb640ba0b5e2306	164295	evidence/smoke/M2_F2/python.csv
a167de687958ccc1a6faf61d85a44a553b7120c61f8b6dad14878761adf8da49	371	evidence/smoke/M2_F2/python_pacing.diff
be08f4a63555fbf2b8f5b767ea53b78d7c4cdd6e3e3d701bdcc872bc162d9f87	130	evidence/smoke/M2_F2/python_run.log
a93a39473d515dcde2c6354f202abe2aac2bf88973215a9ef1ca3775a088e8c4	161835	evidence/smoke/M2_F2/rql.csv
22e7be397e096bdf2e1bbedc507216a6cae80734c6dd95e174f696043b9a643f	14630	evidence/smoke/M2_F2/rql_compile.log
cdeb6481c2757cc2ddf05698b19da8d7e7729ec483ff0df3c6ab92335db75aa6	127	evidence/smoke/M2_F2/rql_emit.log
22e7be397e096bdf2e1bbedc507216a6cae80734c6dd95e174f696043b9a643f	14630	evidence/smoke/M2_F2/rql_plan.txt
e3b0c44298fc1c149afbf4c8996fb92427ae41e4649b934ca495991b7852b855	0	evidence/smoke/M2_F2/rql_run.log
b64f059bb946d84a69c4fb74ba6edf431ed4d701c6f78e3b6734ee312669eae0	357	evidence/smoke/M2_F2/source_sha256.tsv
4b852bd742bf6e88b6882684b20187b1718b6eecc3be7d9396f64a39a5883d16	56867	evidence/smoke/M2_F3/flink.csv
96b3634d4416cb33a5a474d5af42db19740467345d6760c586bc5bdca4b62e1a	151	evidence/smoke/M2_F3/flink_compile.log
1d08b3c54158426d7e036cf4c5781a1bb1beebe9ce4f335767d924b547b660b3	484	evidence/smoke/M2_F3/flink_pacing.diff
7019340fdf1fa19599ccd4e75da96dd19668b0dc2a14a5a07102f1df4d521b07	93	evidence/smoke/M2_F3/flink_run.log
555c6cde663018c09554263e8c3d78e847e9d01bfc8eda6b8f3fe92fd36394eb	48	evidence/smoke/M2_F3/oracle.log
4b852bd742bf6e88b6882684b20187b1718b6eecc3be7d9396f64a39a5883d16	56867	evidence/smoke/M2_F3/python.csv
271433635d0818aaa9707e11e2e906c32c2be7923503b4447b2c00de57022e13	410	evidence/smoke/M2_F3/python_pacing.diff
7521dc07873a851d274d9ed3266585e528228999eef26d791f715d08edf70b14	129	evidence/smoke/M2_F3/python_run.log
16f2f8102cbda3995e5f3388545ea4c718376e4f564de181a0cf0a74b7c6e47f	55823	evidence/smoke/M2_F3/rql.csv
1834e825bb18585f769fbcda33854db2ec1c7f0cd1aa7ce0b9201585ce3e4d7e	2359	evidence/smoke/M2_F3/rql_compile.log
cd5cebb90074b92a1ada2e5cb513837085282a2adf75c82d832419e149b36738	126	evidence/smoke/M2_F3/rql_emit.log
1834e825bb18585f769fbcda33854db2ec1c7f0cd1aa7ce0b9201585ce3e4d7e	2359	evidence/smoke/M2_F3/rql_plan.txt
e3b0c44298fc1c149afbf4c8996fb92427ae41e4649b934ca495991b7852b855	0	evidence/smoke/M2_F3/rql_run.log
c2cb304542cae55acbfbf9211eb9d9b70de53d44d0d6b7cf64bee5945abad0dd	381	evidence/smoke/M2_F3/source_sha256.tsv
f6cff8a0fae2a2b5af5748979833213c9c9f27abdf3c4075aec6abdadeb59fca	56385	evidence/smoke/M3_F1/flink.csv
d62c8df87f7e15e25c5f542a727a2650bb7b52c9fc55863d295543293b0db293	145	evidence/smoke/M3_F1/flink_compile.log
fe2436f35be661e12d82e774f9644b6fd45dbcedc0a521743d4d867e863fb8f6	472	evidence/smoke/M3_F1/flink_pacing.diff
15b136f66ef665b459bf153f3982fea7162a6588ce8d6c36b9b17a55e512780f	93	evidence/smoke/M3_F1/flink_run.log
ec7bbe9a52a7102fa38a3a872ec3cda75fd753999a27865f71d8ae50f437042b	48	evidence/smoke/M3_F1/oracle.log
f6cff8a0fae2a2b5af5748979833213c9c9f27abdf3c4075aec6abdadeb59fca	56385	evidence/smoke/M3_F1/python.csv
2ba72d1d43127122a1aa77ab669be8cc0f03edbb5f4b6848695b46e8bee1535a	413	evidence/smoke/M3_F1/python_pacing.diff
fd2066c2c7d636210f19be7d1c6729bbb04a7931c54e7d0c7adb79b343eebad9	129	evidence/smoke/M3_F1/python_run.log
7b8a19ac6f290144900db0c7e54f5c842613644e5e48878899e34f48bb834203	55514	evidence/smoke/M3_F1/rql.csv
0d955137eaeeae485d54e3cb94f4b0c7cea0739a28edc592eb08719810b945d8	2985	evidence/smoke/M3_F1/rql_compile.log
ce6b4b87d8047b3f7c7afc1328e76b7271732ea88f997fed87db8e43eee40446	126	evidence/smoke/M3_F1/rql_emit.log
0d955137eaeeae485d54e3cb94f4b0c7cea0739a28edc592eb08719810b945d8	2985	evidence/smoke/M3_F1/rql_plan.txt
e3b0c44298fc1c149afbf4c8996fb92427ae41e4649b934ca495991b7852b855	0	evidence/smoke/M3_F1/rql_run.log
7abd86c205b28d8c00ea9de8b4f6604e99506a9b71d001db9dab7401012e8292	357	evidence/smoke/M3_F1/source_sha256.tsv
406d66f9fcbd95b216792b0f951bd519d7f1238ddcc88ac31a695c55307273ff	164564	evidence/smoke/M3_F2/flink.csv
86a29e41d125c77daaf2f7b1a5bd238ae5733285db28cd49748afd9065b20d77	145	evidence/smoke/M3_F2/flink_compile.log
64394e27a4ab9f52cbc0984699fcf8fe5d45fea28af32f0b06c2b9a38e5ab014	472	evidence/smoke/M3_F2/flink_pacing.diff
78aa9d9004929bf3a5f2b08a0bb029b851c69325a703660d615850efcd6aafd0	93	evidence/smoke/M3_F2/flink_run.log
78ba53027373ff963729d545b9267ca7714e86eb3e9df380dc1328c34b3f8f2e	49	evidence/smoke/M3_F2/oracle.log
406d66f9fcbd95b216792b0f951bd519d7f1238ddcc88ac31a695c55307273ff	164564	evidence/smoke/M3_F2/python.csv
195a65d97c260bee62ddc0d44e173db64ddb1d8d47dd9e4969fcb7b5e2a871d8	371	evidence/smoke/M3_F2/python_pacing.diff
13b10ccab563365547d33bedd446648b1cb7175ea65b902eca24cf3087e6df69	130	evidence/smoke/M3_F2/python_run.log
831fae0cea89b2f52a74257b5ec1a687a0b28e9e48f37fad5709bed48d2dfe72	162104	evidence/smoke/M3_F2/rql.csv
89afb79f1788ac89d38b088f2cb7b1238026b6c3cf9a2cc5f9da2d3077b5b566	13985	evidence/smoke/M3_F2/rql_compile.log
cd64c41a08c2ea73963e90adfb123df77f62a646a8bbba58b49e6c60f2aaadc2	127	evidence/smoke/M3_F2/rql_emit.log
89afb79f1788ac89d38b088f2cb7b1238026b6c3cf9a2cc5f9da2d3077b5b566	13985	evidence/smoke/M3_F2/rql_plan.txt
e3b0c44298fc1c149afbf4c8996fb92427ae41e4649b934ca495991b7852b855	0	evidence/smoke/M3_F2/rql_run.log
a0e077684ebd407463f7df9286db1816cf542db5880f5135e779f43c050e2268	357	evidence/smoke/M3_F2/source_sha256.tsv
886340e1392be5db3e582967035144667328073e97941d52ff8b293ae80f9421	57317	evidence/smoke/M3_F3/flink.csv
07d25897eca0c6abe7cf08f7a6f138b9667de3aae50cd31064f6a7859754978d	151	evidence/smoke/M3_F3/flink_compile.log
6d94225107446006a10e8f56b0d2b79d583fe2b71350ec64996e75d0d72b3055	484	evidence/smoke/M3_F3/flink_pacing.diff
24cbc76f4cd69f5b133130f388d014d14a486c408435a1a528af20a88af577b0	93	evidence/smoke/M3_F3/flink_run.log
fa0fe2c939d5fef2ecaaaa22d17c0722bd04975ba08e791165774fe82b0318a7	48	evidence/smoke/M3_F3/oracle.log
886340e1392be5db3e582967035144667328073e97941d52ff8b293ae80f9421	57317	evidence/smoke/M3_F3/python.csv
a0db422372fb113169ab013c0d4eda0c4adc206dc153b6fbe542830c713e3559	455	evidence/smoke/M3_F3/python_pacing.diff
c9435e941896f1537592994800897c5ab4aefeae85f1383b7cbc85cdbd2d70e1	129	evidence/smoke/M3_F3/python_run.log
03127850806ff40de08fcdddb555782d88e51f17bdcd3c4001a735c2553219dd	55809	evidence/smoke/M3_F3/rql.csv
0ca1aeef253e18e5ba82ac338f8c81491b73a3bee00e15420f886358d286d944	1731	evidence/smoke/M3_F3/rql_compile.log
9f96bd626dad0fc2a0f125dd300f4507dc01e7140a66b6d6298f8bec83a51eb3	126	evidence/smoke/M3_F3/rql_emit.log
0ca1aeef253e18e5ba82ac338f8c81491b73a3bee00e15420f886358d286d944	1731	evidence/smoke/M3_F3/rql_plan.txt
e3b0c44298fc1c149afbf4c8996fb92427ae41e4649b934ca495991b7852b855	0	evidence/smoke/M3_F3/rql_run.log
f1ce08d277153342020f0b0cc688803dd1bfbfc675fb3d7800462e38f05a4b3d	381	evidence/smoke/M3_F3/source_sha256.tsv
5abcd74876d6a149d718028c76214f8606b6b0d8e2871b86338474487f9c063f	418506	evidence/smoke/M4_F1/flink.csv
5c95a940091fa52b43093801e77a126ec7eaced7329e70cd52285381cb3542bb	145	evidence/smoke/M4_F1/flink_compile.log
43679aac233cac67689df9ee3561084a42b66749e7857de8062225bd2cec69ab	472	evidence/smoke/M4_F1/flink_pacing.diff
42cef79a24ddb110884a06be96087e09bddbc5493e266f30f504080255511e95	93	evidence/smoke/M4_F1/flink_run.log
ec7bbe9a52a7102fa38a3a872ec3cda75fd753999a27865f71d8ae50f437042b	48	evidence/smoke/M4_F1/oracle.log
5abcd74876d6a149d718028c76214f8606b6b0d8e2871b86338474487f9c063f	418506	evidence/smoke/M4_F1/python.csv
75fed49f1ad0da5461f235856eb2809d56f47d1e0d9468292a3e0dac5cb8f972	413	evidence/smoke/M4_F1/python_pacing.diff
7b0efaa7e2d6512c9d223e61fbac5bbfe980d9a5e45dd077cab916c124dda6c8	129	evidence/smoke/M4_F1/python_run.log
5337b35d0d6421213c7e3e96d0b41540fe8224cf45ce1f26e06537e216c700f9	412036	evidence/smoke/M4_F1/rql.csv
5752cdb56a12a48a2da3928bf49228eb8db8093167452b19cac6c91d1d02d32c	3482	evidence/smoke/M4_F1/rql_compile.log
fb323f3898d970c14895c4f3b8b1151a669b5cc1ffe632527f7119cc34b8572f	126	evidence/smoke/M4_F1/rql_emit.log
5752cdb56a12a48a2da3928bf49228eb8db8093167452b19cac6c91d1d02d32c	3482	evidence/smoke/M4_F1/rql_plan.txt
e3b0c44298fc1c149afbf4c8996fb92427ae41e4649b934ca495991b7852b855	0	evidence/smoke/M4_F1/rql_run.log
abfcf616ecd64050c59e81bb01aff5e39539e21c9df7e64c2d3b71de159e9ae2	357	evidence/smoke/M4_F1/source_sha256.tsv
86f9f28075fd0bda02bd1f7f21df30ff16db6862f4a59413dddf342951a5fe82	398760	evidence/smoke/M4_F2/flink.csv
f633c8e16e4a47b78e48997ab6ee6f3c92e6f74137d6316c96849802fac0efdc	145	evidence/smoke/M4_F2/flink_compile.log
173efcdc8179c190a1adce827e4c1af6ed08d5568b6bafcc83d1f11f8f1c476f	472	evidence/smoke/M4_F2/flink_pacing.diff
002975b9c745f1fccb8034da364b73f9ca49ef92ff336051e50059d4dca23534	93	evidence/smoke/M4_F2/flink_run.log
963700b5a9be389fc8ac9f6f76721cb39edeb7ff4c7782ae1efecaec3f6aa270	48	evidence/smoke/M4_F2/oracle.log
86f9f28075fd0bda02bd1f7f21df30ff16db6862f4a59413dddf342951a5fe82	398760	evidence/smoke/M4_F2/python.csv
49d644b12bc8f3780888732f752bc9bfff42024f5756894434d06edf481d6899	371	evidence/smoke/M4_F2/python_pacing.diff
549b5fef4a76f147267d2f556f544ddd4e9b080a8dc16d46f7567888d2f95f31	129	evidence/smoke/M4_F2/python_run.log
7f4ec9321f308fd998add87db4c27cffbf9a3b5c03aa9f5dafe5a7d317e2e849	392160	evidence/smoke/M4_F2/rql.csv
c42b2ed77e3b94e2357390384fecd19a27bd46a20ab647c82fed76076505a126	14491	evidence/smoke/M4_F2/rql_compile.log
fa33d4a166260cbc1632e43542daea39a8487f674779edb4a9da2abc2d0cb560	126	evidence/smoke/M4_F2/rql_emit.log
c42b2ed77e3b94e2357390384fecd19a27bd46a20ab647c82fed76076505a126	14491	evidence/smoke/M4_F2/rql_plan.txt
e3b0c44298fc1c149afbf4c8996fb92427ae41e4649b934ca495991b7852b855	0	evidence/smoke/M4_F2/rql_run.log
37e3c7aaa5edff05d4c2aa230c29cf8ceae5057e4e9aa27a17c6ad43c5a910f3	357	evidence/smoke/M4_F2/source_sha256.tsv
e1a9950bc94c8e6adb91769f4006a69c77c96ff025bf1fb1ab824c8ab2fe3a56	422028	evidence/smoke/M4_F3/flink.csv
653a6d67170740d623b1626c4489ee7743ce3b8ceff370b442f56f3808973db0	151	evidence/smoke/M4_F3/flink_compile.log
696ab4668278f4ade0b9982975da698d5d4fe0333f2015b0a83b6c08c701aa96	484	evidence/smoke/M4_F3/flink_pacing.diff
50ab66c7416647ced98561ab64a07287dac0c0a900ef88b192183400c9cbaceb	93	evidence/smoke/M4_F3/flink_run.log
3897c4961ba9db7a07022c05b61395e91a25957637ebad5e8a3a806140187cc3	47	evidence/smoke/M4_F3/oracle.log
e1a9950bc94c8e6adb91769f4006a69c77c96ff025bf1fb1ab824c8ab2fe3a56	422028	evidence/smoke/M4_F3/python.csv
6e6a23b3488566127b4a2d44168bf60acb4a4ff59fff0489a37c82694fc1156f	410	evidence/smoke/M4_F3/python_pacing.diff
f4a7e7595af6612b7ebbc74e36931a2405e7e03024de28cb6df08e5d42263c79	128	evidence/smoke/M4_F3/python_run.log
3c01e9ea2462509c42aefd767b96a828393da7c0004ca0a8ba70aa037b276b2f	414468	evidence/smoke/M4_F3/rql.csv
97e6e45559264f509cf96cbf642254d07e646fa9288189df31538a12cf65b3eb	2219	evidence/smoke/M4_F3/rql_compile.log
37c6637fe76c8494f681a56cf274052746321e1f6a841698037104ad1bc6bc2c	125	evidence/smoke/M4_F3/rql_emit.log
97e6e45559264f509cf96cbf642254d07e646fa9288189df31538a12cf65b3eb	2219	evidence/smoke/M4_F3/rql_plan.txt
e3b0c44298fc1c149afbf4c8996fb92427ae41e4649b934ca495991b7852b855	0	evidence/smoke/M4_F3/rql_run.log
130105541f92dc95dcb9cb28b2cd8fe82f11f5e70c153fe66f1f87d1822157d0	381	evidence/smoke/M4_F3/source_sha256.tsv
64ef40d2d0de491159ce005a93e2c38ee5b2cc25b171f61e618c98e0604c048b	60447	evidence/smoke/base_F1/flink.csv
13cc13eec876014fb3138bc5678e3602a63ada6247b20675613f1f0457999e1f	147	evidence/smoke/base_F1/flink_compile.log
294c40665c7c89b5353346feb9caae7369cfed69f958b4d984722817b8cea669	468	evidence/smoke/base_F1/flink_pacing.diff
33cce3b331954896fbd57302ae8e8af7e065eefc076a437c8c69c6287dabe38e	95	evidence/smoke/base_F1/flink_run.log
ec7bbe9a52a7102fa38a3a872ec3cda75fd753999a27865f71d8ae50f437042b	48	evidence/smoke/base_F1/oracle.log
64ef40d2d0de491159ce005a93e2c38ee5b2cc25b171f61e618c98e0604c048b	60447	evidence/smoke/base_F1/python.csv
2ded58e6aaae0f7c8443554cc6fa018ba98a3151733505a45d2a8834d7815d77	409	evidence/smoke/base_F1/python_pacing.diff
2ba7497dbaa6d55ace6b5004a476f638922536dd409060e283ed906e592798c7	131	evidence/smoke/base_F1/python_run.log
59590483c3af34d0bdcc4eb86c4d83208c91e03aee7e301014a53e6a0d07f6fb	59514	evidence/smoke/base_F1/rql.csv
5baf12e17dea82b3ffa50467cf1d308ea5f9d592c8fe05d65a56e7f270772424	2989	evidence/smoke/base_F1/rql_compile.log
055786a87c8c07d451b697b902ac6309d40fba43a6f481965f299dab048f35fc	128	evidence/smoke/base_F1/rql_emit.log
5baf12e17dea82b3ffa50467cf1d308ea5f9d592c8fe05d65a56e7f270772424	2989	evidence/smoke/base_F1/rql_plan.txt
e3b0c44298fc1c149afbf4c8996fb92427ae41e4649b934ca495991b7852b855	0	evidence/smoke/base_F1/rql_run.log
0c50cd1dc6afffabd620aa85536d5b2abfed961e5ce0cf96b8a03d5661ca19bb	345	evidence/smoke/base_F1/source_sha256.tsv
438ffe6d765a59b5ba9cd403fb49a19167e226add0aefc6aeeee42fc41b7c253	176744	evidence/smoke/base_F2/flink.csv
2caa0ecb5636faee40c2304c87322ece010b3a74c35701d3ae6d5c020ab95f24	147	evidence/smoke/base_F2/flink_compile.log
b3d7013d0d9ea963a7e3a2e6c1314d51d5c3a4cb81f1b4027a2c29935b5b7005	468	evidence/smoke/base_F2/flink_pacing.diff
c040d153fe3e8657db1c1bd0aede6e508d573174a1566609173ab856d4d5d0e5	95	evidence/smoke/base_F2/flink_run.log
78ba53027373ff963729d545b9267ca7714e86eb3e9df380dc1328c34b3f8f2e	49	evidence/smoke/base_F2/oracle.log
438ffe6d765a59b5ba9cd403fb49a19167e226add0aefc6aeeee42fc41b7c253	176744	evidence/smoke/base_F2/python.csv
1cd7340071ad8f2adf575c4fbffe7a35ba2517da75192012f89e5743b2c55480	367	evidence/smoke/base_F2/python_pacing.diff
fdea899dc30246a57a2e9d3a1d77d27ee4191947715f7214724f48aa60169f3e	132	evidence/smoke/base_F2/python_run.log
e00f541d4293bc2f98fdb273557210fd71f5fda3c28e9be9b3439dae064437da	174104	evidence/smoke/base_F2/rql.csv
2c75085b67297324addea4ed751301a29260e03b5e17c9a2027d485b77e1afa2	13985	evidence/smoke/base_F2/rql_compile.log
07cf933e5af8789561511b85a3b31df03efa1d5ad1375ee8ccb79c3258da656b	129	evidence/smoke/base_F2/rql_emit.log
2c75085b67297324addea4ed751301a29260e03b5e17c9a2027d485b77e1afa2	13985	evidence/smoke/base_F2/rql_plan.txt
e3b0c44298fc1c149afbf4c8996fb92427ae41e4649b934ca495991b7852b855	0	evidence/smoke/base_F2/rql_run.log
0049c97df7f16901dad595b0059a0c4dc2b0de2b3d56d5e872552042f54e6d3a	345	evidence/smoke/base_F2/source_sha256.tsv
8305df92639c19f865c2e402581641d17578e95a4ce4d19be3607fb540919cca	60901	evidence/smoke/base_F3/flink.csv
16b2e95d3f7bcfc0df714ddd1a8fe1c6168aa4348d6c698f8fbcd279ed8604b1	153	evidence/smoke/base_F3/flink_compile.log
6c272ac0074af9fe490c3769384b0b0ffe46aeecf7ba98a28db0ec2e91a85b77	480	evidence/smoke/base_F3/flink_pacing.diff
eb1bc8ce6d032bcaaf2680637e7701e60b9780b796cf1065d383be42ad4b6632	95	evidence/smoke/base_F3/flink_run.log
adb7ca3b4a16536f5ceb88b81e57b2363dbaaf43812b5aafdff7e2ca4864a387	48	evidence/smoke/base_F3/oracle.log
8305df92639c19f865c2e402581641d17578e95a4ce4d19be3607fb540919cca	60901	evidence/smoke/base_F3/python.csv
12cf592aee2293ebea693053aaf99112221cd5be892ba4e78b460d71e6db485a	406	evidence/smoke/base_F3/python_pacing.diff
39b8927a8c721ba29cddc26c600052f4c4ef8a30fee587a53f422de1f515e36a	131	evidence/smoke/base_F3/python_run.log
b009c88519c559e18de92c2bb33a31d96712f24b4861cc64a2ea672c8282f333	59785	evidence/smoke/base_F3/rql.csv
706eb79d1f4add1219e52dce670334338fc455316d33e682b1d6989252a8b128	1729	evidence/smoke/base_F3/rql_compile.log
6abee09acc3aabca63c8c894eb9d386a47989c5d8dcfc09b1adab48d6ccc9e85	128	evidence/smoke/base_F3/rql_emit.log
706eb79d1f4add1219e52dce670334338fc455316d33e682b1d6989252a8b128	1729	evidence/smoke/base_F3/rql_plan.txt
e3b0c44298fc1c149afbf4c8996fb92427ae41e4649b934ca495991b7852b855	0	evidence/smoke/base_F3/rql_run.log
f45921082ab2cfb2a87f5409023d274042070722b27b8b6dd28ead25c738bea4	369	evidence/smoke/base_F3/source_sha256.tsv
8279a9b517a9fe4ce00c10678f73f399433118063e4009d982b12db732c99e29	1182	results/base_sha256.tsv
b5c5bd1a222167bd464867fb50a89b6174eef3047803bcac4477a1b72f162ac6	1210	results/base_task_tests.csv
0014ed6fc04355a935eeb6004c8c20fafc045bb1e9a054ec9f8a6751663265f6	1721	results/constructs.csv
fc8e651b22c73fecc1d083bf87127b27451a7c1e3131759210caa960a078e3b5	772	results/environment.tsv
504fb564613ed08f2d7d763f465c909ceb35be2f5c7e56ba13072b73840a4e36	312202	results/hits.csv
6ac2953ece158bd20b97a312442a284a37690688ce360fbb5ce67aa4482e34c4	2578	results/modifications.csv
684de91faef32fe27403a4759708508a1ddaaf4d4e2d11a44f1fdbec9eacf327	1781	results/modifications_auto.csv
2caa11c0e751d4256739c3e7024f1e31d3658e1081642546690732d817248c71	855	results/semantic.csv
e138818a3f64c4a064d16e92541ba495638525cfb94a20572490b4d573858583	5720	results/variant_sha256.tsv
a674a29713c614777be6aa1992c316cfffea4b5731ed20d21e816d258d6d47ae	354	results/verdict.md
ab3f76033e84d144aac80a80ae628c98bf0b049def0a762a353153ac47539a7c	476	results/wins.csv
272a4c96a1f61517eb5aff62d0b339000aee71606809815c648bbe0e33119a98	2690	REPORT.md
24a91cf6dede3c7137171a28da21f0529ce11b013bb0f737be06b7c5de89f69d	1067	manual_coding.csv
36851b39ee2cafd5dacbc116e8f6cd37be201bd88357292d960ace27baea7300	239603	manual_hits_review.csv
