sha256	label	path
d8416e7edefdcfcf85f483bc9ed30d366bf793746657f8cad93d37a61fb5b8d7	F1/flink	../results_20260801_K22/corpus/F1_fir/flink/F1Fir.java
f4068f9bd9b9af1b0bf15ae9336520aef0ddd36a74ff0710c032649eb7ac0d29	F1/python	../results_20260801_K22/corpus/F1_fir/python/core.py
87071c253b010fb75b9f78dcbc20967880bab40e89f71abd28d3314de29cfc03	F1/rql	../results_20260801_K22/corpus/F1_fir/rql/core.rql
9727e8b1826a847ad38a4b8d42e000b370dabc2acf38e68130d189f47889abdb	F2/flink	../results_20260801_K22/corpus/F2_ecg/flink/F2Ecg.java
fea30a7397ad0b9d0e6f0aac692dd957573bd1399aafb5fcd7adafb0e0f93c96	F2/python	../results_20260801_K22/corpus/F2_ecg/python/core.py
b1f17b0e7dd5641c822147c2b6f9ebdc9dc0e7e7fe3008316c8968cff9d09046	F2/rql	../results_20260801_K22/corpus/F2_ecg/rql/core.rql
e15e5ff1e28cf40a74527b4f3577b3cd1454ce64fc2511f3e9dafb68580e80df	F3/flink	../results_20260801_K22/corpus/F3_multirate/flink/F3Multirate.java
489c8299a663c704a423cb8ca3a0c3564a9a53d5843bb0373e2b390900cf7aef	F3/python	../results_20260801_K22/corpus/F3_multirate/python/core.py
373c22b73a93447741371a088112e1eb231399ff3cbc1118a8c570f1da16b26e	F3/rql	../results_20260801_K22/corpus/F3_multirate/rql/core.rql
