profile,slug,suite,path,expected_failure,status,returncode,r1,r2,stdout_sha256,stderr_sha256
OFF,OFF,integration_serial,test/IntegrationTest_serial/Data/query-all.rql,False,compiled,0,0,0,000322739877c86e14a42bff01e1b641117120bb6218524bad584a5984186e86,2ce0840203edd2c7db58edc20a13dfd77b770020ddd451a45630e1b3102ac2a0
OFF,OFF,integration_serial,test/IntegrationTest_serial/Data/query-lnx.rql,False,compiled,0,0,0,cf838a68480585d15283360f0b9f74703b45c33effbcf1449e04a77b8695d140,2ce0840203edd2c7db58edc20a13dfd77b770020ddd451a45630e1b3102ac2a0
OFF,OFF,integration_serial,test/IntegrationTest_serial/Data/query.rql,True,expected_failure,1,,,e3b0c44298fc1c149afbf4c8996fb92427ae41e4649b934ca495991b7852b855,1b7a756a8f7fe719312f9388803b0e0b3fe78a6448cafda548cf54453025820b
OFF,OFF,integration_serial,test/IntegrationTest_serial/Data/ut_example.rql,True,expected_failure,4,,,e3b0c44298fc1c149afbf4c8996fb92427ae41e4649b934ca495991b7852b855,cdf0b0046550c6d7a696d65b9f2fb393ff93c14782ffcf42c31a9f11196e1319
OFF,OFF,integration_serial,test/IntegrationTest_serial/agse1/query.rql,False,compiled,0,0,0,75f688c9c0f9f8e4abaeb15b71576d20113593f92172a53e71b06a864f163dec,d1941e0d7f54852f3aa3153e41061671f0e29d99d1265d23ef8a1500c42dbd34
OFF,OFF,integration_serial,test/IntegrationTest_serial/agse2/query.rql,False,compiled,0,0,0,791831e7a8c2336f1c3d45136c7fb9e5105adc1984f95fdd8e0ea0110f6961cf,d1941e0d7f54852f3aa3153e41061671f0e29d99d1265d23ef8a1500c42dbd34
OFF,OFF,integration_serial,test/IntegrationTest_serial/agse3/query.rql,False,compiled,0,0,0,a103813a3b317a92c25b2d3446a5270ab2a8d505969dfd3ffeb19def4555e9cb,128b670be95886b774094f33583e5d04004ff503bcffd83f6532df1cb60792e6
OFF,OFF,integration_serial,test/IntegrationTest_serial/consistency/query-consitency.rql,False,compiled,0,0,0,da33fdc7deba47789d4bd0cf0f5f48b17d9d72e75e279ba2e3aaad7a238957ec,5f816538eeef704c7d6f97f8d381141d1808c5aec959e026f2380eec12546ccb
OFF,OFF,integration_serial,test/IntegrationTest_serial/deinterleave_roundtrip/query.rql,False,compiled,0,0,0,50bf4545ed024edc5c34412acf389d5e9b906b8873e6cca717390d8e6c374a32,7cf9f0eaab8218126ef1b1629935c48e1658816f6969b8db244e9bc2773095fb
OFF,OFF,integration_serial,test/IntegrationTest_serial/issue113_meta_internal/query.rql,False,compiled,0,0,0,d611b913284706bf103bb959457d67832f2ffd3caab6caf25f8104bbdacc1dbd,e9931fd6aad8987f6a1e0845833cc53914a8298c335febe4d84ec6ba232425df
OFF,OFF,integration_serial,test/IntegrationTest_serial/issue113_meta_xtrdb/query.rql,False,compiled,0,0,0,d611b913284706bf103bb959457d67832f2ffd3caab6caf25f8104bbdacc1dbd,e9931fd6aad8987f6a1e0845833cc53914a8298c335febe4d84ec6ba232425df
OFF,OFF,integration_serial,test/IntegrationTest_serial/issue113_null_skip/query.rql,False,compiled,0,0,0,d611b913284706bf103bb959457d67832f2ffd3caab6caf25f8104bbdacc1dbd,e9931fd6aad8987f6a1e0845833cc53914a8298c335febe4d84ec6ba232425df
OFF,OFF,integration_serial,test/IntegrationTest_serial/issue113_null_xqry/query.rql,False,compiled,0,0,0,d611b913284706bf103bb959457d67832f2ffd3caab6caf25f8104bbdacc1dbd,e9931fd6aad8987f6a1e0845833cc53914a8298c335febe4d84ec6ba232425df
OFF,OFF,integration_serial,test/IntegrationTest_serial/issue121_isnull/query.rql,False,compiled,0,0,0,72a152c10e9f69b60421c7cfc589f3cd4bbdee8b2100d4bba548a108d7079a56,e9931fd6aad8987f6a1e0845833cc53914a8298c335febe4d84ec6ba232425df
OFF,OFF,integration_serial,test/IntegrationTest_serial/issue121_null_propagation/query.rql,False,compiled,0,0,0,79e93c7808eff1453b4f7f62e13561540d0c7e9aafe8f9bfc7002a54eefd2282,e9931fd6aad8987f6a1e0845833cc53914a8298c335febe4d84ec6ba232425df
OFF,OFF,integration_serial,test/IntegrationTest_serial/issue128_numeric_to_string/query.rql,False,compiled,0,0,0,808a8d3b8d8b28464337e2a4402a3817016b751f99463255a123b5935abf8f1e,e9931fd6aad8987f6a1e0845833cc53914a8298c335febe4d84ec6ba232425df
OFF,OFF,integration_serial,test/IntegrationTest_serial/issue128_string_to_numeric/query.rql,False,compiled,0,0,0,ee962bb260264b1dd25b69256c154ca5c82ef45831f21b6affd5d932b2f778c8,e9931fd6aad8987f6a1e0845833cc53914a8298c335febe4d84ec6ba232425df
OFF,OFF,integration_serial,test/IntegrationTest_serial/issue167_dedup_cascaded/query.rql,False,compiled,0,0,0,bb7de4a1716b6a7962061e9de1e56fdcb6187a3a8615a89d086f3bb4a7b7953a,7e4d50a09b186b3aa7f36890795af99d75dff76a79d2dff6f9d78f87dd8e4343
OFF,OFF,integration_serial,test/IntegrationTest_serial/issue167_dedup_field_names/query.rql,False,compiled,0,0,0,52ff2746944b715a1ef6283ea022f797256eb6e0edd42af4036bc47ea1904e64,137791f01cf33b0e96106f52ac610b0d88260efc263f0ab89c46bd4716ebf088
OFF,OFF,integration_serial,test/IntegrationTest_serial/issue167_dedup_nonzero_offset/query.rql,False,compiled,0,0,0,3c1305d461000ea324c39b53d34f25e8a28d910b5b85fe8d0e75f0fdea5d7499,e487aafa4a344a0f92eab5ed41ab9f24bc288bce36aea41d45a0c4c2dd908ae0
OFF,OFF,integration_serial,test/IntegrationTest_serial/issue167_dedup_positive/query.rql,False,compiled,0,0,0,4e97857e466f17c686a4610c5b008e5a2a55c221f85062d825d1ca662a1a5771,137791f01cf33b0e96106f52ac610b0d88260efc263f0ab89c46bd4716ebf088
OFF,OFF,integration_serial,test/IntegrationTest_serial/issue167_triarg/query.rql,False,compiled,0,0,0,90e556257589108c84a70b5bbb09af5c1217c7121c22aa7dd2e5cd32308be42b,f211a793f83696977b401717690ec1e22513fb8b69b9301036de0cf02c848dba
OFF,OFF,integration_serial,test/IntegrationTest_serial/issue202_hash_shift_e2e/query.rql,False,compiled,0,0,0,29d4e23d126d90d6e098b0900e3a38461bb30761c437282f468ba69d7e128cf1,93b8219de3db37f74e13283391dd9a4a25f8034e54c0baedb6a24d9f9adc6491
OFF,OFF,integration_serial,test/IntegrationTest_serial/issue42_rule/query-42.rql,False,compiled,0,0,0,4ffb857784bdb2cd1f8b03c8a6c1c3db048b4db4f00543a655c607f74ba0c76e,e9931fd6aad8987f6a1e0845833cc53914a8298c335febe4d84ec6ba232425df
OFF,OFF,integration_serial,test/IntegrationTest_serial/issue56_timeshift/query-51.rql,False,compiled,0,0,0,b6315b36799829756a14cc67b0ca891458e2ab8c6485ff47f7ee56cbbe2b4951,0028fd92cd6e5993b2ac827dcd7327d92a4bc195101a914c918a161f21980030
OFF,OFF,integration_serial,test/IntegrationTest_serial/issue61_tmpmem/query-61.rql,False,compiled,0,0,0,8d26530c4b1bd8eae728a21f9b031c5eddba5c6bba1ff2b0d4d4ef588411c18a,0028fd92cd6e5993b2ac827dcd7327d92a4bc195101a914c918a161f21980030
OFF,OFF,integration_serial,test/IntegrationTest_serial/issue6_adhoc/query-6.rql,False,compiled,0,0,0,ac22f73bec26150a28f46a3f017ac7045324b0ceb2e000fc0babd7ed927efb19,e9931fd6aad8987f6a1e0845833cc53914a8298c335febe4d84ec6ba232425df
OFF,OFF,integration_serial,test/IntegrationTest_serial/k19_boundaries/query.rql,False,compiled,0,0,0,a566b7961ac11e8a2bde704c159004832695ffca8f803b02fd6be2213de3f172,d1941e0d7f54852f3aa3153e41061671f0e29d99d1265d23ef8a1500c42dbd34
OFF,OFF,integration_serial,test/IntegrationTest_serial/null_divide_by_zero/query.rql,False,compiled,0,0,0,bcbd03a703fe51998a010c9ac914791e4846c0d4eac6c28a8748fb83f2b9f918,e9931fd6aad8987f6a1e0845833cc53914a8298c335febe4d84ec6ba232425df
OFF,OFF,integration_serial,test/IntegrationTest_serial/operations/query.rql,False,compiled,0,0,0,1acfbb37d9382d8688b8de870ff5c082e7895995619d4be7db5d7e10143bff07,2b68f907788bf7d40106dd8afb6f9f643124b609fde9c8d8214c7c55658d2cd6
OFF,OFF,integration_serial,test/IntegrationTest_serial/optimizer_ablation/query.rql,False,compiled,0,0,0,265ef2d700cb7dbbc83e10986d669d1c2a8fb4b00540f73592673373cb67b96f,dfbc8eac80e406bce6d853f1eb0f1ecd64327ddf8f4cbb109dfa969098d34782
OFF,OFF,integration_serial,test/IntegrationTest_serial/r1_identity_nulls/query.rql,False,compiled,0,0,0,a619b6c71acc8b2ca09ff9584b59cfba7b1912750cb7afff917ead61747b9dcf,9a4c06b2221736c70f8c5c8e4cfb9abfccee362e53389cd13d0a726879aa90ad
OFF,OFF,integration_serial,test/IntegrationTest_serial/rotation_test/query.rql,False,compiled,0,0,0,a5f4b566c3e88bb483a528eda7d0d88f189fdfc62025242344be94c2649f1024,e9931fd6aad8987f6a1e0845833cc53914a8298c335febe4d84ec6ba232425df
OFF,OFF,integration_serial,test/IntegrationTest_serial/select_cse_commutative_add/query.rql,False,compiled,0,0,0,66190c84144d6ca83d074dac6c91684935924c97b4fd4eaa3cfa7d86602a5d4f,d29da2e2a994d0931b8601b40c3b3565d6d22bd8153ba1e2338f4f49affbc420
OFF,OFF,integration_serial,test/IntegrationTest_serial/simple/query.rql,False,compiled,0,0,0,c359ac55ae277d5235762e94855616944ab013f351c66d1c66b1bc1d455629f3,2b68f907788bf7d40106dd8afb6f9f643124b609fde9c8d8214c7c55658d2cd6
OFF,OFF,integration_serial,test/IntegrationTest_serial/simple_max/query.rql,False,compiled,0,0,0,aa6891da523b5bec820e24b2b493d972fda2c72c845d229fc8583167f4180d51,574e1ace22cb7aed2f1a1309560853c6b8eff1c0d0ba6bb019db3d75cbfcc8fb
OFF,OFF,integration_serial,test/IntegrationTest_serial/xqry_elem_limit/query.rql,False,compiled,0,0,0,c6bc611840716c3c070922ee9baedf3ff7d80290f628cf72dfc90b978d512d5d,e9931fd6aad8987f6a1e0845833cc53914a8298c335febe4d84ec6ba232425df
OFF,OFF,integration_parallel,test/IntegrationTest_parallel/Pattern1/query.rql,False,compiled,0,0,0,501b0c6819243ceaa155d4b2842022d5cda6d52105a672802c3ae94b40b5f87d,574e1ace22cb7aed2f1a1309560853c6b8eff1c0d0ba6bb019db3d75cbfcc8fb
OFF,OFF,integration_parallel,test/IntegrationTest_parallel/Pattern2/query.rql,False,compiled,0,0,0,0d9795fcc2cb823b262899ba6ea6995278cab381bf1ee34005a6dfa4e37ff753,79df9612addf31ca7bc1a907fa4fbfe8f1cad36ac859b15ecdf54a9336c97f9d
OFF,OFF,integration_parallel,test/IntegrationTest_parallel/Pattern3/query-unfold.rql,False,compiled,0,0,0,f15ef89844caba0a5efdcddad987bd75515cb80b853a1712d2f1ad5dcdaf8cfc,b2703da815aefe794c1a5cc7e9a062167aafbee3a91b9a0169f1c7b4b0a6810d
OFF,OFF,integration_parallel,test/IntegrationTest_parallel/Pattern4/query-crc.rql,False,compiled,0,0,0,a0c345d376bf61dfaa67d004193a71e9edbec18beffaef672711d35b201abb43,b2703da815aefe794c1a5cc7e9a062167aafbee3a91b9a0169f1c7b4b0a6810d
OFF,OFF,integration_parallel,test/IntegrationTest_parallel/Pattern6/query.rql,False,compiled,0,0,0,e5dec026f2158aeac3aabb1e26590e3920f648ca07fe43f04002dd6f13595e22,e6f93cd9c694b9def52016bdb62f39b49582708d48620652e102b23e3ba37072
OFF,OFF,integration_parallel,test/IntegrationTest_parallel/Pattern7/query.rql,False,compiled,0,0,0,0d77a67407d200f4c469964b14fc325ecafa75da799f87123b4fd38f06facdc2,edab723c0d6c9f70e29b63f955022e6d9ffe110d38424a3c59be470e3c62cf4a
OFF,OFF,integration_parallel,test/IntegrationTest_parallel/dsp/query.rql,False,compiled,0,0,0,fb35bd51206ccb40c012da8f4f8e22b2e2dcf0b61a96642144b6272ea9c50235,d1941e0d7f54852f3aa3153e41061671f0e29d99d1265d23ef8a1500c42dbd34
OFF,OFF,integration_parallel,test/IntegrationTest_parallel/issue202_hash_shift_factorization/matched.rql,False,compiled,0,0,0,91e21a4e2f9c1809cf237454cee2b8e806fc7ec2f31b3552ca5956291f47781d,1497d18579a603a66c0dc7c725e11f4219b596074a723631584fb4dc82757b51
OFF,OFF,integration_parallel,test/IntegrationTest_parallel/issue202_hash_shift_factorization/unmatched.rql,False,compiled,0,0,0,e8e891a95e8475e2a078aba5569454c2a4037b4b3b6bf60a992e9373fe4b75c0,1497d18579a603a66c0dc7c725e11f4219b596074a723631584fb4dc82757b51
OFF,OFF,integration_parallel,test/IntegrationTest_parallel/issue202_hash_shift_factorization/zero.rql,False,compiled,0,0,0,fbd3785e7a1779fd3d2752260a1b0939f3682d1822e91e3029c5f42134493ce0,1497d18579a603a66c0dc7c725e11f4219b596074a723631584fb4dc82757b51
OFF,OFF,integration_parallel,test/IntegrationTest_parallel/issue31_doc/q-31.a.rql,False,compiled,0,0,0,5bd21c1a7310663a8f31ec039f49e8fbea203c6c3251c0deb7ee132aa02488c9,2b68f907788bf7d40106dd8afb6f9f643124b609fde9c8d8214c7c55658d2cd6
OFF,OFF,integration_parallel,test/IntegrationTest_parallel/issue31_doc/q-31.b.rql,False,compiled,0,0,0,a61aab3c759baa3b2c8a1e604c63656092a59a827d9ffaf0c68b7f452e173b5f,ac006dd567c3f7e32a3024453c6c0e736a5852e67814144b540f5e7afa592ba8
OFF,OFF,integration_parallel,test/IntegrationTest_parallel/issue31_doc/q-31.c.rql,False,compiled,0,0,0,a4d010b80e5fe90a9af80dc7822f3cd5b99c4fe4694a80fdf9118109fc672936,0028fd92cd6e5993b2ac827dcd7327d92a4bc195101a914c918a161f21980030
OFF,OFF,integration_parallel,test/IntegrationTest_parallel/issue31_doc/q-31.d.rql,False,compiled,0,0,0,69c6a19a6d78359de1ad280addfa5539961b7e7582d51768e77c73b48fbc6525,ac006dd567c3f7e32a3024453c6c0e736a5852e67814144b540f5e7afa592ba8
OFF,OFF,integration_parallel,test/IntegrationTest_parallel/issue95_loopInCompile/brokenQuery.rql,True,expected_failure,71,,,e3b0c44298fc1c149afbf4c8996fb92427ae41e4649b934ca495991b7852b855,6f62197d9ab5863619379f9f525ddafdcd21d7812ab77ee36a4c02e249910e19
OFF,OFF,integration_parallel,test/IntegrationTest_parallel/issue96_no_substrat_reduction/queryNoSubstrat.rql,False,compiled,0,0,0,2668bd5ff06768350b0f0c6b2b749fcff8c663f9fdc3233839196ec1c6bd71f8,e6f93cd9c694b9def52016bdb62f39b49582708d48620652e102b23e3ba37072
OFF,OFF,integration_parallel,test/IntegrationTest_parallel/issue96_substrat_reference/queryWithSubstrats.rql,False,compiled,0,0,0,42e93778ff9f1e5b773c8c9993c20a180a7deb135cf0f417552968481d76eb21,bfb918c2e8a159f2b6600da6235934a549c395a55dca621c6062ffbab1c2b0d7
OFF,OFF,integration_parallel,test/IntegrationTest_parallel/subquery/query.rql,False,compiled,0,0,0,9e01bdd5e760b87d8e4a0d935f17427591d3ecddd0f336e223a31e907da40c97,5c9ab784ee67dec6e9873b0e8d278f1ff8f98e68988e54ad4d9d290af84cd8ae
OFF,OFF,examples,examples/agse/query.rql,False,compiled,0,0,0,ff480c283cc442175a94ea7a89286f68f202699e7f4ba5fefdbb4414bac1fb4e,574e1ace22cb7aed2f1a1309560853c6b8eff1c0d0ba6bb019db3d75cbfcc8fb
OFF,OFF,examples,examples/doc-compiler/ex.1/query.rql,False,compiled,0,0,0,2280ea8ee22e5370d1397533220128c7c7423982997aa1c40dcf820affc278fe,df30ae4585b366d94c87f66f9d355208f2d18d14d52efbcd5f8c67b3fa644618
OFF,OFF,examples,examples/ecg/rec205/rec205-detect.rql,False,compiled,0,0,0,3c8f8ea26fd67baaa7e78e3c1b2335bf723772293922d5332bb124b7e62ac621,ad9cf77cf19a19ba1256c712e6b1c9a3dca76503ae3077a362de09893c9f0d26
OFF,OFF,examples,examples/ecg/rec205/rec205-qrs.rql,False,compiled,0,0,0,206ce1d61e2cf4d9e383c16338c5918bbccdfaba8e00ef703f15fb2cb68aafed,f05da191b93f5b4bffd3212bc42cb3d10f0dd595e4fdd24ef8085cc43c57f7af
OFF,OFF,examples,examples/ecg/rec205/rec205-replay.rql,False,compiled,0,0,0,7f9b20a89d7bd1e8b5afbc1d8eceeaecede4100831565b99b316291b59cb1315,e9931fd6aad8987f6a1e0845833cc53914a8298c335febe4d84ec6ba232425df
OFF,OFF,examples,examples/issue-set/expression/query.rql,False,compiled,0,0,0,02a3450259a6c95e46fa5e64e7a67cf050a642e809d441edd93252dd1b9992e2,e9931fd6aad8987f6a1e0845833cc53914a8298c335febe4d84ec6ba232425df
OFF,OFF,examples,examples/issue-set/multi-read/issue-multiple-read-form-one-file.rql,False,compiled,0,0,0,7c47e26f50afe57135e902dadb2538408c7846b5be03c8838cdc5370f0d32c80,61d85f626d6f27ffeb4d05467ba4ed130ac6aa904f9863e913d041df7bfd215f
OFF,OFF,examples,examples/mwd/query-mwnd.rql,True,expected_failure,1,,,e3b0c44298fc1c149afbf4c8996fb92427ae41e4649b934ca495991b7852b855,97f2b59cbbd7cf4c59427c1b242236e76b9bcb14a7da93f4de737ddb38b09c30
OFF,OFF,examples,examples/mwd/query-mwnd2.rql,True,expected_failure,1,,,e3b0c44298fc1c149afbf4c8996fb92427ae41e4649b934ca495991b7852b855,604f90755e604415f92c17e6d9b40a7c193d363884b14e2369dab7baeb0f8bd5
OFF,OFF,examples,examples/mwd/query-mwnd3.rql,False,compiled,0,0,0,3de66ddd54917b8ee01067f20453f248a269f5ae2a56f1fd19f2b5752b7784c5,e6f93cd9c694b9def52016bdb62f39b49582708d48620652e102b23e3ba37072
OFF,OFF,examples,examples/mwd/query-mwnd4.rql,False,compiled,0,0,0,c0140b3fc346740d636926281cda9218319d25473fc3f8b7358c6e45b0157565,ac006dd567c3f7e32a3024453c6c0e736a5852e67814144b540f5e7afa592ba8
OFF,OFF,examples,examples/rmpy/adhoc-record/query.rql,False,compiled,0,0,0,e21357978697916bdf5885ee76419dbb14127ee51517feb05d7e955ebcfde31d,e9931fd6aad8987f6a1e0845833cc53914a8298c335febe4d84ec6ba232425df
OFF,OFF,examples,examples/rmpy/qplan1.rql,False,compiled,0,0,0,da6cbeae535a7a0cffd7349dcf0320e3b5604c195f7d54aeafa77adb53133066,2b68f907788bf7d40106dd8afb6f9f643124b609fde9c8d8214c7c55658d2cd6
OFF,OFF,examples,examples/rmpy/qplan2.rql,False,compiled,0,0,0,bd44e4b1ce719cbcacc427ab2ce6c3839562173485d71cfe31e09e50f4081439,2b68f907788bf7d40106dd8afb6f9f643124b609fde9c8d8214c7c55658d2cd6
OFF,OFF,examples,examples/rmpy/qplan3.rql,False,compiled,0,0,0,76f9ded8c6b4832b7c6034dca2c442f7b65e8b8398f2a81689724c6023601789,e6f93cd9c694b9def52016bdb62f39b49582708d48620652e102b23e3ba37072
OFF,OFF,examples,examples/rmpy/query.rql,False,compiled,0,0,0,f29240c8399cf533953be77da6ec45e6d84391c35073d4bb6aea0eb4c4fe3ff1,2b68f907788bf7d40106dd8afb6f9f643124b609fde9c8d8214c7c55658d2cd6
OFF,OFF,examples,examples/rmpy/query2.rql,False,compiled,0,0,0,2f874152104c8b0aa6c8661467e1f66e17cac2ea80e171e3a672cedfbd99b263,2b68f907788bf7d40106dd8afb6f9f643124b609fde9c8d8214c7c55658d2cd6
OFF,OFF,examples,examples/rmpy/query3.rql,False,compiled,0,0,0,21a1069674f06d83e426409ff0924030673262ae51a7e3c901a241801194ab4c,2b68f907788bf7d40106dd8afb6f9f643124b609fde9c8d8214c7c55658d2cd6
OFF,OFF,examples,examples/rmpy/query4.rql,False,compiled,0,0,0,b1afce3b90af7ec81a5f9ed413f7667753073fb40cf4ce64acd81bdc3f907b97,64b26dc42d7a850e41f845c2018009ced3d0c5ffdd9d3b8f219cad49b7286c81
OFF,OFF,examples,examples/rmpy/query5.rql,False,compiled,0,0,0,fc2902d0e3b744ce15a4c0e13224ef4753afc70b88ce58c8bb00c8a579e39cb5,4aaf664e9f2caaa7b90e5c71592b2eac863d91b5b2133fd227c94222cdb6036b
OFF,OFF,examples,examples/rmpy/query6.rql,False,compiled,0,0,0,3dc12d4593a6e836968c24113f80b8af35a383aab32e545ecb07e75ea5a7c4e6,2b68f907788bf7d40106dd8afb6f9f643124b609fde9c8d8214c7c55658d2cd6
OFF,OFF,examples,examples/rmpy/query7.rql,False,compiled,0,0,0,3783d9ee2824879b5e7bd2fb5617079ccc87b34c035d1a6f6b0650d680b927e3,2b68f907788bf7d40106dd8afb6f9f643124b609fde9c8d8214c7c55658d2cd6
OFF,OFF,examples,examples/rmpy/query8.rql,False,compiled,0,0,0,6d7a6524ae6b33f62490f3de543c9dc795ea5e50609df5fd1c8e5ce67bd8aa80,505814f50fbd722a28e2ffd1f4336e3612ab64a31dd6cce1f893fe3ed5ac6ca3
OFF,OFF,examples,examples/rmpy/query9.rql,False,compiled,0,0,0,8bfa23a65eaa454d8f2c3d558cce9fd958258c307edb09384635595f9493325c,143b8c0a0e943bcd7825487121d7e7f58e431cd26f3d4daedd2c990a0ef8bb9a
OFF,OFF,examples,examples/session-record-1/query.rql,False,compiled,0,0,0,49085538dd1693b5f5dec829ce006f43ed10c5286f9f3ac966b68e3b51cd6809,128b670be95886b774094f33583e5d04004ff503bcffd83f6532df1cb60792e6
STRUCT,STRUCT,integration_serial,test/IntegrationTest_serial/Data/query-all.rql,False,compiled,0,0,0,000322739877c86e14a42bff01e1b641117120bb6218524bad584a5984186e86,e24355a2b3b43135a93cb891db26fa696cbda31645ab0ee57fa702cfea00becd
STRUCT,STRUCT,integration_serial,test/IntegrationTest_serial/Data/query-lnx.rql,False,compiled,0,0,0,cf838a68480585d15283360f0b9f74703b45c33effbcf1449e04a77b8695d140,e24355a2b3b43135a93cb891db26fa696cbda31645ab0ee57fa702cfea00becd
STRUCT,STRUCT,integration_serial,test/IntegrationTest_serial/Data/query.rql,True,expected_failure,1,,,e3b0c44298fc1c149afbf4c8996fb92427ae41e4649b934ca495991b7852b855,5c9405382fc83f36a841ca1ba5948a3cb09ab89a257e5938f2e2db6ded43916c
STRUCT,STRUCT,integration_serial,test/IntegrationTest_serial/Data/ut_example.rql,True,expected_failure,4,,,e3b0c44298fc1c149afbf4c8996fb92427ae41e4649b934ca495991b7852b855,cdf0b0046550c6d7a696d65b9f2fb393ff93c14782ffcf42c31a9f11196e1319
STRUCT,STRUCT,integration_serial,test/IntegrationTest_serial/agse1/query.rql,False,compiled,0,0,0,75f688c9c0f9f8e4abaeb15b71576d20113593f92172a53e71b06a864f163dec,8d3c27844ee6c3db8131c27c7e7f008443a3ed79e9ca7d3e64ba6637fed62f73
STRUCT,STRUCT,integration_serial,test/IntegrationTest_serial/agse2/query.rql,False,compiled,0,0,0,791831e7a8c2336f1c3d45136c7fb9e5105adc1984f95fdd8e0ea0110f6961cf,8d3c27844ee6c3db8131c27c7e7f008443a3ed79e9ca7d3e64ba6637fed62f73
STRUCT,STRUCT,integration_serial,test/IntegrationTest_serial/agse3/query.rql,False,compiled,0,0,0,a103813a3b317a92c25b2d3446a5270ab2a8d505969dfd3ffeb19def4555e9cb,eda50eb95d7f7e2659fdb1c21b9ecd47555869c0e9871010430e1d55da0e5ca4
STRUCT,STRUCT,integration_serial,test/IntegrationTest_serial/consistency/query-consitency.rql,False,compiled,0,0,0,da33fdc7deba47789d4bd0cf0f5f48b17d9d72e75e279ba2e3aaad7a238957ec,a039cd41505a91faf229d84327ad3ecc4ae4b0885b6d96ee55b28c6f8d828c18
STRUCT,STRUCT,integration_serial,test/IntegrationTest_serial/deinterleave_roundtrip/query.rql,False,compiled,0,0,0,50bf4545ed024edc5c34412acf389d5e9b906b8873e6cca717390d8e6c374a32,fd34b29d2d0896d5152374cbab9786b98e89e46035fdb597f08e3575e8445018
STRUCT,STRUCT,integration_serial,test/IntegrationTest_serial/issue113_meta_internal/query.rql,False,compiled,0,0,0,d611b913284706bf103bb959457d67832f2ffd3caab6caf25f8104bbdacc1dbd,05a4c4033f3ca3c4bfb0d7cff126bbf1166be157a414c49282492b57e8304869
STRUCT,STRUCT,integration_serial,test/IntegrationTest_serial/issue113_meta_xtrdb/query.rql,False,compiled,0,0,0,d611b913284706bf103bb959457d67832f2ffd3caab6caf25f8104bbdacc1dbd,05a4c4033f3ca3c4bfb0d7cff126bbf1166be157a414c49282492b57e8304869
STRUCT,STRUCT,integration_serial,test/IntegrationTest_serial/issue113_null_skip/query.rql,False,compiled,0,0,0,d611b913284706bf103bb959457d67832f2ffd3caab6caf25f8104bbdacc1dbd,05a4c4033f3ca3c4bfb0d7cff126bbf1166be157a414c49282492b57e8304869
STRUCT,STRUCT,integration_serial,test/IntegrationTest_serial/issue113_null_xqry/query.rql,False,compiled,0,0,0,d611b913284706bf103bb959457d67832f2ffd3caab6caf25f8104bbdacc1dbd,05a4c4033f3ca3c4bfb0d7cff126bbf1166be157a414c49282492b57e8304869
STRUCT,STRUCT,integration_serial,test/IntegrationTest_serial/issue121_isnull/query.rql,False,compiled,0,0,0,72a152c10e9f69b60421c7cfc589f3cd4bbdee8b2100d4bba548a108d7079a56,05a4c4033f3ca3c4bfb0d7cff126bbf1166be157a414c49282492b57e8304869
STRUCT,STRUCT,integration_serial,test/IntegrationTest_serial/issue121_null_propagation/query.rql,False,compiled,0,0,0,79e93c7808eff1453b4f7f62e13561540d0c7e9aafe8f9bfc7002a54eefd2282,05a4c4033f3ca3c4bfb0d7cff126bbf1166be157a414c49282492b57e8304869
STRUCT,STRUCT,integration_serial,test/IntegrationTest_serial/issue128_numeric_to_string/query.rql,False,compiled,0,0,0,808a8d3b8d8b28464337e2a4402a3817016b751f99463255a123b5935abf8f1e,05a4c4033f3ca3c4bfb0d7cff126bbf1166be157a414c49282492b57e8304869
STRUCT,STRUCT,integration_serial,test/IntegrationTest_serial/issue128_string_to_numeric/query.rql,False,compiled,0,0,0,ee962bb260264b1dd25b69256c154ca5c82ef45831f21b6affd5d932b2f778c8,05a4c4033f3ca3c4bfb0d7cff126bbf1166be157a414c49282492b57e8304869
STRUCT,STRUCT,integration_serial,test/IntegrationTest_serial/issue167_dedup_cascaded/query.rql,False,compiled,0,0,0,805618f7d52ce7b49f03e0b54a94df8aacb9a208417d29d58680c28fd8172bbd,dd76e77ba9ce7000323ed2408b63b7efbfee83330c437b02ae4a8483c0215d43
STRUCT,STRUCT,integration_serial,test/IntegrationTest_serial/issue167_dedup_field_names/query.rql,False,compiled,0,0,0,e120279f10652a9090be2503bf800e42e76fcb11db3ee00781d83bf171c0962c,f336c41e6aaa9d592fadf3f24f2594e0636f8e6f5f08c565ccbcf6423297a134
STRUCT,STRUCT,integration_serial,test/IntegrationTest_serial/issue167_dedup_nonzero_offset/query.rql,False,compiled,0,0,0,08f52612810ecbd45142059f5308f1001d084ab64b1a6fa81e892da28b2dfccd,d820cc0c5ed7be7dc38203a2e393ba9c88b7ee6c261d6db2db341e7e7f433f79
STRUCT,STRUCT,integration_serial,test/IntegrationTest_serial/issue167_dedup_positive/query.rql,False,compiled,0,0,0,ef508dff89ee2b1b216805bea0f2379f2eca7060ebc8dd34d270286211d9d868,f336c41e6aaa9d592fadf3f24f2594e0636f8e6f5f08c565ccbcf6423297a134
STRUCT,STRUCT,integration_serial,test/IntegrationTest_serial/issue167_triarg/query.rql,False,compiled,0,0,0,90e556257589108c84a70b5bbb09af5c1217c7121c22aa7dd2e5cd32308be42b,2c93d6b5c989af079979fb8d2cba83f0c5f1b8f505ceb648389f1a1b73d49c5c
STRUCT,STRUCT,integration_serial,test/IntegrationTest_serial/issue202_hash_shift_e2e/query.rql,False,compiled,0,0,0,29d4e23d126d90d6e098b0900e3a38461bb30761c437282f468ba69d7e128cf1,5c7d52ad2ae16f96db7ae5342a0e6ba9d7b72de99b633d2c0f7fa978ba1a0d9d
STRUCT,STRUCT,integration_serial,test/IntegrationTest_serial/issue42_rule/query-42.rql,False,compiled,0,0,0,4ffb857784bdb2cd1f8b03c8a6c1c3db048b4db4f00543a655c607f74ba0c76e,05a4c4033f3ca3c4bfb0d7cff126bbf1166be157a414c49282492b57e8304869
STRUCT,STRUCT,integration_serial,test/IntegrationTest_serial/issue56_timeshift/query-51.rql,False,compiled,0,0,0,b6315b36799829756a14cc67b0ca891458e2ab8c6485ff47f7ee56cbbe2b4951,328ba6bca0c0583b18d2f70aa6a77b52a23b71e71279585495aca30de4472d78
STRUCT,STRUCT,integration_serial,test/IntegrationTest_serial/issue61_tmpmem/query-61.rql,False,compiled,0,0,0,8d26530c4b1bd8eae728a21f9b031c5eddba5c6bba1ff2b0d4d4ef588411c18a,328ba6bca0c0583b18d2f70aa6a77b52a23b71e71279585495aca30de4472d78
STRUCT,STRUCT,integration_serial,test/IntegrationTest_serial/issue6_adhoc/query-6.rql,False,compiled,0,0,0,ac22f73bec26150a28f46a3f017ac7045324b0ceb2e000fc0babd7ed927efb19,05a4c4033f3ca3c4bfb0d7cff126bbf1166be157a414c49282492b57e8304869
STRUCT,STRUCT,integration_serial,test/IntegrationTest_serial/k19_boundaries/query.rql,False,compiled,0,0,0,a566b7961ac11e8a2bde704c159004832695ffca8f803b02fd6be2213de3f172,8d3c27844ee6c3db8131c27c7e7f008443a3ed79e9ca7d3e64ba6637fed62f73
STRUCT,STRUCT,integration_serial,test/IntegrationTest_serial/null_divide_by_zero/query.rql,False,compiled,0,0,0,bcbd03a703fe51998a010c9ac914791e4846c0d4eac6c28a8748fb83f2b9f918,05a4c4033f3ca3c4bfb0d7cff126bbf1166be157a414c49282492b57e8304869
STRUCT,STRUCT,integration_serial,test/IntegrationTest_serial/operations/query.rql,False,compiled,0,0,0,1acfbb37d9382d8688b8de870ff5c082e7895995619d4be7db5d7e10143bff07,30b874e45398b701780194d6a6f95324a2edcb45eb9cdaec7f1c4992fa985b43
STRUCT,STRUCT,integration_serial,test/IntegrationTest_serial/optimizer_ablation/query.rql,False,compiled,0,0,0,1ab4a8df6140947eceac614d84983c337bb8b08f5ec3b885c83bbe424caa2de4,168db71a3945734a30475c245ba9b9f46db0be088d1bbc023bcaa54cb59a29d4
STRUCT,STRUCT,integration_serial,test/IntegrationTest_serial/r1_identity_nulls/query.rql,False,compiled,0,0,0,a619b6c71acc8b2ca09ff9584b59cfba7b1912750cb7afff917ead61747b9dcf,c103d6edee068a21903362d6403113c4716e3b71aa9c6afbaabbbc030d499c2d
STRUCT,STRUCT,integration_serial,test/IntegrationTest_serial/rotation_test/query.rql,False,compiled,0,0,0,a5f4b566c3e88bb483a528eda7d0d88f189fdfc62025242344be94c2649f1024,05a4c4033f3ca3c4bfb0d7cff126bbf1166be157a414c49282492b57e8304869
STRUCT,STRUCT,integration_serial,test/IntegrationTest_serial/select_cse_commutative_add/query.rql,False,compiled,0,0,0,0842c42b7e93fbac7ccd6c70ac402b549503f775d70455592d416fd6af9dcaaa,0fd369a5667862cdc991aad9f55531d2dbaaa0602962c8ab13480e49080ebae2
STRUCT,STRUCT,integration_serial,test/IntegrationTest_serial/simple/query.rql,False,compiled,0,0,0,c359ac55ae277d5235762e94855616944ab013f351c66d1c66b1bc1d455629f3,30b874e45398b701780194d6a6f95324a2edcb45eb9cdaec7f1c4992fa985b43
STRUCT,STRUCT,integration_serial,test/IntegrationTest_serial/simple_max/query.rql,False,compiled,0,0,0,aa6891da523b5bec820e24b2b493d972fda2c72c845d229fc8583167f4180d51,2c600d562c0249cccd6133f191d096fe089f7c32ebb9817b8150297655c18e6d
STRUCT,STRUCT,integration_serial,test/IntegrationTest_serial/xqry_elem_limit/query.rql,False,compiled,0,0,0,c6bc611840716c3c070922ee9baedf3ff7d80290f628cf72dfc90b978d512d5d,05a4c4033f3ca3c4bfb0d7cff126bbf1166be157a414c49282492b57e8304869
STRUCT,STRUCT,integration_parallel,test/IntegrationTest_parallel/Pattern1/query.rql,False,compiled,0,0,0,501b0c6819243ceaa155d4b2842022d5cda6d52105a672802c3ae94b40b5f87d,2c600d562c0249cccd6133f191d096fe089f7c32ebb9817b8150297655c18e6d
STRUCT,STRUCT,integration_parallel,test/IntegrationTest_parallel/Pattern2/query.rql,False,compiled,0,0,0,0d9795fcc2cb823b262899ba6ea6995278cab381bf1ee34005a6dfa4e37ff753,6d4ad8d07278af975115a10ec6b71c93f540139b4ee84ef4b37ce2d04d10d4f4
STRUCT,STRUCT,integration_parallel,test/IntegrationTest_parallel/Pattern3/query-unfold.rql,False,compiled,0,0,0,f15ef89844caba0a5efdcddad987bd75515cb80b853a1712d2f1ad5dcdaf8cfc,5bdecd6f180b19671acba25215e1fbab3d7e3e3583a7312a6342f4a7812c565d
STRUCT,STRUCT,integration_parallel,test/IntegrationTest_parallel/Pattern4/query-crc.rql,False,compiled,0,0,0,a0c345d376bf61dfaa67d004193a71e9edbec18beffaef672711d35b201abb43,5bdecd6f180b19671acba25215e1fbab3d7e3e3583a7312a6342f4a7812c565d
STRUCT,STRUCT,integration_parallel,test/IntegrationTest_parallel/Pattern6/query.rql,False,compiled,0,0,0,e5dec026f2158aeac3aabb1e26590e3920f648ca07fe43f04002dd6f13595e22,cbfc273c726a56b89f2f4b23d1a4f4e3a13baad026c89389cc9dd1e7d7dbad79
STRUCT,STRUCT,integration_parallel,test/IntegrationTest_parallel/Pattern7/query.rql,False,compiled,0,0,0,0d77a67407d200f4c469964b14fc325ecafa75da799f87123b4fd38f06facdc2,40939aeb3833da36ec697f2fc7a27fcbbf5d9d0976bb60a7687dbcf96696ba92
STRUCT,STRUCT,integration_parallel,test/IntegrationTest_parallel/dsp/query.rql,False,compiled,0,0,0,fb35bd51206ccb40c012da8f4f8e22b2e2dcf0b61a96642144b6272ea9c50235,8d3c27844ee6c3db8131c27c7e7f008443a3ed79e9ca7d3e64ba6637fed62f73
STRUCT,STRUCT,integration_parallel,test/IntegrationTest_parallel/issue202_hash_shift_factorization/matched.rql,False,compiled,0,0,0,91e21a4e2f9c1809cf237454cee2b8e806fc7ec2f31b3552ca5956291f47781d,a94fbf8925f79a5fa23029f89da39123175fa3aa615b550a7284b5fa82f135ad
STRUCT,STRUCT,integration_parallel,test/IntegrationTest_parallel/issue202_hash_shift_factorization/unmatched.rql,False,compiled,0,0,0,e8e891a95e8475e2a078aba5569454c2a4037b4b3b6bf60a992e9373fe4b75c0,a94fbf8925f79a5fa23029f89da39123175fa3aa615b550a7284b5fa82f135ad
STRUCT,STRUCT,integration_parallel,test/IntegrationTest_parallel/issue202_hash_shift_factorization/zero.rql,False,compiled,0,0,0,fbd3785e7a1779fd3d2752260a1b0939f3682d1822e91e3029c5f42134493ce0,a94fbf8925f79a5fa23029f89da39123175fa3aa615b550a7284b5fa82f135ad
STRUCT,STRUCT,integration_parallel,test/IntegrationTest_parallel/issue31_doc/q-31.a.rql,False,compiled,0,0,0,5bd21c1a7310663a8f31ec039f49e8fbea203c6c3251c0deb7ee132aa02488c9,30b874e45398b701780194d6a6f95324a2edcb45eb9cdaec7f1c4992fa985b43
STRUCT,STRUCT,integration_parallel,test/IntegrationTest_parallel/issue31_doc/q-31.b.rql,False,compiled,0,0,0,a61aab3c759baa3b2c8a1e604c63656092a59a827d9ffaf0c68b7f452e173b5f,cc80fbcc6f24697ec664597728ea3c35275cfaaa1a97102ce2372b71f2ff2422
STRUCT,STRUCT,integration_parallel,test/IntegrationTest_parallel/issue31_doc/q-31.c.rql,False,compiled,0,0,0,a4d010b80e5fe90a9af80dc7822f3cd5b99c4fe4694a80fdf9118109fc672936,328ba6bca0c0583b18d2f70aa6a77b52a23b71e71279585495aca30de4472d78
STRUCT,STRUCT,integration_parallel,test/IntegrationTest_parallel/issue31_doc/q-31.d.rql,False,compiled,0,0,0,69c6a19a6d78359de1ad280addfa5539961b7e7582d51768e77c73b48fbc6525,cc80fbcc6f24697ec664597728ea3c35275cfaaa1a97102ce2372b71f2ff2422
STRUCT,STRUCT,integration_parallel,test/IntegrationTest_parallel/issue95_loopInCompile/brokenQuery.rql,True,expected_failure,71,,,e3b0c44298fc1c149afbf4c8996fb92427ae41e4649b934ca495991b7852b855,dbca8333fd0a15909090227aa408d16f999313dc09b2ae9e2c648f0ce64eda02
STRUCT,STRUCT,integration_parallel,test/IntegrationTest_parallel/issue96_no_substrat_reduction/queryNoSubstrat.rql,False,compiled,0,0,0,2668bd5ff06768350b0f0c6b2b749fcff8c663f9fdc3233839196ec1c6bd71f8,cbfc273c726a56b89f2f4b23d1a4f4e3a13baad026c89389cc9dd1e7d7dbad79
STRUCT,STRUCT,integration_parallel,test/IntegrationTest_parallel/issue96_substrat_reference/queryWithSubstrats.rql,False,compiled,0,0,0,677022b1f44c0f7928eb58099f15eaea562f1d664d0d9402fa5cec202514e87a,209ef6985059027f7954a835f01e21b48982482e0a89a282a32041f83b7f5e42
STRUCT,STRUCT,integration_parallel,test/IntegrationTest_parallel/subquery/query.rql,False,compiled,0,0,0,9e01bdd5e760b87d8e4a0d935f17427591d3ecddd0f336e223a31e907da40c97,a3f3fa6c814330a80fe7ad5136f83f32681c74322e001c53614fa6b6b5668cb5
STRUCT,STRUCT,examples,examples/agse/query.rql,False,compiled,0,0,0,ff480c283cc442175a94ea7a89286f68f202699e7f4ba5fefdbb4414bac1fb4e,2c600d562c0249cccd6133f191d096fe089f7c32ebb9817b8150297655c18e6d
STRUCT,STRUCT,examples,examples/doc-compiler/ex.1/query.rql,False,compiled,0,0,0,2280ea8ee22e5370d1397533220128c7c7423982997aa1c40dcf820affc278fe,8e0d6a96e1ebfeca0023ac9ea7554e61f8cf19ace6c9a4f4d737c8cff2cc26fa
STRUCT,STRUCT,examples,examples/ecg/rec205/rec205-detect.rql,False,compiled,0,0,0,3c8f8ea26fd67baaa7e78e3c1b2335bf723772293922d5332bb124b7e62ac621,06f2007739450c4679fc8c805ec24db1a2a8e96c011570863eb722ea11f27501
STRUCT,STRUCT,examples,examples/ecg/rec205/rec205-qrs.rql,False,compiled,0,0,0,206ce1d61e2cf4d9e383c16338c5918bbccdfaba8e00ef703f15fb2cb68aafed,c61dc415eea840d837fe14d9e13c4b0e8bca3d9e300ef3c590a42aeaa9225612
STRUCT,STRUCT,examples,examples/ecg/rec205/rec205-replay.rql,False,compiled,0,0,0,7f9b20a89d7bd1e8b5afbc1d8eceeaecede4100831565b99b316291b59cb1315,05a4c4033f3ca3c4bfb0d7cff126bbf1166be157a414c49282492b57e8304869
STRUCT,STRUCT,examples,examples/issue-set/expression/query.rql,False,compiled,0,0,0,02a3450259a6c95e46fa5e64e7a67cf050a642e809d441edd93252dd1b9992e2,05a4c4033f3ca3c4bfb0d7cff126bbf1166be157a414c49282492b57e8304869
STRUCT,STRUCT,examples,examples/issue-set/multi-read/issue-multiple-read-form-one-file.rql,False,compiled,0,0,0,7c47e26f50afe57135e902dadb2538408c7846b5be03c8838cdc5370f0d32c80,1b2516306f8d28a090e9ba1741b923eb3e095df4333d09fb8eb2f3ce23058aa5
STRUCT,STRUCT,examples,examples/mwd/query-mwnd.rql,True,expected_failure,1,,,e3b0c44298fc1c149afbf4c8996fb92427ae41e4649b934ca495991b7852b855,6f762a5c3d971eec9192a7fccf20e98846da447e9266a9de565e27b11d0b9500
STRUCT,STRUCT,examples,examples/mwd/query-mwnd2.rql,True,expected_failure,1,,,e3b0c44298fc1c149afbf4c8996fb92427ae41e4649b934ca495991b7852b855,512d172bd53d9e30db1bb9a0ca96ebfc19170448264a5004cb6b22f866573bf4
STRUCT,STRUCT,examples,examples/mwd/query-mwnd3.rql,False,compiled,0,0,0,3de66ddd54917b8ee01067f20453f248a269f5ae2a56f1fd19f2b5752b7784c5,cbfc273c726a56b89f2f4b23d1a4f4e3a13baad026c89389cc9dd1e7d7dbad79
STRUCT,STRUCT,examples,examples/mwd/query-mwnd4.rql,False,compiled,0,0,0,c0140b3fc346740d636926281cda9218319d25473fc3f8b7358c6e45b0157565,cc80fbcc6f24697ec664597728ea3c35275cfaaa1a97102ce2372b71f2ff2422
STRUCT,STRUCT,examples,examples/rmpy/adhoc-record/query.rql,False,compiled,0,0,0,e21357978697916bdf5885ee76419dbb14127ee51517feb05d7e955ebcfde31d,05a4c4033f3ca3c4bfb0d7cff126bbf1166be157a414c49282492b57e8304869
STRUCT,STRUCT,examples,examples/rmpy/qplan1.rql,False,compiled,0,0,0,da6cbeae535a7a0cffd7349dcf0320e3b5604c195f7d54aeafa77adb53133066,30b874e45398b701780194d6a6f95324a2edcb45eb9cdaec7f1c4992fa985b43
STRUCT,STRUCT,examples,examples/rmpy/qplan2.rql,False,compiled,0,0,0,bd44e4b1ce719cbcacc427ab2ce6c3839562173485d71cfe31e09e50f4081439,30b874e45398b701780194d6a6f95324a2edcb45eb9cdaec7f1c4992fa985b43
STRUCT,STRUCT,examples,examples/rmpy/qplan3.rql,False,compiled,0,0,0,76f9ded8c6b4832b7c6034dca2c442f7b65e8b8398f2a81689724c6023601789,cbfc273c726a56b89f2f4b23d1a4f4e3a13baad026c89389cc9dd1e7d7dbad79
STRUCT,STRUCT,examples,examples/rmpy/query.rql,False,compiled,0,0,0,f29240c8399cf533953be77da6ec45e6d84391c35073d4bb6aea0eb4c4fe3ff1,30b874e45398b701780194d6a6f95324a2edcb45eb9cdaec7f1c4992fa985b43
STRUCT,STRUCT,examples,examples/rmpy/query2.rql,False,compiled,0,0,0,2f874152104c8b0aa6c8661467e1f66e17cac2ea80e171e3a672cedfbd99b263,30b874e45398b701780194d6a6f95324a2edcb45eb9cdaec7f1c4992fa985b43
STRUCT,STRUCT,examples,examples/rmpy/query3.rql,False,compiled,0,0,0,21a1069674f06d83e426409ff0924030673262ae51a7e3c901a241801194ab4c,30b874e45398b701780194d6a6f95324a2edcb45eb9cdaec7f1c4992fa985b43
STRUCT,STRUCT,examples,examples/rmpy/query4.rql,False,compiled,0,0,0,b1afce3b90af7ec81a5f9ed413f7667753073fb40cf4ce64acd81bdc3f907b97,e90e6585580d53e076eeb2be60708edc4cff7420d51301ec1129c163109136ed
STRUCT,STRUCT,examples,examples/rmpy/query5.rql,False,compiled,0,0,0,fc2902d0e3b744ce15a4c0e13224ef4753afc70b88ce58c8bb00c8a579e39cb5,58b6ec2c4bbc6793ce5e59bed5524c9049f9eda17714e71f2b56aae4f9891e03
STRUCT,STRUCT,examples,examples/rmpy/query6.rql,False,compiled,0,0,0,3dc12d4593a6e836968c24113f80b8af35a383aab32e545ecb07e75ea5a7c4e6,30b874e45398b701780194d6a6f95324a2edcb45eb9cdaec7f1c4992fa985b43
STRUCT,STRUCT,examples,examples/rmpy/query7.rql,False,compiled,0,0,0,3783d9ee2824879b5e7bd2fb5617079ccc87b34c035d1a6f6b0650d680b927e3,30b874e45398b701780194d6a6f95324a2edcb45eb9cdaec7f1c4992fa985b43
STRUCT,STRUCT,examples,examples/rmpy/query8.rql,False,compiled,0,0,0,6d7a6524ae6b33f62490f3de543c9dc795ea5e50609df5fd1c8e5ce67bd8aa80,d370253f32b8b550829b166b771c558d2073b6a8fbffbea2d9f4756e39323fff
STRUCT,STRUCT,examples,examples/rmpy/query9.rql,False,compiled,0,0,0,8bfa23a65eaa454d8f2c3d558cce9fd958258c307edb09384635595f9493325c,784587cb40f71966e2dc08b15379f43bbee7750b3736e5d2c69819d1a67a8598
STRUCT,STRUCT,examples,examples/session-record-1/query.rql,False,compiled,0,0,0,49085538dd1693b5f5dec829ce006f43ed10c5286f9f3ac966b68e3b51cd6809,eda50eb95d7f7e2659fdb1c21b9ecd47555869c0e9871010430e1d55da0e5ca4
STRUCT+R1,STRUCT_R1,integration_serial,test/IntegrationTest_serial/Data/query-all.rql,False,compiled,0,0,0,000322739877c86e14a42bff01e1b641117120bb6218524bad584a5984186e86,e24355a2b3b43135a93cb891db26fa696cbda31645ab0ee57fa702cfea00becd
STRUCT+R1,STRUCT_R1,integration_serial,test/IntegrationTest_serial/Data/query-lnx.rql,False,compiled,0,0,0,cf838a68480585d15283360f0b9f74703b45c33effbcf1449e04a77b8695d140,e24355a2b3b43135a93cb891db26fa696cbda31645ab0ee57fa702cfea00becd
STRUCT+R1,STRUCT_R1,integration_serial,test/IntegrationTest_serial/Data/query.rql,True,expected_failure,1,,,e3b0c44298fc1c149afbf4c8996fb92427ae41e4649b934ca495991b7852b855,845418e4af03903155059878557b69157528802aae3e0f09a6510d4c21e2972d
STRUCT+R1,STRUCT_R1,integration_serial,test/IntegrationTest_serial/Data/ut_example.rql,True,expected_failure,4,,,e3b0c44298fc1c149afbf4c8996fb92427ae41e4649b934ca495991b7852b855,cdf0b0046550c6d7a696d65b9f2fb393ff93c14782ffcf42c31a9f11196e1319
STRUCT+R1,STRUCT_R1,integration_serial,test/IntegrationTest_serial/agse1/query.rql,False,compiled,0,0,0,75f688c9c0f9f8e4abaeb15b71576d20113593f92172a53e71b06a864f163dec,8d3c27844ee6c3db8131c27c7e7f008443a3ed79e9ca7d3e64ba6637fed62f73
STRUCT+R1,STRUCT_R1,integration_serial,test/IntegrationTest_serial/agse2/query.rql,False,compiled,0,0,0,791831e7a8c2336f1c3d45136c7fb9e5105adc1984f95fdd8e0ea0110f6961cf,8d3c27844ee6c3db8131c27c7e7f008443a3ed79e9ca7d3e64ba6637fed62f73
STRUCT+R1,STRUCT_R1,integration_serial,test/IntegrationTest_serial/agse3/query.rql,False,compiled,0,0,0,a103813a3b317a92c25b2d3446a5270ab2a8d505969dfd3ffeb19def4555e9cb,eda50eb95d7f7e2659fdb1c21b9ecd47555869c0e9871010430e1d55da0e5ca4
STRUCT+R1,STRUCT_R1,integration_serial,test/IntegrationTest_serial/consistency/query-consitency.rql,False,compiled,0,0,0,da33fdc7deba47789d4bd0cf0f5f48b17d9d72e75e279ba2e3aaad7a238957ec,a039cd41505a91faf229d84327ad3ecc4ae4b0885b6d96ee55b28c6f8d828c18
STRUCT+R1,STRUCT_R1,integration_serial,test/IntegrationTest_serial/deinterleave_roundtrip/query.rql,False,compiled,0,0,0,50bf4545ed024edc5c34412acf389d5e9b906b8873e6cca717390d8e6c374a32,fd34b29d2d0896d5152374cbab9786b98e89e46035fdb597f08e3575e8445018
STRUCT+R1,STRUCT_R1,integration_serial,test/IntegrationTest_serial/issue113_meta_internal/query.rql,False,compiled,0,0,0,d611b913284706bf103bb959457d67832f2ffd3caab6caf25f8104bbdacc1dbd,05a4c4033f3ca3c4bfb0d7cff126bbf1166be157a414c49282492b57e8304869
STRUCT+R1,STRUCT_R1,integration_serial,test/IntegrationTest_serial/issue113_meta_xtrdb/query.rql,False,compiled,0,0,0,d611b913284706bf103bb959457d67832f2ffd3caab6caf25f8104bbdacc1dbd,05a4c4033f3ca3c4bfb0d7cff126bbf1166be157a414c49282492b57e8304869
STRUCT+R1,STRUCT_R1,integration_serial,test/IntegrationTest_serial/issue113_null_skip/query.rql,False,compiled,0,0,0,d611b913284706bf103bb959457d67832f2ffd3caab6caf25f8104bbdacc1dbd,05a4c4033f3ca3c4bfb0d7cff126bbf1166be157a414c49282492b57e8304869
STRUCT+R1,STRUCT_R1,integration_serial,test/IntegrationTest_serial/issue113_null_xqry/query.rql,False,compiled,0,0,0,d611b913284706bf103bb959457d67832f2ffd3caab6caf25f8104bbdacc1dbd,05a4c4033f3ca3c4bfb0d7cff126bbf1166be157a414c49282492b57e8304869
STRUCT+R1,STRUCT_R1,integration_serial,test/IntegrationTest_serial/issue121_isnull/query.rql,False,compiled,0,0,0,72a152c10e9f69b60421c7cfc589f3cd4bbdee8b2100d4bba548a108d7079a56,05a4c4033f3ca3c4bfb0d7cff126bbf1166be157a414c49282492b57e8304869
STRUCT+R1,STRUCT_R1,integration_serial,test/IntegrationTest_serial/issue121_null_propagation/query.rql,False,compiled,0,0,0,79e93c7808eff1453b4f7f62e13561540d0c7e9aafe8f9bfc7002a54eefd2282,05a4c4033f3ca3c4bfb0d7cff126bbf1166be157a414c49282492b57e8304869
STRUCT+R1,STRUCT_R1,integration_serial,test/IntegrationTest_serial/issue128_numeric_to_string/query.rql,False,compiled,0,0,0,808a8d3b8d8b28464337e2a4402a3817016b751f99463255a123b5935abf8f1e,05a4c4033f3ca3c4bfb0d7cff126bbf1166be157a414c49282492b57e8304869
STRUCT+R1,STRUCT_R1,integration_serial,test/IntegrationTest_serial/issue128_string_to_numeric/query.rql,False,compiled,0,0,0,ee962bb260264b1dd25b69256c154ca5c82ef45831f21b6affd5d932b2f778c8,05a4c4033f3ca3c4bfb0d7cff126bbf1166be157a414c49282492b57e8304869
STRUCT+R1,STRUCT_R1,integration_serial,test/IntegrationTest_serial/issue167_dedup_cascaded/query.rql,False,compiled,0,0,0,805618f7d52ce7b49f03e0b54a94df8aacb9a208417d29d58680c28fd8172bbd,dd76e77ba9ce7000323ed2408b63b7efbfee83330c437b02ae4a8483c0215d43
STRUCT+R1,STRUCT_R1,integration_serial,test/IntegrationTest_serial/issue167_dedup_field_names/query.rql,False,compiled,0,0,0,e120279f10652a9090be2503bf800e42e76fcb11db3ee00781d83bf171c0962c,f336c41e6aaa9d592fadf3f24f2594e0636f8e6f5f08c565ccbcf6423297a134
STRUCT+R1,STRUCT_R1,integration_serial,test/IntegrationTest_serial/issue167_dedup_nonzero_offset/query.rql,False,compiled,0,0,0,08f52612810ecbd45142059f5308f1001d084ab64b1a6fa81e892da28b2dfccd,d820cc0c5ed7be7dc38203a2e393ba9c88b7ee6c261d6db2db341e7e7f433f79
STRUCT+R1,STRUCT_R1,integration_serial,test/IntegrationTest_serial/issue167_dedup_positive/query.rql,False,compiled,0,0,0,ef508dff89ee2b1b216805bea0f2379f2eca7060ebc8dd34d270286211d9d868,f336c41e6aaa9d592fadf3f24f2594e0636f8e6f5f08c565ccbcf6423297a134
STRUCT+R1,STRUCT_R1,integration_serial,test/IntegrationTest_serial/issue167_triarg/query.rql,False,compiled,0,0,0,90e556257589108c84a70b5bbb09af5c1217c7121c22aa7dd2e5cd32308be42b,2c93d6b5c989af079979fb8d2cba83f0c5f1b8f505ceb648389f1a1b73d49c5c
STRUCT+R1,STRUCT_R1,integration_serial,test/IntegrationTest_serial/issue202_hash_shift_e2e/query.rql,False,compiled,0,1,0,082df6eafc8bc440aa1c44f4e1ba5e9e330398744880fd23fef25ce9d3a2712e,4c5fc4762b6994fdc0bc9a61509cc23342ce6998661c0259449e8dec8f0f93fe
STRUCT+R1,STRUCT_R1,integration_serial,test/IntegrationTest_serial/issue42_rule/query-42.rql,False,compiled,0,0,0,4ffb857784bdb2cd1f8b03c8a6c1c3db048b4db4f00543a655c607f74ba0c76e,05a4c4033f3ca3c4bfb0d7cff126bbf1166be157a414c49282492b57e8304869
STRUCT+R1,STRUCT_R1,integration_serial,test/IntegrationTest_serial/issue56_timeshift/query-51.rql,False,compiled,0,0,0,b6315b36799829756a14cc67b0ca891458e2ab8c6485ff47f7ee56cbbe2b4951,328ba6bca0c0583b18d2f70aa6a77b52a23b71e71279585495aca30de4472d78
STRUCT+R1,STRUCT_R1,integration_serial,test/IntegrationTest_serial/issue61_tmpmem/query-61.rql,False,compiled,0,0,0,8d26530c4b1bd8eae728a21f9b031c5eddba5c6bba1ff2b0d4d4ef588411c18a,328ba6bca0c0583b18d2f70aa6a77b52a23b71e71279585495aca30de4472d78
STRUCT+R1,STRUCT_R1,integration_serial,test/IntegrationTest_serial/issue6_adhoc/query-6.rql,False,compiled,0,0,0,ac22f73bec26150a28f46a3f017ac7045324b0ceb2e000fc0babd7ed927efb19,05a4c4033f3ca3c4bfb0d7cff126bbf1166be157a414c49282492b57e8304869
STRUCT+R1,STRUCT_R1,integration_serial,test/IntegrationTest_serial/k19_boundaries/query.rql,False,compiled,0,0,0,a566b7961ac11e8a2bde704c159004832695ffca8f803b02fd6be2213de3f172,8d3c27844ee6c3db8131c27c7e7f008443a3ed79e9ca7d3e64ba6637fed62f73
STRUCT+R1,STRUCT_R1,integration_serial,test/IntegrationTest_serial/null_divide_by_zero/query.rql,False,compiled,0,0,0,bcbd03a703fe51998a010c9ac914791e4846c0d4eac6c28a8748fb83f2b9f918,05a4c4033f3ca3c4bfb0d7cff126bbf1166be157a414c49282492b57e8304869
STRUCT+R1,STRUCT_R1,integration_serial,test/IntegrationTest_serial/operations/query.rql,False,compiled,0,0,0,1acfbb37d9382d8688b8de870ff5c082e7895995619d4be7db5d7e10143bff07,30b874e45398b701780194d6a6f95324a2edcb45eb9cdaec7f1c4992fa985b43
STRUCT+R1,STRUCT_R1,integration_serial,test/IntegrationTest_serial/optimizer_ablation/query.rql,False,compiled,0,1,0,11943ac9f846ad1c6fdcd63e5bf636a8085d3f684b83623e7db24699d69198d1,ec608332e22582807089c2651b94d94b95a056058e96477a306cd81e8cdc685f
STRUCT+R1,STRUCT_R1,integration_serial,test/IntegrationTest_serial/r1_identity_nulls/query.rql,False,compiled,0,1,0,a8922051e5a6b2a660b8f1cf9c1fcc5f0e2b9db32cc89822fb92a0b1a3d683c8,72d7c872101eb9383ad992029a59322c73d63d65093f583c2ebcf4ed4eb97126
STRUCT+R1,STRUCT_R1,integration_serial,test/IntegrationTest_serial/rotation_test/query.rql,False,compiled,0,0,0,a5f4b566c3e88bb483a528eda7d0d88f189fdfc62025242344be94c2649f1024,05a4c4033f3ca3c4bfb0d7cff126bbf1166be157a414c49282492b57e8304869
STRUCT+R1,STRUCT_R1,integration_serial,test/IntegrationTest_serial/select_cse_commutative_add/query.rql,False,compiled,0,0,0,0842c42b7e93fbac7ccd6c70ac402b549503f775d70455592d416fd6af9dcaaa,0fd369a5667862cdc991aad9f55531d2dbaaa0602962c8ab13480e49080ebae2
STRUCT+R1,STRUCT_R1,integration_serial,test/IntegrationTest_serial/simple/query.rql,False,compiled,0,0,0,c359ac55ae277d5235762e94855616944ab013f351c66d1c66b1bc1d455629f3,30b874e45398b701780194d6a6f95324a2edcb45eb9cdaec7f1c4992fa985b43
STRUCT+R1,STRUCT_R1,integration_serial,test/IntegrationTest_serial/simple_max/query.rql,False,compiled,0,0,0,aa6891da523b5bec820e24b2b493d972fda2c72c845d229fc8583167f4180d51,2c600d562c0249cccd6133f191d096fe089f7c32ebb9817b8150297655c18e6d
STRUCT+R1,STRUCT_R1,integration_serial,test/IntegrationTest_serial/xqry_elem_limit/query.rql,False,compiled,0,0,0,c6bc611840716c3c070922ee9baedf3ff7d80290f628cf72dfc90b978d512d5d,05a4c4033f3ca3c4bfb0d7cff126bbf1166be157a414c49282492b57e8304869
STRUCT+R1,STRUCT_R1,integration_parallel,test/IntegrationTest_parallel/Pattern1/query.rql,False,compiled,0,0,0,501b0c6819243ceaa155d4b2842022d5cda6d52105a672802c3ae94b40b5f87d,2c600d562c0249cccd6133f191d096fe089f7c32ebb9817b8150297655c18e6d
STRUCT+R1,STRUCT_R1,integration_parallel,test/IntegrationTest_parallel/Pattern2/query.rql,False,compiled,0,0,0,0d9795fcc2cb823b262899ba6ea6995278cab381bf1ee34005a6dfa4e37ff753,6d4ad8d07278af975115a10ec6b71c93f540139b4ee84ef4b37ce2d04d10d4f4
STRUCT+R1,STRUCT_R1,integration_parallel,test/IntegrationTest_parallel/Pattern3/query-unfold.rql,False,compiled,0,0,0,f15ef89844caba0a5efdcddad987bd75515cb80b853a1712d2f1ad5dcdaf8cfc,5bdecd6f180b19671acba25215e1fbab3d7e3e3583a7312a6342f4a7812c565d
STRUCT+R1,STRUCT_R1,integration_parallel,test/IntegrationTest_parallel/Pattern4/query-crc.rql,False,compiled,0,0,0,a0c345d376bf61dfaa67d004193a71e9edbec18beffaef672711d35b201abb43,5bdecd6f180b19671acba25215e1fbab3d7e3e3583a7312a6342f4a7812c565d
STRUCT+R1,STRUCT_R1,integration_parallel,test/IntegrationTest_parallel/Pattern6/query.rql,False,compiled,0,0,0,e5dec026f2158aeac3aabb1e26590e3920f648ca07fe43f04002dd6f13595e22,cbfc273c726a56b89f2f4b23d1a4f4e3a13baad026c89389cc9dd1e7d7dbad79
STRUCT+R1,STRUCT_R1,integration_parallel,test/IntegrationTest_parallel/Pattern7/query.rql,False,compiled,0,0,0,0d77a67407d200f4c469964b14fc325ecafa75da799f87123b4fd38f06facdc2,40939aeb3833da36ec697f2fc7a27fcbbf5d9d0976bb60a7687dbcf96696ba92
STRUCT+R1,STRUCT_R1,integration_parallel,test/IntegrationTest_parallel/dsp/query.rql,False,compiled,0,0,0,fb35bd51206ccb40c012da8f4f8e22b2e2dcf0b61a96642144b6272ea9c50235,8d3c27844ee6c3db8131c27c7e7f008443a3ed79e9ca7d3e64ba6637fed62f73
STRUCT+R1,STRUCT_R1,integration_parallel,test/IntegrationTest_parallel/issue202_hash_shift_factorization/matched.rql,False,compiled,0,1,0,91248f658bcbc517e239bfc2ae731d17f81c05003f2ffb08a0f5be0dc1bd52d6,e8fde28ee16ece53302dd0cc095f0480d1ef5bd92da4265e18f553d2e1e0dc86
STRUCT+R1,STRUCT_R1,integration_parallel,test/IntegrationTest_parallel/issue202_hash_shift_factorization/unmatched.rql,False,compiled,0,0,0,e8e891a95e8475e2a078aba5569454c2a4037b4b3b6bf60a992e9373fe4b75c0,a94fbf8925f79a5fa23029f89da39123175fa3aa615b550a7284b5fa82f135ad
STRUCT+R1,STRUCT_R1,integration_parallel,test/IntegrationTest_parallel/issue202_hash_shift_factorization/zero.rql,False,compiled,0,1,0,2b2bbf33ddb63f43a1c94f4b63a4ea0e74f6f049cf729f06278d64bb746b1d56,6d62469c978524812ef7d5f5c431f5a7841a3fe484016f93e500c928b383ad26
STRUCT+R1,STRUCT_R1,integration_parallel,test/IntegrationTest_parallel/issue31_doc/q-31.a.rql,False,compiled,0,0,0,5bd21c1a7310663a8f31ec039f49e8fbea203c6c3251c0deb7ee132aa02488c9,30b874e45398b701780194d6a6f95324a2edcb45eb9cdaec7f1c4992fa985b43
STRUCT+R1,STRUCT_R1,integration_parallel,test/IntegrationTest_parallel/issue31_doc/q-31.b.rql,False,compiled,0,0,0,a61aab3c759baa3b2c8a1e604c63656092a59a827d9ffaf0c68b7f452e173b5f,cc80fbcc6f24697ec664597728ea3c35275cfaaa1a97102ce2372b71f2ff2422
STRUCT+R1,STRUCT_R1,integration_parallel,test/IntegrationTest_parallel/issue31_doc/q-31.c.rql,False,compiled,0,0,0,a4d010b80e5fe90a9af80dc7822f3cd5b99c4fe4694a80fdf9118109fc672936,328ba6bca0c0583b18d2f70aa6a77b52a23b71e71279585495aca30de4472d78
STRUCT+R1,STRUCT_R1,integration_parallel,test/IntegrationTest_parallel/issue31_doc/q-31.d.rql,False,compiled,0,0,0,69c6a19a6d78359de1ad280addfa5539961b7e7582d51768e77c73b48fbc6525,cc80fbcc6f24697ec664597728ea3c35275cfaaa1a97102ce2372b71f2ff2422
STRUCT+R1,STRUCT_R1,integration_parallel,test/IntegrationTest_parallel/issue95_loopInCompile/brokenQuery.rql,True,expected_failure,71,,,e3b0c44298fc1c149afbf4c8996fb92427ae41e4649b934ca495991b7852b855,65139b361793eff76525dd2144dfbb08862cf6aa286f66e3c767048600cc6633
STRUCT+R1,STRUCT_R1,integration_parallel,test/IntegrationTest_parallel/issue96_no_substrat_reduction/queryNoSubstrat.rql,False,compiled,0,0,0,2668bd5ff06768350b0f0c6b2b749fcff8c663f9fdc3233839196ec1c6bd71f8,cbfc273c726a56b89f2f4b23d1a4f4e3a13baad026c89389cc9dd1e7d7dbad79
STRUCT+R1,STRUCT_R1,integration_parallel,test/IntegrationTest_parallel/issue96_substrat_reference/queryWithSubstrats.rql,False,compiled,0,0,0,677022b1f44c0f7928eb58099f15eaea562f1d664d0d9402fa5cec202514e87a,209ef6985059027f7954a835f01e21b48982482e0a89a282a32041f83b7f5e42
STRUCT+R1,STRUCT_R1,integration_parallel,test/IntegrationTest_parallel/subquery/query.rql,False,compiled,0,0,0,9e01bdd5e760b87d8e4a0d935f17427591d3ecddd0f336e223a31e907da40c97,a3f3fa6c814330a80fe7ad5136f83f32681c74322e001c53614fa6b6b5668cb5
STRUCT+R1,STRUCT_R1,examples,examples/agse/query.rql,False,compiled,0,0,0,ff480c283cc442175a94ea7a89286f68f202699e7f4ba5fefdbb4414bac1fb4e,2c600d562c0249cccd6133f191d096fe089f7c32ebb9817b8150297655c18e6d
STRUCT+R1,STRUCT_R1,examples,examples/doc-compiler/ex.1/query.rql,False,compiled,0,0,0,2280ea8ee22e5370d1397533220128c7c7423982997aa1c40dcf820affc278fe,8e0d6a96e1ebfeca0023ac9ea7554e61f8cf19ace6c9a4f4d737c8cff2cc26fa
STRUCT+R1,STRUCT_R1,examples,examples/ecg/rec205/rec205-detect.rql,False,compiled,0,0,0,3c8f8ea26fd67baaa7e78e3c1b2335bf723772293922d5332bb124b7e62ac621,06f2007739450c4679fc8c805ec24db1a2a8e96c011570863eb722ea11f27501
STRUCT+R1,STRUCT_R1,examples,examples/ecg/rec205/rec205-qrs.rql,False,compiled,0,0,0,206ce1d61e2cf4d9e383c16338c5918bbccdfaba8e00ef703f15fb2cb68aafed,c61dc415eea840d837fe14d9e13c4b0e8bca3d9e300ef3c590a42aeaa9225612
STRUCT+R1,STRUCT_R1,examples,examples/ecg/rec205/rec205-replay.rql,False,compiled,0,0,0,7f9b20a89d7bd1e8b5afbc1d8eceeaecede4100831565b99b316291b59cb1315,05a4c4033f3ca3c4bfb0d7cff126bbf1166be157a414c49282492b57e8304869
STRUCT+R1,STRUCT_R1,examples,examples/issue-set/expression/query.rql,False,compiled,0,0,0,02a3450259a6c95e46fa5e64e7a67cf050a642e809d441edd93252dd1b9992e2,05a4c4033f3ca3c4bfb0d7cff126bbf1166be157a414c49282492b57e8304869
STRUCT+R1,STRUCT_R1,examples,examples/issue-set/multi-read/issue-multiple-read-form-one-file.rql,False,compiled,0,0,0,7c47e26f50afe57135e902dadb2538408c7846b5be03c8838cdc5370f0d32c80,1b2516306f8d28a090e9ba1741b923eb3e095df4333d09fb8eb2f3ce23058aa5
STRUCT+R1,STRUCT_R1,examples,examples/mwd/query-mwnd.rql,True,expected_failure,1,,,e3b0c44298fc1c149afbf4c8996fb92427ae41e4649b934ca495991b7852b855,00a98a43f34dd4af31e73cbc52774ba295047dd2284898ebf2f23c95a7e4e7e5
STRUCT+R1,STRUCT_R1,examples,examples/mwd/query-mwnd2.rql,True,expected_failure,1,,,e3b0c44298fc1c149afbf4c8996fb92427ae41e4649b934ca495991b7852b855,f47b1cd21f6b3785cd311e157500eb4034440f355a85c39ed79df46bc40922d2
STRUCT+R1,STRUCT_R1,examples,examples/mwd/query-mwnd3.rql,False,compiled,0,0,0,3de66ddd54917b8ee01067f20453f248a269f5ae2a56f1fd19f2b5752b7784c5,cbfc273c726a56b89f2f4b23d1a4f4e3a13baad026c89389cc9dd1e7d7dbad79
STRUCT+R1,STRUCT_R1,examples,examples/mwd/query-mwnd4.rql,False,compiled,0,0,0,c0140b3fc346740d636926281cda9218319d25473fc3f8b7358c6e45b0157565,cc80fbcc6f24697ec664597728ea3c35275cfaaa1a97102ce2372b71f2ff2422
STRUCT+R1,STRUCT_R1,examples,examples/rmpy/adhoc-record/query.rql,False,compiled,0,0,0,e21357978697916bdf5885ee76419dbb14127ee51517feb05d7e955ebcfde31d,05a4c4033f3ca3c4bfb0d7cff126bbf1166be157a414c49282492b57e8304869
STRUCT+R1,STRUCT_R1,examples,examples/rmpy/qplan1.rql,False,compiled,0,0,0,da6cbeae535a7a0cffd7349dcf0320e3b5604c195f7d54aeafa77adb53133066,30b874e45398b701780194d6a6f95324a2edcb45eb9cdaec7f1c4992fa985b43
STRUCT+R1,STRUCT_R1,examples,examples/rmpy/qplan2.rql,False,compiled,0,0,0,bd44e4b1ce719cbcacc427ab2ce6c3839562173485d71cfe31e09e50f4081439,30b874e45398b701780194d6a6f95324a2edcb45eb9cdaec7f1c4992fa985b43
STRUCT+R1,STRUCT_R1,examples,examples/rmpy/qplan3.rql,False,compiled,0,0,0,76f9ded8c6b4832b7c6034dca2c442f7b65e8b8398f2a81689724c6023601789,cbfc273c726a56b89f2f4b23d1a4f4e3a13baad026c89389cc9dd1e7d7dbad79
STRUCT+R1,STRUCT_R1,examples,examples/rmpy/query.rql,False,compiled,0,0,0,f29240c8399cf533953be77da6ec45e6d84391c35073d4bb6aea0eb4c4fe3ff1,30b874e45398b701780194d6a6f95324a2edcb45eb9cdaec7f1c4992fa985b43
STRUCT+R1,STRUCT_R1,examples,examples/rmpy/query2.rql,False,compiled,0,0,0,2f874152104c8b0aa6c8661467e1f66e17cac2ea80e171e3a672cedfbd99b263,30b874e45398b701780194d6a6f95324a2edcb45eb9cdaec7f1c4992fa985b43
STRUCT+R1,STRUCT_R1,examples,examples/rmpy/query3.rql,False,compiled,0,0,0,21a1069674f06d83e426409ff0924030673262ae51a7e3c901a241801194ab4c,30b874e45398b701780194d6a6f95324a2edcb45eb9cdaec7f1c4992fa985b43
STRUCT+R1,STRUCT_R1,examples,examples/rmpy/query4.rql,False,compiled,0,0,0,b1afce3b90af7ec81a5f9ed413f7667753073fb40cf4ce64acd81bdc3f907b97,e90e6585580d53e076eeb2be60708edc4cff7420d51301ec1129c163109136ed
STRUCT+R1,STRUCT_R1,examples,examples/rmpy/query5.rql,False,compiled,0,0,0,fc2902d0e3b744ce15a4c0e13224ef4753afc70b88ce58c8bb00c8a579e39cb5,58b6ec2c4bbc6793ce5e59bed5524c9049f9eda17714e71f2b56aae4f9891e03
STRUCT+R1,STRUCT_R1,examples,examples/rmpy/query6.rql,False,compiled,0,0,0,3dc12d4593a6e836968c24113f80b8af35a383aab32e545ecb07e75ea5a7c4e6,30b874e45398b701780194d6a6f95324a2edcb45eb9cdaec7f1c4992fa985b43
STRUCT+R1,STRUCT_R1,examples,examples/rmpy/query7.rql,False,compiled,0,0,0,3783d9ee2824879b5e7bd2fb5617079ccc87b34c035d1a6f6b0650d680b927e3,30b874e45398b701780194d6a6f95324a2edcb45eb9cdaec7f1c4992fa985b43
STRUCT+R1,STRUCT_R1,examples,examples/rmpy/query8.rql,False,compiled,0,0,0,6d7a6524ae6b33f62490f3de543c9dc795ea5e50609df5fd1c8e5ce67bd8aa80,d370253f32b8b550829b166b771c558d2073b6a8fbffbea2d9f4756e39323fff
STRUCT+R1,STRUCT_R1,examples,examples/rmpy/query9.rql,False,compiled,0,0,0,8bfa23a65eaa454d8f2c3d558cce9fd958258c307edb09384635595f9493325c,784587cb40f71966e2dc08b15379f43bbee7750b3736e5d2c69819d1a67a8598
STRUCT+R1,STRUCT_R1,examples,examples/session-record-1/query.rql,False,compiled,0,0,0,49085538dd1693b5f5dec829ce006f43ed10c5286f9f3ac966b68e3b51cd6809,eda50eb95d7f7e2659fdb1c21b9ecd47555869c0e9871010430e1d55da0e5ca4
STRUCT+R2,STRUCT_R2,integration_serial,test/IntegrationTest_serial/Data/query-all.rql,False,compiled,0,0,0,000322739877c86e14a42bff01e1b641117120bb6218524bad584a5984186e86,e24355a2b3b43135a93cb891db26fa696cbda31645ab0ee57fa702cfea00becd
STRUCT+R2,STRUCT_R2,integration_serial,test/IntegrationTest_serial/Data/query-lnx.rql,False,compiled,0,0,1,cf838a68480585d15283360f0b9f74703b45c33effbcf1449e04a77b8695d140,d63de5ad369500955d6c40353acc272290e1116fa37c80f34f25fd5595f7a1b1
STRUCT+R2,STRUCT_R2,integration_serial,test/IntegrationTest_serial/Data/query.rql,True,expected_failure,1,,,e3b0c44298fc1c149afbf4c8996fb92427ae41e4649b934ca495991b7852b855,909ccac44914e3f745e3c874c2c97def11725a37c1cfef21cf82911caaf5a0d6
STRUCT+R2,STRUCT_R2,integration_serial,test/IntegrationTest_serial/Data/ut_example.rql,True,expected_failure,4,,,e3b0c44298fc1c149afbf4c8996fb92427ae41e4649b934ca495991b7852b855,cdf0b0046550c6d7a696d65b9f2fb393ff93c14782ffcf42c31a9f11196e1319
STRUCT+R2,STRUCT_R2,integration_serial,test/IntegrationTest_serial/agse1/query.rql,False,compiled,0,0,0,75f688c9c0f9f8e4abaeb15b71576d20113593f92172a53e71b06a864f163dec,8d3c27844ee6c3db8131c27c7e7f008443a3ed79e9ca7d3e64ba6637fed62f73
STRUCT+R2,STRUCT_R2,integration_serial,test/IntegrationTest_serial/agse2/query.rql,False,compiled,0,0,0,791831e7a8c2336f1c3d45136c7fb9e5105adc1984f95fdd8e0ea0110f6961cf,8d3c27844ee6c3db8131c27c7e7f008443a3ed79e9ca7d3e64ba6637fed62f73
STRUCT+R2,STRUCT_R2,integration_serial,test/IntegrationTest_serial/agse3/query.rql,False,compiled,0,0,0,a103813a3b317a92c25b2d3446a5270ab2a8d505969dfd3ffeb19def4555e9cb,eda50eb95d7f7e2659fdb1c21b9ecd47555869c0e9871010430e1d55da0e5ca4
STRUCT+R2,STRUCT_R2,integration_serial,test/IntegrationTest_serial/consistency/query-consitency.rql,False,compiled,0,0,0,da33fdc7deba47789d4bd0cf0f5f48b17d9d72e75e279ba2e3aaad7a238957ec,a039cd41505a91faf229d84327ad3ecc4ae4b0885b6d96ee55b28c6f8d828c18
STRUCT+R2,STRUCT_R2,integration_serial,test/IntegrationTest_serial/deinterleave_roundtrip/query.rql,False,compiled,0,0,0,50bf4545ed024edc5c34412acf389d5e9b906b8873e6cca717390d8e6c374a32,fd34b29d2d0896d5152374cbab9786b98e89e46035fdb597f08e3575e8445018
STRUCT+R2,STRUCT_R2,integration_serial,test/IntegrationTest_serial/issue113_meta_internal/query.rql,False,compiled,0,0,0,d611b913284706bf103bb959457d67832f2ffd3caab6caf25f8104bbdacc1dbd,05a4c4033f3ca3c4bfb0d7cff126bbf1166be157a414c49282492b57e8304869
STRUCT+R2,STRUCT_R2,integration_serial,test/IntegrationTest_serial/issue113_meta_xtrdb/query.rql,False,compiled,0,0,0,d611b913284706bf103bb959457d67832f2ffd3caab6caf25f8104bbdacc1dbd,05a4c4033f3ca3c4bfb0d7cff126bbf1166be157a414c49282492b57e8304869
STRUCT+R2,STRUCT_R2,integration_serial,test/IntegrationTest_serial/issue113_null_skip/query.rql,False,compiled,0,0,0,d611b913284706bf103bb959457d67832f2ffd3caab6caf25f8104bbdacc1dbd,05a4c4033f3ca3c4bfb0d7cff126bbf1166be157a414c49282492b57e8304869
STRUCT+R2,STRUCT_R2,integration_serial,test/IntegrationTest_serial/issue113_null_xqry/query.rql,False,compiled,0,0,0,d611b913284706bf103bb959457d67832f2ffd3caab6caf25f8104bbdacc1dbd,05a4c4033f3ca3c4bfb0d7cff126bbf1166be157a414c49282492b57e8304869
STRUCT+R2,STRUCT_R2,integration_serial,test/IntegrationTest_serial/issue121_isnull/query.rql,False,compiled,0,0,0,72a152c10e9f69b60421c7cfc589f3cd4bbdee8b2100d4bba548a108d7079a56,05a4c4033f3ca3c4bfb0d7cff126bbf1166be157a414c49282492b57e8304869
STRUCT+R2,STRUCT_R2,integration_serial,test/IntegrationTest_serial/issue121_null_propagation/query.rql,False,compiled,0,0,0,79e93c7808eff1453b4f7f62e13561540d0c7e9aafe8f9bfc7002a54eefd2282,05a4c4033f3ca3c4bfb0d7cff126bbf1166be157a414c49282492b57e8304869
STRUCT+R2,STRUCT_R2,integration_serial,test/IntegrationTest_serial/issue128_numeric_to_string/query.rql,False,compiled,0,0,0,808a8d3b8d8b28464337e2a4402a3817016b751f99463255a123b5935abf8f1e,05a4c4033f3ca3c4bfb0d7cff126bbf1166be157a414c49282492b57e8304869
STRUCT+R2,STRUCT_R2,integration_serial,test/IntegrationTest_serial/issue128_string_to_numeric/query.rql,False,compiled,0,0,0,ee962bb260264b1dd25b69256c154ca5c82ef45831f21b6affd5d932b2f778c8,05a4c4033f3ca3c4bfb0d7cff126bbf1166be157a414c49282492b57e8304869
STRUCT+R2,STRUCT_R2,integration_serial,test/IntegrationTest_serial/issue167_dedup_cascaded/query.rql,False,compiled,0,0,0,805618f7d52ce7b49f03e0b54a94df8aacb9a208417d29d58680c28fd8172bbd,dd76e77ba9ce7000323ed2408b63b7efbfee83330c437b02ae4a8483c0215d43
STRUCT+R2,STRUCT_R2,integration_serial,test/IntegrationTest_serial/issue167_dedup_field_names/query.rql,False,compiled,0,0,0,e120279f10652a9090be2503bf800e42e76fcb11db3ee00781d83bf171c0962c,f336c41e6aaa9d592fadf3f24f2594e0636f8e6f5f08c565ccbcf6423297a134
STRUCT+R2,STRUCT_R2,integration_serial,test/IntegrationTest_serial/issue167_dedup_nonzero_offset/query.rql,False,compiled,0,0,1,08f52612810ecbd45142059f5308f1001d084ab64b1a6fa81e892da28b2dfccd,5b53dee3e9b7d9acdcd3355b5824aeca5003f7abfb8d0030a7ccbaa043eb9492
STRUCT+R2,STRUCT_R2,integration_serial,test/IntegrationTest_serial/issue167_dedup_positive/query.rql,False,compiled,0,0,0,ef508dff89ee2b1b216805bea0f2379f2eca7060ebc8dd34d270286211d9d868,f336c41e6aaa9d592fadf3f24f2594e0636f8e6f5f08c565ccbcf6423297a134
STRUCT+R2,STRUCT_R2,integration_serial,test/IntegrationTest_serial/issue167_triarg/query.rql,False,compiled,0,0,1,90e556257589108c84a70b5bbb09af5c1217c7121c22aa7dd2e5cd32308be42b,b00a7a7da2d5cc2f92183877e3b7580c6b2874d54b680304320097d3b38c5162
STRUCT+R2,STRUCT_R2,integration_serial,test/IntegrationTest_serial/issue202_hash_shift_e2e/query.rql,False,compiled,0,0,0,29d4e23d126d90d6e098b0900e3a38461bb30761c437282f468ba69d7e128cf1,5c7d52ad2ae16f96db7ae5342a0e6ba9d7b72de99b633d2c0f7fa978ba1a0d9d
STRUCT+R2,STRUCT_R2,integration_serial,test/IntegrationTest_serial/issue42_rule/query-42.rql,False,compiled,0,0,0,4ffb857784bdb2cd1f8b03c8a6c1c3db048b4db4f00543a655c607f74ba0c76e,05a4c4033f3ca3c4bfb0d7cff126bbf1166be157a414c49282492b57e8304869
STRUCT+R2,STRUCT_R2,integration_serial,test/IntegrationTest_serial/issue56_timeshift/query-51.rql,False,compiled,0,0,0,b6315b36799829756a14cc67b0ca891458e2ab8c6485ff47f7ee56cbbe2b4951,328ba6bca0c0583b18d2f70aa6a77b52a23b71e71279585495aca30de4472d78
STRUCT+R2,STRUCT_R2,integration_serial,test/IntegrationTest_serial/issue61_tmpmem/query-61.rql,False,compiled,0,0,0,8d26530c4b1bd8eae728a21f9b031c5eddba5c6bba1ff2b0d4d4ef588411c18a,328ba6bca0c0583b18d2f70aa6a77b52a23b71e71279585495aca30de4472d78
STRUCT+R2,STRUCT_R2,integration_serial,test/IntegrationTest_serial/issue6_adhoc/query-6.rql,False,compiled,0,0,0,ac22f73bec26150a28f46a3f017ac7045324b0ceb2e000fc0babd7ed927efb19,05a4c4033f3ca3c4bfb0d7cff126bbf1166be157a414c49282492b57e8304869
STRUCT+R2,STRUCT_R2,integration_serial,test/IntegrationTest_serial/k19_boundaries/query.rql,False,compiled,0,0,0,a566b7961ac11e8a2bde704c159004832695ffca8f803b02fd6be2213de3f172,8d3c27844ee6c3db8131c27c7e7f008443a3ed79e9ca7d3e64ba6637fed62f73
STRUCT+R2,STRUCT_R2,integration_serial,test/IntegrationTest_serial/null_divide_by_zero/query.rql,False,compiled,0,0,0,bcbd03a703fe51998a010c9ac914791e4846c0d4eac6c28a8748fb83f2b9f918,05a4c4033f3ca3c4bfb0d7cff126bbf1166be157a414c49282492b57e8304869
STRUCT+R2,STRUCT_R2,integration_serial,test/IntegrationTest_serial/operations/query.rql,False,compiled,0,0,0,1acfbb37d9382d8688b8de870ff5c082e7895995619d4be7db5d7e10143bff07,30b874e45398b701780194d6a6f95324a2edcb45eb9cdaec7f1c4992fa985b43
STRUCT+R2,STRUCT_R2,integration_serial,test/IntegrationTest_serial/optimizer_ablation/query.rql,False,compiled,0,0,1,62cba16ab0ff297b11b3d5ad2876db06f1d4ff2b6bb648d0e720c13ad94be529,acd442667a78873c8b7b6d1aa6a20629caaa07a71f80606b5c38c60bef37abe0
STRUCT+R2,STRUCT_R2,integration_serial,test/IntegrationTest_serial/r1_identity_nulls/query.rql,False,compiled,0,0,0,a619b6c71acc8b2ca09ff9584b59cfba7b1912750cb7afff917ead61747b9dcf,c103d6edee068a21903362d6403113c4716e3b71aa9c6afbaabbbc030d499c2d
STRUCT+R2,STRUCT_R2,integration_serial,test/IntegrationTest_serial/rotation_test/query.rql,False,compiled,0,0,0,a5f4b566c3e88bb483a528eda7d0d88f189fdfc62025242344be94c2649f1024,05a4c4033f3ca3c4bfb0d7cff126bbf1166be157a414c49282492b57e8304869
STRUCT+R2,STRUCT_R2,integration_serial,test/IntegrationTest_serial/select_cse_commutative_add/query.rql,False,compiled,0,0,6,84cb17b3f387b3079947e6ac34172ed456a18814f32b5f708a30963c692a467a,e0eb9507b2066855bbe1927378793ebf6f773ecf3a3c7de6a1dc7282ae9f9d9a
STRUCT+R2,STRUCT_R2,integration_serial,test/IntegrationTest_serial/simple/query.rql,False,compiled,0,0,0,c359ac55ae277d5235762e94855616944ab013f351c66d1c66b1bc1d455629f3,30b874e45398b701780194d6a6f95324a2edcb45eb9cdaec7f1c4992fa985b43
STRUCT+R2,STRUCT_R2,integration_serial,test/IntegrationTest_serial/simple_max/query.rql,False,compiled,0,0,0,aa6891da523b5bec820e24b2b493d972fda2c72c845d229fc8583167f4180d51,2c600d562c0249cccd6133f191d096fe089f7c32ebb9817b8150297655c18e6d
STRUCT+R2,STRUCT_R2,integration_serial,test/IntegrationTest_serial/xqry_elem_limit/query.rql,False,compiled,0,0,0,c6bc611840716c3c070922ee9baedf3ff7d80290f628cf72dfc90b978d512d5d,05a4c4033f3ca3c4bfb0d7cff126bbf1166be157a414c49282492b57e8304869
STRUCT+R2,STRUCT_R2,integration_parallel,test/IntegrationTest_parallel/Pattern1/query.rql,False,compiled,0,0,1,501b0c6819243ceaa155d4b2842022d5cda6d52105a672802c3ae94b40b5f87d,4aaa3520e33182532fc84e7af65804ef1a5eb09a4cd59e33380bb28b4e87e16d
STRUCT+R2,STRUCT_R2,integration_parallel,test/IntegrationTest_parallel/Pattern2/query.rql,False,compiled,0,0,1,0d9795fcc2cb823b262899ba6ea6995278cab381bf1ee34005a6dfa4e37ff753,3a68c1845087c9187a63668eef783439740111fc67f26f83e36f2168279958a6
STRUCT+R2,STRUCT_R2,integration_parallel,test/IntegrationTest_parallel/Pattern3/query-unfold.rql,False,compiled,0,0,0,f15ef89844caba0a5efdcddad987bd75515cb80b853a1712d2f1ad5dcdaf8cfc,5bdecd6f180b19671acba25215e1fbab3d7e3e3583a7312a6342f4a7812c565d
STRUCT+R2,STRUCT_R2,integration_parallel,test/IntegrationTest_parallel/Pattern4/query-crc.rql,False,compiled,0,0,0,a0c345d376bf61dfaa67d004193a71e9edbec18beffaef672711d35b201abb43,5bdecd6f180b19671acba25215e1fbab3d7e3e3583a7312a6342f4a7812c565d
STRUCT+R2,STRUCT_R2,integration_parallel,test/IntegrationTest_parallel/Pattern6/query.rql,False,compiled,0,0,0,e5dec026f2158aeac3aabb1e26590e3920f648ca07fe43f04002dd6f13595e22,cbfc273c726a56b89f2f4b23d1a4f4e3a13baad026c89389cc9dd1e7d7dbad79
STRUCT+R2,STRUCT_R2,integration_parallel,test/IntegrationTest_parallel/Pattern7/query.rql,False,compiled,0,0,0,0d77a67407d200f4c469964b14fc325ecafa75da799f87123b4fd38f06facdc2,40939aeb3833da36ec697f2fc7a27fcbbf5d9d0976bb60a7687dbcf96696ba92
STRUCT+R2,STRUCT_R2,integration_parallel,test/IntegrationTest_parallel/dsp/query.rql,False,compiled,0,0,1,fb35bd51206ccb40c012da8f4f8e22b2e2dcf0b61a96642144b6272ea9c50235,b9ba046f5214b00add59a1d93e26dd5ddbbcc7e33701ab3708f5103ff7c5fc63
STRUCT+R2,STRUCT_R2,integration_parallel,test/IntegrationTest_parallel/issue202_hash_shift_factorization/matched.rql,False,compiled,0,0,0,91e21a4e2f9c1809cf237454cee2b8e806fc7ec2f31b3552ca5956291f47781d,a94fbf8925f79a5fa23029f89da39123175fa3aa615b550a7284b5fa82f135ad
STRUCT+R2,STRUCT_R2,integration_parallel,test/IntegrationTest_parallel/issue202_hash_shift_factorization/unmatched.rql,False,compiled,0,0,0,e8e891a95e8475e2a078aba5569454c2a4037b4b3b6bf60a992e9373fe4b75c0,a94fbf8925f79a5fa23029f89da39123175fa3aa615b550a7284b5fa82f135ad
STRUCT+R2,STRUCT_R2,integration_parallel,test/IntegrationTest_parallel/issue202_hash_shift_factorization/zero.rql,False,compiled,0,0,0,fbd3785e7a1779fd3d2752260a1b0939f3682d1822e91e3029c5f42134493ce0,a94fbf8925f79a5fa23029f89da39123175fa3aa615b550a7284b5fa82f135ad
STRUCT+R2,STRUCT_R2,integration_parallel,test/IntegrationTest_parallel/issue31_doc/q-31.a.rql,False,compiled,0,0,0,5bd21c1a7310663a8f31ec039f49e8fbea203c6c3251c0deb7ee132aa02488c9,30b874e45398b701780194d6a6f95324a2edcb45eb9cdaec7f1c4992fa985b43
STRUCT+R2,STRUCT_R2,integration_parallel,test/IntegrationTest_parallel/issue31_doc/q-31.b.rql,False,compiled,0,0,0,a61aab3c759baa3b2c8a1e604c63656092a59a827d9ffaf0c68b7f452e173b5f,cc80fbcc6f24697ec664597728ea3c35275cfaaa1a97102ce2372b71f2ff2422
STRUCT+R2,STRUCT_R2,integration_parallel,test/IntegrationTest_parallel/issue31_doc/q-31.c.rql,False,compiled,0,0,0,a4d010b80e5fe90a9af80dc7822f3cd5b99c4fe4694a80fdf9118109fc672936,328ba6bca0c0583b18d2f70aa6a77b52a23b71e71279585495aca30de4472d78
STRUCT+R2,STRUCT_R2,integration_parallel,test/IntegrationTest_parallel/issue31_doc/q-31.d.rql,False,compiled,0,0,0,69c6a19a6d78359de1ad280addfa5539961b7e7582d51768e77c73b48fbc6525,cc80fbcc6f24697ec664597728ea3c35275cfaaa1a97102ce2372b71f2ff2422
STRUCT+R2,STRUCT_R2,integration_parallel,test/IntegrationTest_parallel/issue95_loopInCompile/brokenQuery.rql,True,expected_failure,71,,,e3b0c44298fc1c149afbf4c8996fb92427ae41e4649b934ca495991b7852b855,763d49a7d01a0bf83f7a5616ee743e061e3efc20d09f8d2153dfa39a45125bc7
STRUCT+R2,STRUCT_R2,integration_parallel,test/IntegrationTest_parallel/issue96_no_substrat_reduction/queryNoSubstrat.rql,False,compiled,0,0,0,2668bd5ff06768350b0f0c6b2b749fcff8c663f9fdc3233839196ec1c6bd71f8,cbfc273c726a56b89f2f4b23d1a4f4e3a13baad026c89389cc9dd1e7d7dbad79
STRUCT+R2,STRUCT_R2,integration_parallel,test/IntegrationTest_parallel/issue96_substrat_reference/queryWithSubstrats.rql,False,compiled,0,0,1,677022b1f44c0f7928eb58099f15eaea562f1d664d0d9402fa5cec202514e87a,38c1e98e5ff8bd7c5a6f350d41405c6422b2991cc2dc71ad3afa457907a30216
STRUCT+R2,STRUCT_R2,integration_parallel,test/IntegrationTest_parallel/subquery/query.rql,False,compiled,0,0,0,9e01bdd5e760b87d8e4a0d935f17427591d3ecddd0f336e223a31e907da40c97,a3f3fa6c814330a80fe7ad5136f83f32681c74322e001c53614fa6b6b5668cb5
STRUCT+R2,STRUCT_R2,examples,examples/agse/query.rql,False,compiled,0,0,0,ff480c283cc442175a94ea7a89286f68f202699e7f4ba5fefdbb4414bac1fb4e,2c600d562c0249cccd6133f191d096fe089f7c32ebb9817b8150297655c18e6d
STRUCT+R2,STRUCT_R2,examples,examples/doc-compiler/ex.1/query.rql,False,compiled,0,0,0,2280ea8ee22e5370d1397533220128c7c7423982997aa1c40dcf820affc278fe,8e0d6a96e1ebfeca0023ac9ea7554e61f8cf19ace6c9a4f4d737c8cff2cc26fa
STRUCT+R2,STRUCT_R2,examples,examples/ecg/rec205/rec205-detect.rql,False,compiled,0,0,1,3c8f8ea26fd67baaa7e78e3c1b2335bf723772293922d5332bb124b7e62ac621,9a5143f204ea5c8d8e24ebe64df849df59b0a809500be17d6272b87201174d26
STRUCT+R2,STRUCT_R2,examples,examples/ecg/rec205/rec205-qrs.rql,False,compiled,0,0,1,206ce1d61e2cf4d9e383c16338c5918bbccdfaba8e00ef703f15fb2cb68aafed,08647e56f88bafd3bf27fdf1a89562e14561d5ecbcfc121d344a654327dfd264
STRUCT+R2,STRUCT_R2,examples,examples/ecg/rec205/rec205-replay.rql,False,compiled,0,0,0,7f9b20a89d7bd1e8b5afbc1d8eceeaecede4100831565b99b316291b59cb1315,05a4c4033f3ca3c4bfb0d7cff126bbf1166be157a414c49282492b57e8304869
STRUCT+R2,STRUCT_R2,examples,examples/issue-set/expression/query.rql,False,compiled,0,0,0,02a3450259a6c95e46fa5e64e7a67cf050a642e809d441edd93252dd1b9992e2,05a4c4033f3ca3c4bfb0d7cff126bbf1166be157a414c49282492b57e8304869
STRUCT+R2,STRUCT_R2,examples,examples/issue-set/multi-read/issue-multiple-read-form-one-file.rql,False,compiled,0,0,0,7c47e26f50afe57135e902dadb2538408c7846b5be03c8838cdc5370f0d32c80,1b2516306f8d28a090e9ba1741b923eb3e095df4333d09fb8eb2f3ce23058aa5
STRUCT+R2,STRUCT_R2,examples,examples/mwd/query-mwnd.rql,True,expected_failure,1,,,e3b0c44298fc1c149afbf4c8996fb92427ae41e4649b934ca495991b7852b855,60eb1e31e73d31ea25322ee2b24012b6b0ab2052e5244f91d4a3804dca4853fb
STRUCT+R2,STRUCT_R2,examples,examples/mwd/query-mwnd2.rql,True,expected_failure,1,,,e3b0c44298fc1c149afbf4c8996fb92427ae41e4649b934ca495991b7852b855,40f251fd420bc07237f0e091fc1810e00d2007c1179c6186f2a3de006b7583fa
STRUCT+R2,STRUCT_R2,examples,examples/mwd/query-mwnd3.rql,False,compiled,0,0,0,3de66ddd54917b8ee01067f20453f248a269f5ae2a56f1fd19f2b5752b7784c5,cbfc273c726a56b89f2f4b23d1a4f4e3a13baad026c89389cc9dd1e7d7dbad79
STRUCT+R2,STRUCT_R2,examples,examples/mwd/query-mwnd4.rql,False,compiled,0,0,0,c0140b3fc346740d636926281cda9218319d25473fc3f8b7358c6e45b0157565,cc80fbcc6f24697ec664597728ea3c35275cfaaa1a97102ce2372b71f2ff2422
STRUCT+R2,STRUCT_R2,examples,examples/rmpy/adhoc-record/query.rql,False,compiled,0,0,0,e21357978697916bdf5885ee76419dbb14127ee51517feb05d7e955ebcfde31d,05a4c4033f3ca3c4bfb0d7cff126bbf1166be157a414c49282492b57e8304869
STRUCT+R2,STRUCT_R2,examples,examples/rmpy/qplan1.rql,False,compiled,0,0,0,da6cbeae535a7a0cffd7349dcf0320e3b5604c195f7d54aeafa77adb53133066,30b874e45398b701780194d6a6f95324a2edcb45eb9cdaec7f1c4992fa985b43
STRUCT+R2,STRUCT_R2,examples,examples/rmpy/qplan2.rql,False,compiled,0,0,0,bd44e4b1ce719cbcacc427ab2ce6c3839562173485d71cfe31e09e50f4081439,30b874e45398b701780194d6a6f95324a2edcb45eb9cdaec7f1c4992fa985b43
STRUCT+R2,STRUCT_R2,examples,examples/rmpy/qplan3.rql,False,compiled,0,0,0,76f9ded8c6b4832b7c6034dca2c442f7b65e8b8398f2a81689724c6023601789,cbfc273c726a56b89f2f4b23d1a4f4e3a13baad026c89389cc9dd1e7d7dbad79
STRUCT+R2,STRUCT_R2,examples,examples/rmpy/query.rql,False,compiled,0,0,0,f29240c8399cf533953be77da6ec45e6d84391c35073d4bb6aea0eb4c4fe3ff1,30b874e45398b701780194d6a6f95324a2edcb45eb9cdaec7f1c4992fa985b43
STRUCT+R2,STRUCT_R2,examples,examples/rmpy/query2.rql,False,compiled,0,0,0,2f874152104c8b0aa6c8661467e1f66e17cac2ea80e171e3a672cedfbd99b263,30b874e45398b701780194d6a6f95324a2edcb45eb9cdaec7f1c4992fa985b43
STRUCT+R2,STRUCT_R2,examples,examples/rmpy/query3.rql,False,compiled,0,0,0,21a1069674f06d83e426409ff0924030673262ae51a7e3c901a241801194ab4c,30b874e45398b701780194d6a6f95324a2edcb45eb9cdaec7f1c4992fa985b43
STRUCT+R2,STRUCT_R2,examples,examples/rmpy/query4.rql,False,compiled,0,0,0,b1afce3b90af7ec81a5f9ed413f7667753073fb40cf4ce64acd81bdc3f907b97,e90e6585580d53e076eeb2be60708edc4cff7420d51301ec1129c163109136ed
STRUCT+R2,STRUCT_R2,examples,examples/rmpy/query5.rql,False,compiled,0,0,1,fc2902d0e3b744ce15a4c0e13224ef4753afc70b88ce58c8bb00c8a579e39cb5,c9e66eb500f1a30845c4cd17d5f144a62196028b98564e6a60f31b1ad20071fe
STRUCT+R2,STRUCT_R2,examples,examples/rmpy/query6.rql,False,compiled,0,0,0,3dc12d4593a6e836968c24113f80b8af35a383aab32e545ecb07e75ea5a7c4e6,30b874e45398b701780194d6a6f95324a2edcb45eb9cdaec7f1c4992fa985b43
STRUCT+R2,STRUCT_R2,examples,examples/rmpy/query7.rql,False,compiled,0,0,0,3783d9ee2824879b5e7bd2fb5617079ccc87b34c035d1a6f6b0650d680b927e3,30b874e45398b701780194d6a6f95324a2edcb45eb9cdaec7f1c4992fa985b43
STRUCT+R2,STRUCT_R2,examples,examples/rmpy/query8.rql,False,compiled,0,0,0,6d7a6524ae6b33f62490f3de543c9dc795ea5e50609df5fd1c8e5ce67bd8aa80,d370253f32b8b550829b166b771c558d2073b6a8fbffbea2d9f4756e39323fff
STRUCT+R2,STRUCT_R2,examples,examples/rmpy/query9.rql,False,compiled,0,0,0,8bfa23a65eaa454d8f2c3d558cce9fd958258c307edb09384635595f9493325c,784587cb40f71966e2dc08b15379f43bbee7750b3736e5d2c69819d1a67a8598
STRUCT+R2,STRUCT_R2,examples,examples/session-record-1/query.rql,False,compiled,0,0,1,49085538dd1693b5f5dec829ce006f43ed10c5286f9f3ac966b68e3b51cd6809,d712452c1b8b7896e68912bf85daabb465a68f836448acb2450aba88b9c28fe2
ALGSTRUCT,ALGSTRUCT,integration_serial,test/IntegrationTest_serial/Data/query-all.rql,False,compiled,0,0,0,000322739877c86e14a42bff01e1b641117120bb6218524bad584a5984186e86,e24355a2b3b43135a93cb891db26fa696cbda31645ab0ee57fa702cfea00becd
ALGSTRUCT,ALGSTRUCT,integration_serial,test/IntegrationTest_serial/Data/query-lnx.rql,False,compiled,0,0,1,cf838a68480585d15283360f0b9f74703b45c33effbcf1449e04a77b8695d140,d63de5ad369500955d6c40353acc272290e1116fa37c80f34f25fd5595f7a1b1
ALGSTRUCT,ALGSTRUCT,integration_serial,test/IntegrationTest_serial/Data/query.rql,True,expected_failure,1,,,e3b0c44298fc1c149afbf4c8996fb92427ae41e4649b934ca495991b7852b855,08aa0f952e2d240b549cecc98d3efdda6f97782b27bd8c4762f9fe1f61956198
ALGSTRUCT,ALGSTRUCT,integration_serial,test/IntegrationTest_serial/Data/ut_example.rql,True,expected_failure,4,,,e3b0c44298fc1c149afbf4c8996fb92427ae41e4649b934ca495991b7852b855,cdf0b0046550c6d7a696d65b9f2fb393ff93c14782ffcf42c31a9f11196e1319
ALGSTRUCT,ALGSTRUCT,integration_serial,test/IntegrationTest_serial/agse1/query.rql,False,compiled,0,0,0,75f688c9c0f9f8e4abaeb15b71576d20113593f92172a53e71b06a864f163dec,8d3c27844ee6c3db8131c27c7e7f008443a3ed79e9ca7d3e64ba6637fed62f73
ALGSTRUCT,ALGSTRUCT,integration_serial,test/IntegrationTest_serial/agse2/query.rql,False,compiled,0,0,0,791831e7a8c2336f1c3d45136c7fb9e5105adc1984f95fdd8e0ea0110f6961cf,8d3c27844ee6c3db8131c27c7e7f008443a3ed79e9ca7d3e64ba6637fed62f73
ALGSTRUCT,ALGSTRUCT,integration_serial,test/IntegrationTest_serial/agse3/query.rql,False,compiled,0,0,0,a103813a3b317a92c25b2d3446a5270ab2a8d505969dfd3ffeb19def4555e9cb,eda50eb95d7f7e2659fdb1c21b9ecd47555869c0e9871010430e1d55da0e5ca4
ALGSTRUCT,ALGSTRUCT,integration_serial,test/IntegrationTest_serial/consistency/query-consitency.rql,False,compiled,0,0,0,da33fdc7deba47789d4bd0cf0f5f48b17d9d72e75e279ba2e3aaad7a238957ec,a039cd41505a91faf229d84327ad3ecc4ae4b0885b6d96ee55b28c6f8d828c18
ALGSTRUCT,ALGSTRUCT,integration_serial,test/IntegrationTest_serial/deinterleave_roundtrip/query.rql,False,compiled,0,0,0,50bf4545ed024edc5c34412acf389d5e9b906b8873e6cca717390d8e6c374a32,fd34b29d2d0896d5152374cbab9786b98e89e46035fdb597f08e3575e8445018
ALGSTRUCT,ALGSTRUCT,integration_serial,test/IntegrationTest_serial/issue113_meta_internal/query.rql,False,compiled,0,0,0,d611b913284706bf103bb959457d67832f2ffd3caab6caf25f8104bbdacc1dbd,05a4c4033f3ca3c4bfb0d7cff126bbf1166be157a414c49282492b57e8304869
ALGSTRUCT,ALGSTRUCT,integration_serial,test/IntegrationTest_serial/issue113_meta_xtrdb/query.rql,False,compiled,0,0,0,d611b913284706bf103bb959457d67832f2ffd3caab6caf25f8104bbdacc1dbd,05a4c4033f3ca3c4bfb0d7cff126bbf1166be157a414c49282492b57e8304869
ALGSTRUCT,ALGSTRUCT,integration_serial,test/IntegrationTest_serial/issue113_null_skip/query.rql,False,compiled,0,0,0,d611b913284706bf103bb959457d67832f2ffd3caab6caf25f8104bbdacc1dbd,05a4c4033f3ca3c4bfb0d7cff126bbf1166be157a414c49282492b57e8304869
ALGSTRUCT,ALGSTRUCT,integration_serial,test/IntegrationTest_serial/issue113_null_xqry/query.rql,False,compiled,0,0,0,d611b913284706bf103bb959457d67832f2ffd3caab6caf25f8104bbdacc1dbd,05a4c4033f3ca3c4bfb0d7cff126bbf1166be157a414c49282492b57e8304869
ALGSTRUCT,ALGSTRUCT,integration_serial,test/IntegrationTest_serial/issue121_isnull/query.rql,False,compiled,0,0,0,72a152c10e9f69b60421c7cfc589f3cd4bbdee8b2100d4bba548a108d7079a56,05a4c4033f3ca3c4bfb0d7cff126bbf1166be157a414c49282492b57e8304869
ALGSTRUCT,ALGSTRUCT,integration_serial,test/IntegrationTest_serial/issue121_null_propagation/query.rql,False,compiled,0,0,0,79e93c7808eff1453b4f7f62e13561540d0c7e9aafe8f9bfc7002a54eefd2282,05a4c4033f3ca3c4bfb0d7cff126bbf1166be157a414c49282492b57e8304869
ALGSTRUCT,ALGSTRUCT,integration_serial,test/IntegrationTest_serial/issue128_numeric_to_string/query.rql,False,compiled,0,0,0,808a8d3b8d8b28464337e2a4402a3817016b751f99463255a123b5935abf8f1e,05a4c4033f3ca3c4bfb0d7cff126bbf1166be157a414c49282492b57e8304869
ALGSTRUCT,ALGSTRUCT,integration_serial,test/IntegrationTest_serial/issue128_string_to_numeric/query.rql,False,compiled,0,0,0,ee962bb260264b1dd25b69256c154ca5c82ef45831f21b6affd5d932b2f778c8,05a4c4033f3ca3c4bfb0d7cff126bbf1166be157a414c49282492b57e8304869
ALGSTRUCT,ALGSTRUCT,integration_serial,test/IntegrationTest_serial/issue167_dedup_cascaded/query.rql,False,compiled,0,0,0,805618f7d52ce7b49f03e0b54a94df8aacb9a208417d29d58680c28fd8172bbd,dd76e77ba9ce7000323ed2408b63b7efbfee83330c437b02ae4a8483c0215d43
ALGSTRUCT,ALGSTRUCT,integration_serial,test/IntegrationTest_serial/issue167_dedup_field_names/query.rql,False,compiled,0,0,0,e120279f10652a9090be2503bf800e42e76fcb11db3ee00781d83bf171c0962c,f336c41e6aaa9d592fadf3f24f2594e0636f8e6f5f08c565ccbcf6423297a134
ALGSTRUCT,ALGSTRUCT,integration_serial,test/IntegrationTest_serial/issue167_dedup_nonzero_offset/query.rql,False,compiled,0,0,1,08f52612810ecbd45142059f5308f1001d084ab64b1a6fa81e892da28b2dfccd,5b53dee3e9b7d9acdcd3355b5824aeca5003f7abfb8d0030a7ccbaa043eb9492
ALGSTRUCT,ALGSTRUCT,integration_serial,test/IntegrationTest_serial/issue167_dedup_positive/query.rql,False,compiled,0,0,0,ef508dff89ee2b1b216805bea0f2379f2eca7060ebc8dd34d270286211d9d868,f336c41e6aaa9d592fadf3f24f2594e0636f8e6f5f08c565ccbcf6423297a134
ALGSTRUCT,ALGSTRUCT,integration_serial,test/IntegrationTest_serial/issue167_triarg/query.rql,False,compiled,0,0,1,90e556257589108c84a70b5bbb09af5c1217c7121c22aa7dd2e5cd32308be42b,b00a7a7da2d5cc2f92183877e3b7580c6b2874d54b680304320097d3b38c5162
ALGSTRUCT,ALGSTRUCT,integration_serial,test/IntegrationTest_serial/issue202_hash_shift_e2e/query.rql,False,compiled,0,1,0,082df6eafc8bc440aa1c44f4e1ba5e9e330398744880fd23fef25ce9d3a2712e,4c5fc4762b6994fdc0bc9a61509cc23342ce6998661c0259449e8dec8f0f93fe
ALGSTRUCT,ALGSTRUCT,integration_serial,test/IntegrationTest_serial/issue42_rule/query-42.rql,False,compiled,0,0,0,4ffb857784bdb2cd1f8b03c8a6c1c3db048b4db4f00543a655c607f74ba0c76e,05a4c4033f3ca3c4bfb0d7cff126bbf1166be157a414c49282492b57e8304869
ALGSTRUCT,ALGSTRUCT,integration_serial,test/IntegrationTest_serial/issue56_timeshift/query-51.rql,False,compiled,0,0,0,b6315b36799829756a14cc67b0ca891458e2ab8c6485ff47f7ee56cbbe2b4951,328ba6bca0c0583b18d2f70aa6a77b52a23b71e71279585495aca30de4472d78
ALGSTRUCT,ALGSTRUCT,integration_serial,test/IntegrationTest_serial/issue61_tmpmem/query-61.rql,False,compiled,0,0,0,8d26530c4b1bd8eae728a21f9b031c5eddba5c6bba1ff2b0d4d4ef588411c18a,328ba6bca0c0583b18d2f70aa6a77b52a23b71e71279585495aca30de4472d78
ALGSTRUCT,ALGSTRUCT,integration_serial,test/IntegrationTest_serial/issue6_adhoc/query-6.rql,False,compiled,0,0,0,ac22f73bec26150a28f46a3f017ac7045324b0ceb2e000fc0babd7ed927efb19,05a4c4033f3ca3c4bfb0d7cff126bbf1166be157a414c49282492b57e8304869
ALGSTRUCT,ALGSTRUCT,integration_serial,test/IntegrationTest_serial/k19_boundaries/query.rql,False,compiled,0,0,0,a566b7961ac11e8a2bde704c159004832695ffca8f803b02fd6be2213de3f172,8d3c27844ee6c3db8131c27c7e7f008443a3ed79e9ca7d3e64ba6637fed62f73
ALGSTRUCT,ALGSTRUCT,integration_serial,test/IntegrationTest_serial/null_divide_by_zero/query.rql,False,compiled,0,0,0,bcbd03a703fe51998a010c9ac914791e4846c0d4eac6c28a8748fb83f2b9f918,05a4c4033f3ca3c4bfb0d7cff126bbf1166be157a414c49282492b57e8304869
ALGSTRUCT,ALGSTRUCT,integration_serial,test/IntegrationTest_serial/operations/query.rql,False,compiled,0,0,0,1acfbb37d9382d8688b8de870ff5c082e7895995619d4be7db5d7e10143bff07,30b874e45398b701780194d6a6f95324a2edcb45eb9cdaec7f1c4992fa985b43
ALGSTRUCT,ALGSTRUCT,integration_serial,test/IntegrationTest_serial/optimizer_ablation/query.rql,False,compiled,0,1,1,6a70e40578f236ebc38c978a101b654f11419efbe31b24d219997ec44f8c9f69,372ce2f82069aea9316b0490dbb655b787f340531ecf068d484d1dc415b0a0d8
ALGSTRUCT,ALGSTRUCT,integration_serial,test/IntegrationTest_serial/r1_identity_nulls/query.rql,False,compiled,0,1,0,a8922051e5a6b2a660b8f1cf9c1fcc5f0e2b9db32cc89822fb92a0b1a3d683c8,72d7c872101eb9383ad992029a59322c73d63d65093f583c2ebcf4ed4eb97126
ALGSTRUCT,ALGSTRUCT,integration_serial,test/IntegrationTest_serial/rotation_test/query.rql,False,compiled,0,0,0,a5f4b566c3e88bb483a528eda7d0d88f189fdfc62025242344be94c2649f1024,05a4c4033f3ca3c4bfb0d7cff126bbf1166be157a414c49282492b57e8304869
ALGSTRUCT,ALGSTRUCT,integration_serial,test/IntegrationTest_serial/select_cse_commutative_add/query.rql,False,compiled,0,0,6,84cb17b3f387b3079947e6ac34172ed456a18814f32b5f708a30963c692a467a,e0eb9507b2066855bbe1927378793ebf6f773ecf3a3c7de6a1dc7282ae9f9d9a
ALGSTRUCT,ALGSTRUCT,integration_serial,test/IntegrationTest_serial/simple/query.rql,False,compiled,0,0,0,c359ac55ae277d5235762e94855616944ab013f351c66d1c66b1bc1d455629f3,30b874e45398b701780194d6a6f95324a2edcb45eb9cdaec7f1c4992fa985b43
ALGSTRUCT,ALGSTRUCT,integration_serial,test/IntegrationTest_serial/simple_max/query.rql,False,compiled,0,0,0,aa6891da523b5bec820e24b2b493d972fda2c72c845d229fc8583167f4180d51,2c600d562c0249cccd6133f191d096fe089f7c32ebb9817b8150297655c18e6d
ALGSTRUCT,ALGSTRUCT,integration_serial,test/IntegrationTest_serial/xqry_elem_limit/query.rql,False,compiled,0,0,0,c6bc611840716c3c070922ee9baedf3ff7d80290f628cf72dfc90b978d512d5d,05a4c4033f3ca3c4bfb0d7cff126bbf1166be157a414c49282492b57e8304869
ALGSTRUCT,ALGSTRUCT,integration_parallel,test/IntegrationTest_parallel/Pattern1/query.rql,False,compiled,0,0,1,501b0c6819243ceaa155d4b2842022d5cda6d52105a672802c3ae94b40b5f87d,4aaa3520e33182532fc84e7af65804ef1a5eb09a4cd59e33380bb28b4e87e16d
ALGSTRUCT,ALGSTRUCT,integration_parallel,test/IntegrationTest_parallel/Pattern2/query.rql,False,compiled,0,0,1,0d9795fcc2cb823b262899ba6ea6995278cab381bf1ee34005a6dfa4e37ff753,3a68c1845087c9187a63668eef783439740111fc67f26f83e36f2168279958a6
ALGSTRUCT,ALGSTRUCT,integration_parallel,test/IntegrationTest_parallel/Pattern3/query-unfold.rql,False,compiled,0,0,0,f15ef89844caba0a5efdcddad987bd75515cb80b853a1712d2f1ad5dcdaf8cfc,5bdecd6f180b19671acba25215e1fbab3d7e3e3583a7312a6342f4a7812c565d
ALGSTRUCT,ALGSTRUCT,integration_parallel,test/IntegrationTest_parallel/Pattern4/query-crc.rql,False,compiled,0,0,0,a0c345d376bf61dfaa67d004193a71e9edbec18beffaef672711d35b201abb43,5bdecd6f180b19671acba25215e1fbab3d7e3e3583a7312a6342f4a7812c565d
ALGSTRUCT,ALGSTRUCT,integration_parallel,test/IntegrationTest_parallel/Pattern6/query.rql,False,compiled,0,0,0,e5dec026f2158aeac3aabb1e26590e3920f648ca07fe43f04002dd6f13595e22,cbfc273c726a56b89f2f4b23d1a4f4e3a13baad026c89389cc9dd1e7d7dbad79
ALGSTRUCT,ALGSTRUCT,integration_parallel,test/IntegrationTest_parallel/Pattern7/query.rql,False,compiled,0,0,0,0d77a67407d200f4c469964b14fc325ecafa75da799f87123b4fd38f06facdc2,40939aeb3833da36ec697f2fc7a27fcbbf5d9d0976bb60a7687dbcf96696ba92
ALGSTRUCT,ALGSTRUCT,integration_parallel,test/IntegrationTest_parallel/dsp/query.rql,False,compiled,0,0,1,fb35bd51206ccb40c012da8f4f8e22b2e2dcf0b61a96642144b6272ea9c50235,b9ba046f5214b00add59a1d93e26dd5ddbbcc7e33701ab3708f5103ff7c5fc63
ALGSTRUCT,ALGSTRUCT,integration_parallel,test/IntegrationTest_parallel/issue202_hash_shift_factorization/matched.rql,False,compiled,0,1,0,91248f658bcbc517e239bfc2ae731d17f81c05003f2ffb08a0f5be0dc1bd52d6,e8fde28ee16ece53302dd0cc095f0480d1ef5bd92da4265e18f553d2e1e0dc86
ALGSTRUCT,ALGSTRUCT,integration_parallel,test/IntegrationTest_parallel/issue202_hash_shift_factorization/unmatched.rql,False,compiled,0,0,0,e8e891a95e8475e2a078aba5569454c2a4037b4b3b6bf60a992e9373fe4b75c0,a94fbf8925f79a5fa23029f89da39123175fa3aa615b550a7284b5fa82f135ad
ALGSTRUCT,ALGSTRUCT,integration_parallel,test/IntegrationTest_parallel/issue202_hash_shift_factorization/zero.rql,False,compiled,0,1,0,2b2bbf33ddb63f43a1c94f4b63a4ea0e74f6f049cf729f06278d64bb746b1d56,6d62469c978524812ef7d5f5c431f5a7841a3fe484016f93e500c928b383ad26
ALGSTRUCT,ALGSTRUCT,integration_parallel,test/IntegrationTest_parallel/issue31_doc/q-31.a.rql,False,compiled,0,0,0,5bd21c1a7310663a8f31ec039f49e8fbea203c6c3251c0deb7ee132aa02488c9,30b874e45398b701780194d6a6f95324a2edcb45eb9cdaec7f1c4992fa985b43
ALGSTRUCT,ALGSTRUCT,integration_parallel,test/IntegrationTest_parallel/issue31_doc/q-31.b.rql,False,compiled,0,0,0,a61aab3c759baa3b2c8a1e604c63656092a59a827d9ffaf0c68b7f452e173b5f,cc80fbcc6f24697ec664597728ea3c35275cfaaa1a97102ce2372b71f2ff2422
ALGSTRUCT,ALGSTRUCT,integration_parallel,test/IntegrationTest_parallel/issue31_doc/q-31.c.rql,False,compiled,0,0,0,a4d010b80e5fe90a9af80dc7822f3cd5b99c4fe4694a80fdf9118109fc672936,328ba6bca0c0583b18d2f70aa6a77b52a23b71e71279585495aca30de4472d78
ALGSTRUCT,ALGSTRUCT,integration_parallel,test/IntegrationTest_parallel/issue31_doc/q-31.d.rql,False,compiled,0,0,0,69c6a19a6d78359de1ad280addfa5539961b7e7582d51768e77c73b48fbc6525,cc80fbcc6f24697ec664597728ea3c35275cfaaa1a97102ce2372b71f2ff2422
ALGSTRUCT,ALGSTRUCT,integration_parallel,test/IntegrationTest_parallel/issue95_loopInCompile/brokenQuery.rql,True,expected_failure,71,,,e3b0c44298fc1c149afbf4c8996fb92427ae41e4649b934ca495991b7852b855,ccf1ef32af20de35d37d93ac3a2f2faf6f7bebdf55d436c670b98d28f7b1f1f0
ALGSTRUCT,ALGSTRUCT,integration_parallel,test/IntegrationTest_parallel/issue96_no_substrat_reduction/queryNoSubstrat.rql,False,compiled,0,0,0,2668bd5ff06768350b0f0c6b2b749fcff8c663f9fdc3233839196ec1c6bd71f8,cbfc273c726a56b89f2f4b23d1a4f4e3a13baad026c89389cc9dd1e7d7dbad79
ALGSTRUCT,ALGSTRUCT,integration_parallel,test/IntegrationTest_parallel/issue96_substrat_reference/queryWithSubstrats.rql,False,compiled,0,0,1,677022b1f44c0f7928eb58099f15eaea562f1d664d0d9402fa5cec202514e87a,38c1e98e5ff8bd7c5a6f350d41405c6422b2991cc2dc71ad3afa457907a30216
ALGSTRUCT,ALGSTRUCT,integration_parallel,test/IntegrationTest_parallel/subquery/query.rql,False,compiled,0,0,0,9e01bdd5e760b87d8e4a0d935f17427591d3ecddd0f336e223a31e907da40c97,a3f3fa6c814330a80fe7ad5136f83f32681c74322e001c53614fa6b6b5668cb5
ALGSTRUCT,ALGSTRUCT,examples,examples/agse/query.rql,False,compiled,0,0,0,ff480c283cc442175a94ea7a89286f68f202699e7f4ba5fefdbb4414bac1fb4e,2c600d562c0249cccd6133f191d096fe089f7c32ebb9817b8150297655c18e6d
ALGSTRUCT,ALGSTRUCT,examples,examples/doc-compiler/ex.1/query.rql,False,compiled,0,0,0,2280ea8ee22e5370d1397533220128c7c7423982997aa1c40dcf820affc278fe,8e0d6a96e1ebfeca0023ac9ea7554e61f8cf19ace6c9a4f4d737c8cff2cc26fa
ALGSTRUCT,ALGSTRUCT,examples,examples/ecg/rec205/rec205-detect.rql,False,compiled,0,0,1,3c8f8ea26fd67baaa7e78e3c1b2335bf723772293922d5332bb124b7e62ac621,9a5143f204ea5c8d8e24ebe64df849df59b0a809500be17d6272b87201174d26
ALGSTRUCT,ALGSTRUCT,examples,examples/ecg/rec205/rec205-qrs.rql,False,compiled,0,0,1,206ce1d61e2cf4d9e383c16338c5918bbccdfaba8e00ef703f15fb2cb68aafed,08647e56f88bafd3bf27fdf1a89562e14561d5ecbcfc121d344a654327dfd264
ALGSTRUCT,ALGSTRUCT,examples,examples/ecg/rec205/rec205-replay.rql,False,compiled,0,0,0,7f9b20a89d7bd1e8b5afbc1d8eceeaecede4100831565b99b316291b59cb1315,05a4c4033f3ca3c4bfb0d7cff126bbf1166be157a414c49282492b57e8304869
ALGSTRUCT,ALGSTRUCT,examples,examples/issue-set/expression/query.rql,False,compiled,0,0,0,02a3450259a6c95e46fa5e64e7a67cf050a642e809d441edd93252dd1b9992e2,05a4c4033f3ca3c4bfb0d7cff126bbf1166be157a414c49282492b57e8304869
ALGSTRUCT,ALGSTRUCT,examples,examples/issue-set/multi-read/issue-multiple-read-form-one-file.rql,False,compiled,0,0,0,7c47e26f50afe57135e902dadb2538408c7846b5be03c8838cdc5370f0d32c80,1b2516306f8d28a090e9ba1741b923eb3e095df4333d09fb8eb2f3ce23058aa5
ALGSTRUCT,ALGSTRUCT,examples,examples/mwd/query-mwnd.rql,True,expected_failure,1,,,e3b0c44298fc1c149afbf4c8996fb92427ae41e4649b934ca495991b7852b855,3d6f51bb3083fb872fe71877b97d91db7e65620d9abf85ee79c9b97292d939c6
ALGSTRUCT,ALGSTRUCT,examples,examples/mwd/query-mwnd2.rql,True,expected_failure,1,,,e3b0c44298fc1c149afbf4c8996fb92427ae41e4649b934ca495991b7852b855,c748bf12f757b3c327ac93c29b7352fb0affb171cbd2c68e61f328b85811ea60
ALGSTRUCT,ALGSTRUCT,examples,examples/mwd/query-mwnd3.rql,False,compiled,0,0,0,3de66ddd54917b8ee01067f20453f248a269f5ae2a56f1fd19f2b5752b7784c5,cbfc273c726a56b89f2f4b23d1a4f4e3a13baad026c89389cc9dd1e7d7dbad79
ALGSTRUCT,ALGSTRUCT,examples,examples/mwd/query-mwnd4.rql,False,compiled,0,0,0,c0140b3fc346740d636926281cda9218319d25473fc3f8b7358c6e45b0157565,cc80fbcc6f24697ec664597728ea3c35275cfaaa1a97102ce2372b71f2ff2422
ALGSTRUCT,ALGSTRUCT,examples,examples/rmpy/adhoc-record/query.rql,False,compiled,0,0,0,e21357978697916bdf5885ee76419dbb14127ee51517feb05d7e955ebcfde31d,05a4c4033f3ca3c4bfb0d7cff126bbf1166be157a414c49282492b57e8304869
ALGSTRUCT,ALGSTRUCT,examples,examples/rmpy/qplan1.rql,False,compiled,0,0,0,da6cbeae535a7a0cffd7349dcf0320e3b5604c195f7d54aeafa77adb53133066,30b874e45398b701780194d6a6f95324a2edcb45eb9cdaec7f1c4992fa985b43
ALGSTRUCT,ALGSTRUCT,examples,examples/rmpy/qplan2.rql,False,compiled,0,0,0,bd44e4b1ce719cbcacc427ab2ce6c3839562173485d71cfe31e09e50f4081439,30b874e45398b701780194d6a6f95324a2edcb45eb9cdaec7f1c4992fa985b43
ALGSTRUCT,ALGSTRUCT,examples,examples/rmpy/qplan3.rql,False,compiled,0,0,0,76f9ded8c6b4832b7c6034dca2c442f7b65e8b8398f2a81689724c6023601789,cbfc273c726a56b89f2f4b23d1a4f4e3a13baad026c89389cc9dd1e7d7dbad79
ALGSTRUCT,ALGSTRUCT,examples,examples/rmpy/query.rql,False,compiled,0,0,0,f29240c8399cf533953be77da6ec45e6d84391c35073d4bb6aea0eb4c4fe3ff1,30b874e45398b701780194d6a6f95324a2edcb45eb9cdaec7f1c4992fa985b43
ALGSTRUCT,ALGSTRUCT,examples,examples/rmpy/query2.rql,False,compiled,0,0,0,2f874152104c8b0aa6c8661467e1f66e17cac2ea80e171e3a672cedfbd99b263,30b874e45398b701780194d6a6f95324a2edcb45eb9cdaec7f1c4992fa985b43
ALGSTRUCT,ALGSTRUCT,examples,examples/rmpy/query3.rql,False,compiled,0,0,0,21a1069674f06d83e426409ff0924030673262ae51a7e3c901a241801194ab4c,30b874e45398b701780194d6a6f95324a2edcb45eb9cdaec7f1c4992fa985b43
ALGSTRUCT,ALGSTRUCT,examples,examples/rmpy/query4.rql,False,compiled,0,0,0,b1afce3b90af7ec81a5f9ed413f7667753073fb40cf4ce64acd81bdc3f907b97,e90e6585580d53e076eeb2be60708edc4cff7420d51301ec1129c163109136ed
ALGSTRUCT,ALGSTRUCT,examples,examples/rmpy/query5.rql,False,compiled,0,0,1,fc2902d0e3b744ce15a4c0e13224ef4753afc70b88ce58c8bb00c8a579e39cb5,c9e66eb500f1a30845c4cd17d5f144a62196028b98564e6a60f31b1ad20071fe
ALGSTRUCT,ALGSTRUCT,examples,examples/rmpy/query6.rql,False,compiled,0,0,0,3dc12d4593a6e836968c24113f80b8af35a383aab32e545ecb07e75ea5a7c4e6,30b874e45398b701780194d6a6f95324a2edcb45eb9cdaec7f1c4992fa985b43
ALGSTRUCT,ALGSTRUCT,examples,examples/rmpy/query7.rql,False,compiled,0,0,0,3783d9ee2824879b5e7bd2fb5617079ccc87b34c035d1a6f6b0650d680b927e3,30b874e45398b701780194d6a6f95324a2edcb45eb9cdaec7f1c4992fa985b43
ALGSTRUCT,ALGSTRUCT,examples,examples/rmpy/query8.rql,False,compiled,0,0,0,6d7a6524ae6b33f62490f3de543c9dc795ea5e50609df5fd1c8e5ce67bd8aa80,d370253f32b8b550829b166b771c558d2073b6a8fbffbea2d9f4756e39323fff
ALGSTRUCT,ALGSTRUCT,examples,examples/rmpy/query9.rql,False,compiled,0,0,0,8bfa23a65eaa454d8f2c3d558cce9fd958258c307edb09384635595f9493325c,784587cb40f71966e2dc08b15379f43bbee7750b3736e5d2c69819d1a67a8598
ALGSTRUCT,ALGSTRUCT,examples,examples/session-record-1/query.rql,False,compiled,0,0,1,49085538dd1693b5f5dec829ce006f43ed10c5286f9f3ac966b68e3b51cd6809,d712452c1b8b7896e68912bf85daabb465a68f836448acb2450aba88b9c28fe2
