F3,M2,50,f3_out_0,346,0,0
F3,M2,51,f3_out_0,346,0,0
F3,M2,52,f3_out_0,347,0,0
F3,M2,53,f3_out_0,348,0,0
F3,M2,54,f3_out_0,348,0,0
F3,M2,55,f3_out_0,349,0,0
F3,M2,56,f3_out_0,349,0,0
F3,M2,57,f3_out_0,350,0,0
F3,M2,58,f3_out_0,350,0,0
F3,M2,59,f3_out_0,351,0,0
F3,M2,60,f3_out_0,351,0,0
F3,M2,61,f3_out_0,352,0,0
F3,M2,62,f3_out_0,353,0,0
F3,M2,63,f3_out_0,353,0,0
F3,M2,64,f3_out_0,354,0,0
F3,M2,65,f3_out_0,354,0,0
F3,M2,66,f3_out_0,355,0,0
F3,M2,67,f3_out_0,355,0,0
F3,M2,68,f3_out_0,356,0,0
F3,M2,69,f3_out_0,356,0,0
F3,M2,70,f3_out_0,357,0,0
F3,M2,71,f3_out_0,358,0,0
F3,M2,72,f3_out_0,358,0,0
F3,M2,73,f3_out_0,359,0,0
F3,M2,74,f3_out_0,359,0,0
F3,M2,75,f3_out_0,360,0,0
F3,M2,76,f3_out_0,360,0,0
F3,M2,77,f3_out_0,361,0,0
F3,M2,78,f3_out_0,361,0,0
F3,M2,79,f3_out_0,362,0,0
F3,M2,80,f3_out_0,363,0,0
F3,M2,81,f3_out_0,363,0,0
F3,M2,82,f3_out_0,364,0,0
F3,M2,83,f3_out_0,364,0,0
F3,M2,84,f3_out_0,365,0,0
F3,M2,85,f3_out_0,365,0,0
F3,M2,86,f3_out_0,366,0,0
F3,M2,87,f3_out_0,366,0,0
F3,M2,88,f3_out_0,367,0,0
F3,M2,89,f3_out_0,368,0,0
F3,M2,90,f3_out_0,368,0,0
F3,M2,91,f3_out_0,369,0,0
F3,M2,92,f3_out_0,369,0,0
F3,M2,93,f3_out_0,370,0,0
F3,M2,94,f3_out_0,370,0,0
F3,M2,95,f3_out_0,371,0,0
F3,M2,96,f3_out_0,371,0,0
F3,M2,97,f3_out_0,372,0,0
F3,M2,98,f3_out_0,373,0,0
F3,M2,99,f3_out_0,373,0,0
F3,M2,100,f3_out_0,374,0,0
F3,M2,101,f3_out_0,374,0,0
F3,M2,102,f3_out_0,375,0,0
F3,M2,103,f3_out_0,375,0,0
F3,M2,104,f3_out_0,376,0,0
F3,M2,105,f3_out_0,376,0,0
F3,M2,106,f3_out_0,377,0,0
F3,M2,107,f3_out_0,378,0,0
F3,M2,108,f3_out_0,378,0,0
F3,M2,109,f3_out_0,379,0,0
F3,M2,110,f3_out_0,379,0,0
F3,M2,111,f3_out_0,380,0,0
F3,M2,112,f3_out_0,380,0,0
F3,M2,113,f3_out_0,381,0,0
F3,M2,114,f3_out_0,381,0,0
F3,M2,115,f3_out_0,382,0,0
F3,M2,116,f3_out_0,383,0,0
F3,M2,117,f3_out_0,383,0,0
F3,M2,118,f3_out_0,384,0,0
F3,M2,119,f3_out_0,384,0,0
F3,M2,120,f3_out_0,385,0,0
F3,M2,121,f3_out_0,385,0,0
F3,M2,122,f3_out_0,386,0,0
F3,M2,123,f3_out_0,386,0,0
F3,M2,124,f3_out_0,387,0,0
F3,M2,125,f3_out_0,388,0,0
F3,M2,126,f3_out_0,388,0,0
F3,M2,127,f3_out_0,389,0,0
F3,M2,128,f3_out_0,389,0,0
F3,M2,129,f3_out_0,390,0,0
F3,M2,130,f3_out_0,390,0,0
F3,M2,131,f3_out_0,391,0,0
F3,M2,132,f3_out_0,391,0,0
F3,M2,133,f3_out_0,392,0,0
F3,M2,134,f3_out_0,393,0,0
F3,M2,135,f3_out_0,393,0,0
F3,M2,136,f3_out_0,394,0,0
F3,M2,137,f3_out_0,394,0,0
F3,M2,138,f3_out_0,395,0,0
F3,M2,139,f3_out_0,395,0,0
F3,M2,140,f3_out_0,396,0,0
F3,M2,141,f3_out_0,396,0,0
F3,M2,142,f3_out_0,397,0,0
F3,M2,143,f3_out_0,398,0,0
F3,M2,144,f3_out_0,398,0,0
F3,M2,145,f3_out_0,399,0,0
F3,M2,146,f3_out_0,399,0,0
F3,M2,147,f3_out_0,400,0,0
F3,M2,148,f3_out_0,400,0,0
F3,M2,149,f3_out_0,401,0,0
F3,M2,150,f3_out_0,401,0,0
F3,M2,151,f3_out_0,402,0,0
F3,M2,152,f3_out_0,403,0,0
F3,M2,153,f3_out_0,403,0,0
F3,M2,154,f3_out_0,404,0,0
F3,M2,155,f3_out_0,404,0,0
F3,M2,156,f3_out_0,405,0,0
F3,M2,157,f3_out_0,405,0,0
F3,M2,158,f3_out_0,406,0,0
F3,M2,159,f3_out_0,406,0,0
F3,M2,160,f3_out_0,407,0,0
F3,M2,161,f3_out_0,408,0,0
F3,M2,162,f3_out_0,408,0,0
F3,M2,163,f3_out_0,409,0,0
F3,M2,164,f3_out_0,409,0,0
F3,M2,165,f3_out_0,410,0,0
F3,M2,166,f3_out_0,410,0,0
F3,M2,167,f3_out_0,411,0,0
F3,M2,168,f3_out_0,411,0,0
F3,M2,169,f3_out_0,412,0,0
F3,M2,170,f3_out_0,413,0,0
F3,M2,171,f3_out_0,413,0,0
F3,M2,172,f3_out_0,414,0,0
F3,M2,173,f3_out_0,414,0,0
F3,M2,174,f3_out_0,415,0,0
F3,M2,175,f3_out_0,415,0,0
F3,M2,176,f3_out_0,416,0,0
F3,M2,177,f3_out_0,416,0,0
F3,M2,178,f3_out_0,417,0,0
F3,M2,179,f3_out_0,418,0,0
F3,M2,180,f3_out_0,418,0,0
F3,M2,181,f3_out_0,419,0,0
F3,M2,182,f3_out_0,419,0,0
F3,M2,183,f3_out_0,420,0,0
F3,M2,184,f3_out_0,420,0,0
F3,M2,185,f3_out_0,421,0,0
F3,M2,186,f3_out_0,421,0,0
F3,M2,187,f3_out_0,422,0,0
F3,M2,188,f3_out_0,423,0,0
F3,M2,189,f3_out_0,423,0,0
F3,M2,190,f3_out_0,424,0,0
F3,M2,191,f3_out_0,424,0,0
F3,M2,192,f3_out_0,425,0,0
F3,M2,193,f3_out_0,425,0,0
F3,M2,194,f3_out_0,426,0,0
F3,M2,195,f3_out_0,426,0,0
F3,M2,196,f3_out_0,427,0,0
F3,M2,197,f3_out_0,428,0,0
F3,M2,198,f3_out_0,428,0,0
F3,M2,199,f3_out_0,429,0,0
F3,M2,200,f3_out_0,429,0,0
F3,M2,201,f3_out_0,430,0,0
F3,M2,202,f3_out_0,430,0,0
F3,M2,203,f3_out_0,431,0,0
F3,M2,204,f3_out_0,431,0,0
F3,M2,205,f3_out_0,432,0,0
F3,M2,206,f3_out_0,433,0,0
F3,M2,207,f3_out_0,433,0,0
F3,M2,208,f3_out_0,434,0,0
F3,M2,209,f3_out_0,434,0,0
F3,M2,210,f3_out_0,435,0,0
F3,M2,211,f3_out_0,435,0,0
F3,M2,212,f3_out_0,436,0,0
F3,M2,213,f3_out_0,436,0,0
F3,M2,214,f3_out_0,437,0,0
F3,M2,215,f3_out_0,438,0,0
F3,M2,216,f3_out_0,438,0,0
F3,M2,217,f3_out_0,439,0,0
F3,M2,218,f3_out_0,439,0,0
F3,M2,219,f3_out_0,440,0,0
F3,M2,220,f3_out_0,440,0,0
F3,M2,221,f3_out_0,441,0,0
F3,M2,222,f3_out_0,441,0,0
F3,M2,223,f3_out_0,442,0,0
F3,M2,224,f3_out_0,443,0,0
F3,M2,225,f3_out_0,443,0,0
F3,M2,226,f3_out_0,444,0,0
F3,M2,227,f3_out_0,444,0,0
F3,M2,228,f3_out_0,445,0,0
F3,M2,229,f3_out_0,445,0,0
F3,M2,230,f3_out_0,446,0,0
F3,M2,231,f3_out_0,446,0,0
F3,M2,232,f3_out_0,447,0,0
F3,M2,233,f3_out_0,448,0,0
F3,M2,234,f3_out_0,448,0,0
F3,M2,235,f3_out_0,449,0,0
F3,M2,236,f3_out_0,449,0,0
F3,M2,237,f3_out_0,450,0,0
F3,M2,238,f3_out_0,450,0,0
F3,M2,239,f3_out_0,451,0,0
F3,M2,240,f3_out_0,451,0,0
F3,M2,241,f3_out_0,452,0,0
F3,M2,242,f3_out_0,453,0,0
F3,M2,243,f3_out_0,453,0,0
F3,M2,244,f3_out_0,454,0,0
F3,M2,245,f3_out_0,454,0,0
F3,M2,246,f3_out_0,455,0,0
F3,M2,247,f3_out_0,455,0,0
F3,M2,248,f3_out_0,456,0,0
F3,M2,249,f3_out_0,456,0,0
F3,M2,250,f3_out_0,457,0,0
F3,M2,251,f3_out_0,458,0,0
F3,M2,252,f3_out_0,458,0,0
F3,M2,253,f3_out_0,459,0,0
F3,M2,254,f3_out_0,459,0,0
F3,M2,255,f3_out_0,460,0,0
F3,M2,256,f3_out_0,460,0,0
F3,M2,257,f3_out_0,461,0,0
F3,M2,258,f3_out_0,461,0,0
F3,M2,259,f3_out_0,462,0,0
F3,M2,260,f3_out_0,463,0,0
F3,M2,261,f3_out_0,463,0,0
F3,M2,262,f3_out_0,464,0,0
F3,M2,263,f3_out_0,464,0,0
F3,M2,264,f3_out_0,465,0,0
F3,M2,265,f3_out_0,465,0,0
F3,M2,266,f3_out_0,466,0,0
F3,M2,267,f3_out_0,466,0,0
F3,M2,268,f3_out_0,467,0,0
F3,M2,269,f3_out_0,468,0,0
F3,M2,270,f3_out_0,468,0,0
F3,M2,271,f3_out_0,469,0,0
F3,M2,272,f3_out_0,469,0,0
F3,M2,273,f3_out_0,470,0,0
F3,M2,274,f3_out_0,470,0,0
F3,M2,275,f3_out_0,471,0,0
F3,M2,276,f3_out_0,471,0,0
F3,M2,277,f3_out_0,472,0,0
F3,M2,278,f3_out_0,473,0,0
F3,M2,279,f3_out_0,473,0,0
F3,M2,280,f3_out_0,474,0,0
F3,M2,281,f3_out_0,474,0,0
F3,M2,282,f3_out_0,475,0,0
F3,M2,283,f3_out_0,475,0,0
F3,M2,284,f3_out_0,476,0,0
F3,M2,285,f3_out_0,476,0,0
F3,M2,286,f3_out_0,477,0,0
F3,M2,287,f3_out_0,478,0,0
F3,M2,288,f3_out_0,478,0,0
F3,M2,289,f3_out_0,479,0,0
F3,M2,290,f3_out_0,479,0,0
F3,M2,291,f3_out_0,480,0,0
F3,M2,292,f3_out_0,480,0,0
F3,M2,293,f3_out_0,481,0,0
F3,M2,294,f3_out_0,481,0,0
F3,M2,295,f3_out_0,482,0,0
F3,M2,296,f3_out_0,483,0,0
F3,M2,297,f3_out_0,483,0,0
F3,M2,298,f3_out_0,484,0,0
F3,M2,299,f3_out_0,484,0,0
F3,M2,300,f3_out_0,485,0,0
F3,M2,301,f3_out_0,485,0,0
F3,M2,302,f3_out_0,486,0,0
F3,M2,303,f3_out_0,486,0,0
F3,M2,304,f3_out_0,487,0,0
F3,M2,305,f3_out_0,488,0,0
F3,M2,306,f3_out_0,488,0,0
F3,M2,307,f3_out_0,489,0,0
F3,M2,308,f3_out_0,489,0,0
F3,M2,309,f3_out_0,490,0,0
F3,M2,310,f3_out_0,490,0,0
F3,M2,311,f3_out_0,491,0,0
F3,M2,312,f3_out_0,491,0,0
F3,M2,313,f3_out_0,492,0,0
F3,M2,314,f3_out_0,493,0,0
F3,M2,315,f3_out_0,493,0,0
F3,M2,316,f3_out_0,494,0,0
F3,M2,317,f3_out_0,494,0,0
F3,M2,318,f3_out_0,495,0,0
F3,M2,319,f3_out_0,495,0,0
F3,M2,320,f3_out_0,496,0,0
F3,M2,321,f3_out_0,496,0,0
F3,M2,322,f3_out_0,497,0,0
F3,M2,323,f3_out_0,498,0,0
F3,M2,324,f3_out_0,498,0,0
F3,M2,325,f3_out_0,499,0,0
F3,M2,326,f3_out_0,499,0,0
F3,M2,327,f3_out_0,500,0,0
F3,M2,328,f3_out_0,500,0,0
F3,M2,329,f3_out_0,501,0,0
F3,M2,330,f3_out_0,501,0,0
F3,M2,331,f3_out_0,502,0,0
F3,M2,332,f3_out_0,503,0,0
F3,M2,333,f3_out_0,503,0,0
F3,M2,334,f3_out_0,504,0,0
F3,M2,335,f3_out_0,504,0,0
F3,M2,336,f3_out_0,505,0,0
F3,M2,337,f3_out_0,505,0,0
F3,M2,338,f3_out_0,506,0,0
F3,M2,339,f3_out_0,506,0,0
F3,M2,340,f3_out_0,507,0,0
F3,M2,341,f3_out_0,508,0,0
F3,M2,342,f3_out_0,508,0,0
F3,M2,343,f3_out_0,509,0,0
F3,M2,344,f3_out_0,509,0,0
F3,M2,345,f3_out_0,510,0,0
F3,M2,346,f3_out_0,510,0,0
F3,M2,347,f3_out_0,511,0,0
F3,M2,348,f3_out_0,511,0,0
F3,M2,349,f3_out_0,512,0,0
F3,M2,350,f3_out_0,513,0,0
F3,M2,351,f3_out_0,513,0,0
F3,M2,352,f3_out_0,514,0,0
F3,M2,353,f3_out_0,514,0,0
F3,M2,354,f3_out_0,515,0,0
F3,M2,355,f3_out_0,515,0,0
F3,M2,356,f3_out_0,516,0,0
F3,M2,357,f3_out_0,516,0,0
F3,M2,358,f3_out_0,517,0,0
F3,M2,359,f3_out_0,518,0,0
F3,M2,360,f3_out_0,518,0,0
F3,M2,361,f3_out_0,519,0,0
F3,M2,362,f3_out_0,519,0,0
F3,M2,363,f3_out_0,520,0,0
F3,M2,364,f3_out_0,520,0,0
F3,M2,365,f3_out_0,521,0,0
F3,M2,366,f3_out_0,521,0,0
F3,M2,367,f3_out_0,522,0,0
F3,M2,368,f3_out_0,523,0,0
F3,M2,369,f3_out_0,523,0,0
F3,M2,370,f3_out_0,524,0,0
F3,M2,371,f3_out_0,524,0,0
F3,M2,372,f3_out_0,525,0,0
F3,M2,373,f3_out_0,525,0,0
F3,M2,374,f3_out_0,526,0,0
F3,M2,375,f3_out_0,526,0,0
F3,M2,376,f3_out_0,527,0,0
F3,M2,377,f3_out_0,528,0,0
F3,M2,378,f3_out_0,528,0,0
F3,M2,379,f3_out_0,529,0,0
F3,M2,380,f3_out_0,529,0,0
F3,M2,381,f3_out_0,530,0,0
F3,M2,382,f3_out_0,530,0,0
F3,M2,383,f3_out_0,531,0,0
F3,M2,384,f3_out_0,531,0,0
F3,M2,385,f3_out_0,532,0,0
F3,M2,386,f3_out_0,533,0,0
F3,M2,387,f3_out_0,533,0,0
F3,M2,388,f3_out_0,534,0,0
F3,M2,389,f3_out_0,534,0,0
F3,M2,390,f3_out_0,535,0,0
F3,M2,391,f3_out_0,535,0,0
F3,M2,392,f3_out_0,536,0,0
F3,M2,393,f3_out_0,536,0,0
F3,M2,394,f3_out_0,537,0,0
F3,M2,395,f3_out_0,538,0,0
F3,M2,396,f3_out_0,538,0,0
F3,M2,397,f3_out_0,539,0,0
F3,M2,398,f3_out_0,539,0,0
F3,M2,399,f3_out_0,540,0,0
F3,M2,400,f3_out_0,540,0,0
F3,M2,401,f3_out_0,541,0,0
F3,M2,402,f3_out_0,541,0,0
F3,M2,403,f3_out_0,542,0,0
F3,M2,404,f3_out_0,543,0,0
F3,M2,405,f3_out_0,543,0,0
F3,M2,406,f3_out_0,544,0,0
F3,M2,407,f3_out_0,544,0,0
F3,M2,408,f3_out_0,545,0,0
F3,M2,409,f3_out_0,545,0,0
F3,M2,410,f3_out_0,546,0,0
F3,M2,411,f3_out_0,546,0,0
F3,M2,412,f3_out_0,547,0,0
F3,M2,413,f3_out_0,548,0,0
F3,M2,414,f3_out_0,548,0,0
F3,M2,415,f3_out_0,549,0,0
F3,M2,416,f3_out_0,549,0,0
F3,M2,417,f3_out_0,550,0,0
F3,M2,418,f3_out_0,550,0,0
F3,M2,419,f3_out_0,551,0,0
F3,M2,420,f3_out_0,551,0,0
F3,M2,421,f3_out_0,552,0,0
F3,M2,422,f3_out_0,553,0,0
F3,M2,423,f3_out_0,553,0,0
F3,M2,424,f3_out_0,554,0,0
F3,M2,425,f3_out_0,554,0,0
F3,M2,426,f3_out_0,555,0,0
F3,M2,427,f3_out_0,555,0,0
F3,M2,428,f3_out_0,556,0,0
F3,M2,429,f3_out_0,556,0,0
F3,M2,430,f3_out_0,557,0,0
F3,M2,431,f3_out_0,558,0,0
F3,M2,432,f3_out_0,558,0,0
F3,M2,433,f3_out_0,559,0,0
F3,M2,434,f3_out_0,559,0,0
F3,M2,435,f3_out_0,560,0,0
F3,M2,436,f3_out_0,560,0,0
F3,M2,437,f3_out_0,561,0,0
F3,M2,438,f3_out_0,561,0,0
F3,M2,439,f3_out_0,562,0,0
F3,M2,440,f3_out_0,563,0,0
F3,M2,441,f3_out_0,563,0,0
F3,M2,442,f3_out_0,564,0,0
F3,M2,443,f3_out_0,564,0,0
F3,M2,444,f3_out_0,565,0,0
F3,M2,445,f3_out_0,565,0,0
F3,M2,446,f3_out_0,566,0,0
F3,M2,447,f3_out_0,566,0,0
F3,M2,448,f3_out_0,567,0,0
F3,M2,449,f3_out_0,568,0,0
F3,M2,450,f3_out_0,568,0,0
F3,M2,451,f3_out_0,569,0,0
F3,M2,452,f3_out_0,569,0,0
F3,M2,453,f3_out_0,570,0,0
F3,M2,454,f3_out_0,570,0,0
F3,M2,455,f3_out_0,571,0,0
F3,M2,456,f3_out_0,571,0,0
F3,M2,457,f3_out_0,572,0,0
F3,M2,458,f3_out_0,573,0,0
F3,M2,459,f3_out_0,573,0,0
F3,M2,460,f3_out_0,574,0,0
F3,M2,461,f3_out_0,574,0,0
F3,M2,462,f3_out_0,575,0,0
F3,M2,463,f3_out_0,575,0,0
F3,M2,464,f3_out_0,576,0,0
F3,M2,465,f3_out_0,576,0,0
F3,M2,466,f3_out_0,577,0,0
F3,M2,467,f3_out_0,578,0,0
F3,M2,468,f3_out_0,578,0,0
F3,M2,469,f3_out_0,579,0,0
F3,M2,470,f3_out_0,579,0,0
F3,M2,471,f3_out_0,580,0,0
F3,M2,472,f3_out_0,580,0,0
F3,M2,473,f3_out_0,581,0,0
F3,M2,474,f3_out_0,581,0,0
F3,M2,475,f3_out_0,582,0,0
F3,M2,476,f3_out_0,583,0,0
F3,M2,477,f3_out_0,583,0,0
F3,M2,478,f3_out_0,584,0,0
F3,M2,479,f3_out_0,584,0,0
F3,M2,480,f3_out_0,585,0,0
F3,M2,481,f3_out_0,585,0,0
F3,M2,482,f3_out_0,586,0,0
F3,M2,483,f3_out_0,586,0,0
F3,M2,484,f3_out_0,587,0,0
F3,M2,485,f3_out_0,588,0,0
F3,M2,486,f3_out_0,588,0,0
F3,M2,487,f3_out_0,589,0,0
F3,M2,488,f3_out_0,589,0,0
F3,M2,489,f3_out_0,590,0,0
F3,M2,490,f3_out_0,590,0,0
F3,M2,491,f3_out_0,591,0,0
F3,M2,492,f3_out_0,591,0,0
F3,M2,493,f3_out_0,592,0,0
F3,M2,494,f3_out_0,593,0,0
F3,M2,495,f3_out_0,593,0,0
F3,M2,496,f3_out_0,594,0,0
F3,M2,497,f3_out_0,594,0,0
F3,M2,498,f3_out_0,595,0,0
F3,M2,499,f3_out_0,595,0,0
F3,M2,500,f3_out_0,596,0,0
F3,M2,501,f3_out_0,596,0,0
F3,M2,502,f3_out_0,597,0,0
F3,M2,503,f3_out_0,598,0,0
F3,M2,504,f3_out_0,598,0,0
F3,M2,505,f3_out_0,599,0,0
F3,M2,506,f3_out_0,599,0,0
F3,M2,507,f3_out_0,600,0,0
F3,M2,508,f3_out_0,600,0,0
F3,M2,509,f3_out_0,601,0,0
F3,M2,510,f3_out_0,601,0,0
F3,M2,511,f3_out_0,602,0,0
F3,M2,512,f3_out_0,603,0,0
F3,M2,513,f3_out_0,603,0,0
F3,M2,514,f3_out_0,604,0,0
F3,M2,515,f3_out_0,604,0,0
F3,M2,516,f3_out_0,605,0,0
F3,M2,517,f3_out_0,605,0,0
F3,M2,518,f3_out_0,606,0,0
F3,M2,519,f3_out_0,606,0,0
F3,M2,520,f3_out_0,607,0,0
F3,M2,521,f3_out_0,608,0,0
F3,M2,522,f3_out_0,608,0,0
F3,M2,523,f3_out_0,609,0,0
F3,M2,524,f3_out_0,609,0,0
F3,M2,525,f3_out_0,610,0,0
F3,M2,526,f3_out_0,610,0,0
F3,M2,527,f3_out_0,611,0,0
F3,M2,528,f3_out_0,611,0,0
F3,M2,529,f3_out_0,612,0,0
F3,M2,530,f3_out_0,613,0,0
F3,M2,531,f3_out_0,613,0,0
F3,M2,532,f3_out_0,614,0,0
F3,M2,533,f3_out_0,614,0,0
F3,M2,534,f3_out_0,615,0,0
F3,M2,535,f3_out_0,615,0,0
F3,M2,536,f3_out_0,616,0,0
F3,M2,537,f3_out_0,616,0,0
F3,M2,538,f3_out_0,617,0,0
F3,M2,539,f3_out_0,618,0,0
F3,M2,540,f3_out_0,618,0,0
F3,M2,541,f3_out_0,619,0,0
F3,M2,542,f3_out_0,619,0,0
F3,M2,543,f3_out_0,620,0,0
F3,M2,544,f3_out_0,620,0,0
F3,M2,545,f3_out_0,621,0,0
F3,M2,546,f3_out_0,621,0,0
F3,M2,547,f3_out_0,622,0,0
F3,M2,548,f3_out_0,623,0,0
F3,M2,549,f3_out_0,623,0,0
F3,M2,550,f3_out_0,624,0,0
F3,M2,551,f3_out_0,624,0,0
F3,M2,552,f3_out_0,625,0,0
F3,M2,553,f3_out_0,625,0,0
F3,M2,554,f3_out_0,626,0,0
F3,M2,555,f3_out_0,626,0,0
F3,M2,556,f3_out_0,627,0,0
F3,M2,557,f3_out_0,628,0,0
F3,M2,558,f3_out_0,628,0,0
F3,M2,559,f3_out_0,629,0,0
F3,M2,560,f3_out_0,629,0,0
F3,M2,561,f3_out_0,630,0,0
F3,M2,562,f3_out_0,630,0,0
F3,M2,563,f3_out_0,631,0,0
F3,M2,564,f3_out_0,631,0,0
F3,M2,565,f3_out_0,632,0,0
F3,M2,566,f3_out_0,633,0,0
F3,M2,567,f3_out_0,633,0,0
F3,M2,568,f3_out_0,634,0,0
F3,M2,569,f3_out_0,634,0,0
F3,M2,570,f3_out_0,635,0,0
F3,M2,571,f3_out_0,635,0,0
F3,M2,572,f3_out_0,636,0,0
F3,M2,573,f3_out_0,636,0,0
F3,M2,574,f3_out_0,637,0,0
F3,M2,575,f3_out_0,638,0,0
F3,M2,576,f3_out_0,638,0,0
F3,M2,577,f3_out_0,639,0,0
F3,M2,578,f3_out_0,639,0,0
F3,M2,579,f3_out_0,640,0,0
F3,M2,580,f3_out_0,640,0,0
F3,M2,581,f3_out_0,641,0,0
F3,M2,582,f3_out_0,641,0,0
F3,M2,583,f3_out_0,642,0,0
F3,M2,584,f3_out_0,643,0,0
F3,M2,585,f3_out_0,643,0,0
F3,M2,586,f3_out_0,644,0,0
F3,M2,587,f3_out_0,644,0,0
F3,M2,588,f3_out_0,645,0,0
F3,M2,589,f3_out_0,645,0,0
F3,M2,590,f3_out_0,646,0,0
F3,M2,591,f3_out_0,646,0,0
F3,M2,592,f3_out_0,647,0,0
F3,M2,593,f3_out_0,648,0,0
F3,M2,594,f3_out_0,648,0,0
F3,M2,595,f3_out_0,649,0,0
F3,M2,596,f3_out_0,649,0,0
F3,M2,597,f3_out_0,650,0,0
F3,M2,598,f3_out_0,650,0,0
F3,M2,599,f3_out_0,651,0,0
F3,M2,600,f3_out_0,651,0,0
F3,M2,601,f3_out_0,652,0,0
F3,M2,602,f3_out_0,653,0,0
F3,M2,603,f3_out_0,653,0,0
F3,M2,604,f3_out_0,654,0,0
F3,M2,605,f3_out_0,654,0,0
F3,M2,606,f3_out_0,655,0,0
F3,M2,607,f3_out_0,655,0,0
F3,M2,608,f3_out_0,656,0,0
F3,M2,609,f3_out_0,656,0,0
F3,M2,610,f3_out_0,657,0,0
F3,M2,611,f3_out_0,658,0,0
F3,M2,612,f3_out_0,658,0,0
F3,M2,613,f3_out_0,659,0,0
F3,M2,614,f3_out_0,659,0,0
F3,M2,615,f3_out_0,660,0,0
F3,M2,616,f3_out_0,660,0,0
F3,M2,617,f3_out_0,661,0,0
F3,M2,618,f3_out_0,661,0,0
F3,M2,619,f3_out_0,662,0,0
F3,M2,620,f3_out_0,663,0,0
F3,M2,621,f3_out_0,663,0,0
F3,M2,622,f3_out_0,664,0,0
F3,M2,623,f3_out_0,664,0,0
F3,M2,624,f3_out_0,665,0,0
F3,M2,625,f3_out_0,665,0,0
F3,M2,626,f3_out_0,666,0,0
F3,M2,627,f3_out_0,666,0,0
F3,M2,628,f3_out_0,667,0,0
F3,M2,629,f3_out_0,668,0,0
F3,M2,630,f3_out_0,668,0,0
F3,M2,631,f3_out_0,669,0,0
F3,M2,632,f3_out_0,669,0,0
F3,M2,633,f3_out_0,670,0,0
F3,M2,634,f3_out_0,670,0,0
F3,M2,635,f3_out_0,671,0,0
F3,M2,636,f3_out_0,671,0,0
F3,M2,637,f3_out_0,672,0,0
F3,M2,638,f3_out_0,673,0,0
F3,M2,639,f3_out_0,673,0,0
F3,M2,640,f3_out_0,674,0,0
F3,M2,641,f3_out_0,674,0,0
F3,M2,642,f3_out_0,675,0,0
F3,M2,643,f3_out_0,675,0,0
F3,M2,644,f3_out_0,676,0,0
F3,M2,645,f3_out_0,676,0,0
F3,M2,646,f3_out_0,677,0,0
F3,M2,647,f3_out_0,678,0,0
F3,M2,648,f3_out_0,678,0,0
F3,M2,649,f3_out_0,679,0,0
F3,M2,650,f3_out_0,679,0,0
F3,M2,651,f3_out_0,680,0,0
F3,M2,652,f3_out_0,680,0,0
F3,M2,653,f3_out_0,681,0,0
F3,M2,654,f3_out_0,681,0,0
F3,M2,655,f3_out_0,682,0,0
F3,M2,656,f3_out_0,683,0,0
F3,M2,657,f3_out_0,683,0,0
F3,M2,658,f3_out_0,684,0,0
F3,M2,659,f3_out_0,684,0,0
F3,M2,660,f3_out_0,685,0,0
F3,M2,661,f3_out_0,685,0,0
F3,M2,662,f3_out_0,686,0,0
F3,M2,663,f3_out_0,686,0,0
F3,M2,664,f3_out_0,687,0,0
F3,M2,665,f3_out_0,688,0,0
F3,M2,666,f3_out_0,688,0,0
F3,M2,667,f3_out_0,689,0,0
F3,M2,668,f3_out_0,689,0,0
F3,M2,669,f3_out_0,690,0,0
F3,M2,670,f3_out_0,690,0,0
F3,M2,671,f3_out_0,691,0,0
F3,M2,672,f3_out_0,691,0,0
F3,M2,673,f3_out_0,692,0,0
F3,M2,674,f3_out_0,693,0,0
F3,M2,675,f3_out_0,693,0,0
F3,M2,676,f3_out_0,694,0,0
F3,M2,677,f3_out_0,694,0,0
F3,M2,678,f3_out_0,695,0,0
F3,M2,679,f3_out_0,695,0,0
F3,M2,680,f3_out_0,696,0,0
F3,M2,681,f3_out_0,696,0,0
F3,M2,682,f3_out_0,697,0,0
F3,M2,683,f3_out_0,698,0,0
F3,M2,684,f3_out_0,698,0,0
F3,M2,685,f3_out_0,699,0,0
F3,M2,686,f3_out_0,699,0,0
F3,M2,687,f3_out_0,700,0,0
F3,M2,688,f3_out_0,700,0,0
F3,M2,689,f3_out_0,701,0,0
F3,M2,690,f3_out_0,701,0,0
F3,M2,691,f3_out_0,702,0,0
F3,M2,692,f3_out_0,703,0,0
F3,M2,693,f3_out_0,703,0,0
F3,M2,694,f3_out_0,704,0,0
F3,M2,695,f3_out_0,704,0,0
F3,M2,696,f3_out_0,705,0,0
F3,M2,697,f3_out_0,705,0,0
F3,M2,698,f3_out_0,706,0,0
F3,M2,699,f3_out_0,706,0,0
F3,M2,700,f3_out_0,707,0,0
F3,M2,701,f3_out_0,708,0,0
F3,M2,702,f3_out_0,708,0,0
F3,M2,703,f3_out_0,709,0,0
F3,M2,704,f3_out_0,709,0,0
F3,M2,705,f3_out_0,710,0,0
F3,M2,706,f3_out_0,710,0,0
F3,M2,707,f3_out_0,711,0,0
F3,M2,708,f3_out_0,711,0,0
F3,M2,709,f3_out_0,712,0,0
F3,M2,710,f3_out_0,713,0,0
F3,M2,711,f3_out_0,713,0,0
F3,M2,712,f3_out_0,714,0,0
F3,M2,713,f3_out_0,714,0,0
F3,M2,714,f3_out_0,715,0,0
F3,M2,715,f3_out_0,715,0,0
F3,M2,716,f3_out_0,716,0,0
F3,M2,717,f3_out_0,716,0,0
F3,M2,718,f3_out_0,717,0,0
F3,M2,719,f3_out_0,718,0,0
F3,M2,720,f3_out_0,718,0,0
F3,M2,721,f3_out_0,719,0,0
F3,M2,722,f3_out_0,719,0,0
F3,M2,723,f3_out_0,720,0,0
F3,M2,724,f3_out_0,720,0,0
F3,M2,725,f3_out_0,721,0,0
F3,M2,726,f3_out_0,721,0,0
F3,M2,727,f3_out_0,722,0,0
F3,M2,728,f3_out_0,723,0,0
F3,M2,729,f3_out_0,723,0,0
F3,M2,730,f3_out_0,724,0,0
F3,M2,731,f3_out_0,724,0,0
F3,M2,732,f3_out_0,725,0,0
F3,M2,733,f3_out_0,725,0,0
F3,M2,734,f3_out_0,726,0,0
F3,M2,735,f3_out_0,726,0,0
F3,M2,736,f3_out_0,727,0,0
F3,M2,737,f3_out_0,728,0,0
F3,M2,738,f3_out_0,728,0,0
F3,M2,739,f3_out_0,729,0,0
F3,M2,740,f3_out_0,729,0,0
F3,M2,741,f3_out_0,730,0,0
F3,M2,742,f3_out_0,730,0,0
F3,M2,743,f3_out_0,731,0,0
F3,M2,744,f3_out_0,731,0,0
F3,M2,745,f3_out_0,732,0,0
F3,M2,746,f3_out_0,733,0,0
F3,M2,747,f3_out_0,733,0,0
F3,M2,748,f3_out_0,734,0,0
F3,M2,749,f3_out_0,734,0,0
F3,M2,750,f3_out_0,735,0,0
F3,M2,751,f3_out_0,735,0,0
F3,M2,752,f3_out_0,736,0,0
F3,M2,753,f3_out_0,736,0,0
F3,M2,754,f3_out_0,737,0,0
F3,M2,755,f3_out_0,738,0,0
F3,M2,756,f3_out_0,738,0,0
F3,M2,757,f3_out_0,739,0,0
F3,M2,758,f3_out_0,739,0,0
F3,M2,759,f3_out_0,740,0,0
F3,M2,760,f3_out_0,740,0,0
F3,M2,761,f3_out_0,741,0,0
F3,M2,762,f3_out_0,741,0,0
F3,M2,763,f3_out_0,742,0,0
F3,M2,764,f3_out_0,743,0,0
F3,M2,765,f3_out_0,743,0,0
F3,M2,766,f3_out_0,744,0,0
F3,M2,767,f3_out_0,744,0,0
F3,M2,768,f3_out_0,745,0,0
F3,M2,769,f3_out_0,745,0,0
F3,M2,770,f3_out_0,746,0,0
F3,M2,771,f3_out_0,746,0,0
F3,M2,772,f3_out_0,747,0,0
F3,M2,773,f3_out_0,748,0,0
F3,M2,774,f3_out_0,748,0,0
F3,M2,775,f3_out_0,749,0,0
F3,M2,776,f3_out_0,749,0,0
F3,M2,777,f3_out_0,750,0,0
F3,M2,778,f3_out_0,750,0,0
F3,M2,779,f3_out_0,751,0,0
F3,M2,780,f3_out_0,751,0,0
F3,M2,781,f3_out_0,752,0,0
F3,M2,782,f3_out_0,753,0,0
F3,M2,783,f3_out_0,753,0,0
F3,M2,784,f3_out_0,754,0,0
F3,M2,785,f3_out_0,754,0,0
F3,M2,786,f3_out_0,755,0,0
F3,M2,787,f3_out_0,755,0,0
F3,M2,788,f3_out_0,756,0,0
F3,M2,789,f3_out_0,756,0,0
F3,M2,790,f3_out_0,757,0,0
F3,M2,791,f3_out_0,758,0,0
F3,M2,792,f3_out_0,758,0,0
F3,M2,793,f3_out_0,759,0,0
F3,M2,794,f3_out_0,759,0,0
F3,M2,795,f3_out_0,760,0,0
F3,M2,796,f3_out_0,760,0,0
F3,M2,797,f3_out_0,761,0,0
F3,M2,798,f3_out_0,761,0,0
F3,M2,799,f3_out_0,762,0,0
F3,M2,800,f3_out_0,763,0,0
F3,M2,801,f3_out_0,763,0,0
F3,M2,802,f3_out_0,764,0,0
F3,M2,803,f3_out_0,764,0,0
F3,M2,804,f3_out_0,765,0,0
F3,M2,805,f3_out_0,765,0,0
F3,M2,806,f3_out_0,766,0,0
F3,M2,807,f3_out_0,766,0,0
F3,M2,808,f3_out_0,767,0,0
F3,M2,809,f3_out_0,768,0,0
F3,M2,810,f3_out_0,768,0,0
F3,M2,811,f3_out_0,769,0,0
F3,M2,812,f3_out_0,769,0,0
F3,M2,813,f3_out_0,770,0,0
F3,M2,814,f3_out_0,770,0,0
F3,M2,815,f3_out_0,771,0,0
F3,M2,816,f3_out_0,771,0,0
F3,M2,817,f3_out_0,772,0,0
F3,M2,818,f3_out_0,773,0,0
F3,M2,819,f3_out_0,773,0,0
F3,M2,820,f3_out_0,774,0,0
F3,M2,821,f3_out_0,774,0,0
F3,M2,822,f3_out_0,775,0,0
F3,M2,823,f3_out_0,775,0,0
F3,M2,824,f3_out_0,776,0,0
F3,M2,825,f3_out_0,776,0,0
F3,M2,826,f3_out_0,777,0,0
F3,M2,827,f3_out_0,778,0,0
F3,M2,828,f3_out_0,778,0,0
F3,M2,829,f3_out_0,779,0,0
F3,M2,830,f3_out_0,779,0,0
F3,M2,831,f3_out_0,780,0,0
F3,M2,832,f3_out_0,780,0,0
F3,M2,833,f3_out_0,781,0,0
F3,M2,834,f3_out_0,781,0,0
F3,M2,835,f3_out_0,782,0,0
F3,M2,836,f3_out_0,783,0,0
F3,M2,837,f3_out_0,783,0,0
F3,M2,838,f3_out_0,784,0,0
F3,M2,839,f3_out_0,784,0,0
F3,M2,840,f3_out_0,785,0,0
F3,M2,841,f3_out_0,785,0,0
F3,M2,842,f3_out_0,786,0,0
F3,M2,843,f3_out_0,786,0,0
F3,M2,844,f3_out_0,787,0,0
F3,M2,845,f3_out_0,788,0,0
F3,M2,846,f3_out_0,788,0,0
F3,M2,847,f3_out_0,789,0,0
F3,M2,848,f3_out_0,789,0,0
F3,M2,849,f3_out_0,790,0,0
F3,M2,850,f3_out_0,790,0,0
F3,M2,851,f3_out_0,791,0,0
F3,M2,852,f3_out_0,791,0,0
F3,M2,853,f3_out_0,792,0,0
F3,M2,854,f3_out_0,793,0,0
F3,M2,855,f3_out_0,793,0,0
F3,M2,856,f3_out_0,794,0,0
F3,M2,857,f3_out_0,794,0,0
F3,M2,858,f3_out_0,795,0,0
F3,M2,859,f3_out_0,795,0,0
F3,M2,860,f3_out_0,796,0,0
F3,M2,861,f3_out_0,796,0,0
F3,M2,862,f3_out_0,797,0,0
F3,M2,863,f3_out_0,798,0,0
F3,M2,864,f3_out_0,798,0,0
F3,M2,865,f3_out_0,799,0,0
F3,M2,866,f3_out_0,799,0,0
F3,M2,867,f3_out_0,800,0,0
F3,M2,868,f3_out_0,800,0,0
F3,M2,869,f3_out_0,801,0,0
F3,M2,870,f3_out_0,801,0,0
F3,M2,871,f3_out_0,802,0,0
F3,M2,872,f3_out_0,803,0,0
F3,M2,873,f3_out_0,803,0,0
F3,M2,874,f3_out_0,804,0,0
F3,M2,875,f3_out_0,804,0,0
F3,M2,876,f3_out_0,805,0,0
F3,M2,877,f3_out_0,805,0,0
F3,M2,878,f3_out_0,806,0,0
F3,M2,879,f3_out_0,806,0,0
F3,M2,880,f3_out_0,807,0,0
F3,M2,881,f3_out_0,808,0,0
F3,M2,882,f3_out_0,808,0,0
F3,M2,883,f3_out_0,809,0,0
F3,M2,884,f3_out_0,809,0,0
F3,M2,885,f3_out_0,810,0,0
F3,M2,886,f3_out_0,810,0,0
F3,M2,887,f3_out_0,811,0,0
F3,M2,888,f3_out_0,811,0,0
F3,M2,889,f3_out_0,812,0,0
F3,M2,890,f3_out_0,813,0,0
F3,M2,891,f3_out_0,813,0,0
F3,M2,892,f3_out_0,814,0,0
F3,M2,893,f3_out_0,814,0,0
F3,M2,894,f3_out_0,815,0,0
F3,M2,895,f3_out_0,815,0,0
F3,M2,896,f3_out_0,816,0,0
F3,M2,897,f3_out_0,816,0,0
F3,M2,898,f3_out_0,817,0,0
F3,M2,899,f3_out_0,818,0,0
F3,M2,900,f3_out_0,818,0,0
F3,M2,901,f3_out_0,819,0,0
F3,M2,902,f3_out_0,819,0,0
F3,M2,903,f3_out_0,820,0,0
F3,M2,904,f3_out_0,820,0,0
F3,M2,905,f3_out_0,821,0,0
F3,M2,906,f3_out_0,821,0,0
F3,M2,907,f3_out_0,822,0,0
F3,M2,908,f3_out_0,823,0,0
F3,M2,909,f3_out_0,823,0,0
F3,M2,910,f3_out_0,824,0,0
F3,M2,911,f3_out_0,824,0,0
F3,M2,912,f3_out_0,825,0,0
F3,M2,913,f3_out_0,825,0,0
F3,M2,914,f3_out_0,826,0,0
F3,M2,915,f3_out_0,826,0,0
F3,M2,916,f3_out_0,827,0,0
F3,M2,917,f3_out_0,828,0,0
F3,M2,918,f3_out_0,828,0,0
F3,M2,919,f3_out_0,829,0,0
F3,M2,920,f3_out_0,829,0,0
F3,M2,921,f3_out_0,830,0,0
F3,M2,922,f3_out_0,830,0,0
F3,M2,923,f3_out_0,831,0,0
F3,M2,924,f3_out_0,831,0,0
F3,M2,925,f3_out_0,832,0,0
F3,M2,926,f3_out_0,833,0,0
F3,M2,927,f3_out_0,833,0,0
F3,M2,928,f3_out_0,834,0,0
F3,M2,929,f3_out_0,834,0,0
F3,M2,930,f3_out_0,835,0,0
F3,M2,931,f3_out_0,835,0,0
F3,M2,932,f3_out_0,836,0,0
F3,M2,933,f3_out_0,836,0,0
F3,M2,934,f3_out_0,837,0,0
F3,M2,935,f3_out_0,838,0,0
F3,M2,936,f3_out_0,838,0,0
F3,M2,937,f3_out_0,839,0,0
F3,M2,938,f3_out_0,839,0,0
F3,M2,939,f3_out_0,840,0,0
F3,M2,940,f3_out_0,840,0,0
F3,M2,941,f3_out_0,841,0,0
F3,M2,942,f3_out_0,841,0,0
F3,M2,943,f3_out_0,842,0,0
F3,M2,944,f3_out_0,843,0,0
F3,M2,945,f3_out_0,843,0,0
F3,M2,946,f3_out_0,844,0,0
F3,M2,947,f3_out_0,844,0,0
F3,M2,948,f3_out_0,845,0,0
F3,M2,949,f3_out_0,845,0,0
F3,M2,950,f3_out_0,846,0,0
F3,M2,951,f3_out_0,846,0,0
F3,M2,952,f3_out_0,847,0,0
F3,M2,953,f3_out_0,848,0,0
F3,M2,954,f3_out_0,848,0,0
F3,M2,955,f3_out_0,849,0,0
F3,M2,956,f3_out_0,849,0,0
F3,M2,957,f3_out_0,850,0,0
F3,M2,958,f3_out_0,850,0,0
F3,M2,959,f3_out_0,851,0,0
F3,M2,960,f3_out_0,851,0,0
F3,M2,961,f3_out_0,852,0,0
F3,M2,962,f3_out_0,853,0,0
F3,M2,963,f3_out_0,853,0,0
F3,M2,964,f3_out_0,854,0,0
F3,M2,965,f3_out_0,854,0,0
F3,M2,966,f3_out_0,855,0,0
F3,M2,967,f3_out_0,855,0,0
F3,M2,968,f3_out_0,856,0,0
F3,M2,969,f3_out_0,856,0,0
F3,M2,970,f3_out_0,857,0,0
F3,M2,971,f3_out_0,858,0,0
F3,M2,972,f3_out_0,858,0,0
F3,M2,973,f3_out_0,859,0,0
F3,M2,974,f3_out_0,859,0,0
F3,M2,975,f3_out_0,860,0,0
F3,M2,976,f3_out_0,860,0,0
F3,M2,977,f3_out_0,861,0,0
F3,M2,978,f3_out_0,861,0,0
F3,M2,979,f3_out_0,862,0,0
F3,M2,980,f3_out_0,863,0,0
F3,M2,981,f3_out_0,863,0,0
F3,M2,982,f3_out_0,864,0,0
F3,M2,983,f3_out_0,864,0,0
F3,M2,984,f3_out_0,865,0,0
F3,M2,985,f3_out_0,865,0,0
F3,M2,986,f3_out_0,866,0,0
F3,M2,987,f3_out_0,866,0,0
F3,M2,988,f3_out_0,867,0,0
F3,M2,989,f3_out_0,868,0,0
F3,M2,990,f3_out_0,868,0,0
F3,M2,991,f3_out_0,869,0,0
F3,M2,992,f3_out_0,869,0,0
F3,M2,993,f3_out_0,870,0,0
F3,M2,994,f3_out_0,870,0,0
F3,M2,995,f3_out_0,871,0,0
F3,M2,996,f3_out_0,871,0,0
F3,M2,997,f3_out_0,872,0,0
F3,M2,998,f3_out_0,873,0,0
F3,M2,999,f3_out_0,873,0,0
F3,M2,1000,f3_out_0,874,0,0
F3,M2,1001,f3_out_0,874,0,0
F3,M2,1002,f3_out_0,875,0,0
F3,M2,1003,f3_out_0,875,0,0
F3,M2,1004,f3_out_0,876,0,0
F3,M2,1005,f3_out_0,876,0,0
F3,M2,1006,f3_out_0,877,0,0
F3,M2,1007,f3_out_0,878,0,0
F3,M2,1008,f3_out_0,878,0,0
F3,M2,1009,f3_out_0,879,0,0
F3,M2,1010,f3_out_0,879,0,0
F3,M2,1011,f3_out_0,880,0,0
F3,M2,1012,f3_out_0,880,0,0
F3,M2,1013,f3_out_0,881,0,0
F3,M2,1014,f3_out_0,881,0,0
F3,M2,1015,f3_out_0,882,0,0
F3,M2,1016,f3_out_0,883,0,0
F3,M2,1017,f3_out_0,883,0,0
F3,M2,1018,f3_out_0,884,0,0
F3,M2,1019,f3_out_0,884,0,0
F3,M2,1020,f3_out_0,885,0,0
F3,M2,1021,f3_out_0,885,0,0
F3,M2,1022,f3_out_0,886,0,0
F3,M2,1023,f3_out_0,886,0,0
F3,M2,1024,f3_out_0,887,0,0
F3,M2,1025,f3_out_0,888,0,0
F3,M2,1026,f3_out_0,888,0,0
F3,M2,1027,f3_out_0,889,0,0
F3,M2,1028,f3_out_0,889,0,0
F3,M2,1029,f3_out_0,890,0,0
F3,M2,1030,f3_out_0,890,0,0
F3,M2,1031,f3_out_0,891,0,0
F3,M2,1032,f3_out_0,891,0,0
F3,M2,1033,f3_out_0,892,0,0
F3,M2,1034,f3_out_0,893,0,0
F3,M2,1035,f3_out_0,893,0,0
F3,M2,1036,f3_out_0,894,0,0
F3,M2,1037,f3_out_0,894,0,0
F3,M2,1038,f3_out_0,895,0,0
F3,M2,1039,f3_out_0,895,0,0
F3,M2,1040,f3_out_0,896,0,0
F3,M2,1041,f3_out_0,896,0,0
F3,M2,1042,f3_out_0,897,0,0
F3,M2,1043,f3_out_0,898,0,0
F3,M2,1044,f3_out_0,898,0,0
F3,M2,1045,f3_out_0,899,0,0
F3,M2,1046,f3_out_0,899,0,0
F3,M2,1047,f3_out_0,900,0,0
F3,M2,1048,f3_out_0,900,0,0
F3,M2,1049,f3_out_0,901,0,0
F3,M2,1050,f3_out_0,901,0,0
F3,M2,1051,f3_out_0,902,0,0
F3,M2,1052,f3_out_0,903,0,0
F3,M2,1053,f3_out_0,903,0,0
F3,M2,1054,f3_out_0,904,0,0
F3,M2,1055,f3_out_0,904,0,0
F3,M2,1056,f3_out_0,905,0,0
F3,M2,1057,f3_out_0,905,0,0
F3,M2,1058,f3_out_0,906,0,0
F3,M2,1059,f3_out_0,906,0,0
F3,M2,1060,f3_out_0,907,0,0
F3,M2,1061,f3_out_0,908,0,0
F3,M2,1062,f3_out_0,908,0,0
F3,M2,1063,f3_out_0,909,0,0
F3,M2,1064,f3_out_0,909,0,0
F3,M2,1065,f3_out_0,910,0,0
F3,M2,1066,f3_out_0,910,0,0
F3,M2,1067,f3_out_0,911,0,0
F3,M2,1068,f3_out_0,911,0,0
F3,M2,1069,f3_out_0,912,0,0
F3,M2,1070,f3_out_0,913,0,0
F3,M2,1071,f3_out_0,913,0,0
F3,M2,1072,f3_out_0,914,0,0
F3,M2,1073,f3_out_0,914,0,0
F3,M2,1074,f3_out_0,915,0,0
F3,M2,1075,f3_out_0,915,0,0
F3,M2,1076,f3_out_0,916,0,0
F3,M2,1077,f3_out_0,916,0,0
F3,M2,1078,f3_out_0,917,0,0
F3,M2,1079,f3_out_0,918,0,0
F3,M2,1080,f3_out_0,918,0,0
F3,M2,1081,f3_out_0,919,0,0
F3,M2,1082,f3_out_0,919,0,0
F3,M2,1083,f3_out_0,920,0,0
F3,M2,1084,f3_out_0,920,0,0
F3,M2,1085,f3_out_0,921,0,0
F3,M2,1086,f3_out_0,921,0,0
F3,M2,1087,f3_out_0,922,0,0
F3,M2,1088,f3_out_0,923,0,0
F3,M2,1089,f3_out_0,923,0,0
F3,M2,1090,f3_out_0,924,0,0
F3,M2,1091,f3_out_0,924,0,0
F3,M2,1092,f3_out_0,925,0,0
F3,M2,1093,f3_out_0,925,0,0
F3,M2,1094,f3_out_0,926,0,0
F3,M2,1095,f3_out_0,926,0,0
F3,M2,1096,f3_out_0,927,0,0
F3,M2,1097,f3_out_0,928,0,0
F3,M2,1098,f3_out_0,928,0,0
F3,M2,1099,f3_out_0,929,0,0
F3,M2,1100,f3_out_0,929,0,0
F3,M2,1101,f3_out_0,930,0,0
F3,M2,1102,f3_out_0,930,0,0
F3,M2,1103,f3_out_0,931,0,0
F3,M2,1104,f3_out_0,931,0,0
F3,M2,1105,f3_out_0,932,0,0
F3,M2,1106,f3_out_0,933,0,0
F3,M2,1107,f3_out_0,933,0,0
F3,M2,1108,f3_out_0,934,0,0
F3,M2,1109,f3_out_0,934,0,0
F3,M2,1110,f3_out_0,935,0,0
F3,M2,1111,f3_out_0,935,0,0
F3,M2,1112,f3_out_0,936,0,0
F3,M2,1113,f3_out_0,936,0,0
F3,M2,1114,f3_out_0,937,0,0
F3,M2,1115,f3_out_0,938,0,0
F3,M2,1116,f3_out_0,938,0,0
F3,M2,1117,f3_out_0,939,0,0
F3,M2,1118,f3_out_0,939,0,0
F3,M2,1119,f3_out_0,940,0,0
F3,M2,1120,f3_out_0,940,0,0
F3,M2,1121,f3_out_0,941,0,0
F3,M2,1122,f3_out_0,941,0,0
F3,M2,1123,f3_out_0,942,0,0
F3,M2,1124,f3_out_0,943,0,0
F3,M2,1125,f3_out_0,943,0,0
F3,M2,1126,f3_out_0,944,0,0
F3,M2,1127,f3_out_0,944,0,0
F3,M2,1128,f3_out_0,945,0,0
F3,M2,1129,f3_out_0,945,0,0
F3,M2,1130,f3_out_0,946,0,0
F3,M2,1131,f3_out_0,946,0,0
F3,M2,1132,f3_out_0,947,0,0
F3,M2,1133,f3_out_0,948,0,0
F3,M2,1134,f3_out_0,948,0,0
F3,M2,1135,f3_out_0,949,0,0
F3,M2,1136,f3_out_0,949,0,0
F3,M2,1137,f3_out_0,950,0,0
F3,M2,1138,f3_out_0,950,0,0
F3,M2,1139,f3_out_0,951,0,0
F3,M2,1140,f3_out_0,951,0,0
F3,M2,1141,f3_out_0,952,0,0
F3,M2,1142,f3_out_0,953,0,0
F3,M2,1143,f3_out_0,953,0,0
F3,M2,1144,f3_out_0,954,0,0
F3,M2,1145,f3_out_0,954,0,0
F3,M2,1146,f3_out_0,955,0,0
F3,M2,1147,f3_out_0,955,0,0
F3,M2,1148,f3_out_0,956,0,0
F3,M2,1149,f3_out_0,956,0,0
F3,M2,1150,f3_out_0,957,0,0
F3,M2,1151,f3_out_0,958,0,0
F3,M2,1152,f3_out_0,958,0,0
F3,M2,1153,f3_out_0,959,0,0
F3,M2,1154,f3_out_0,959,0,0
F3,M2,1155,f3_out_0,960,0,0
F3,M2,1156,f3_out_0,960,0,0
F3,M2,1157,f3_out_0,961,0,0
F3,M2,1158,f3_out_0,961,0,0
F3,M2,1159,f3_out_0,962,0,0
F3,M2,1160,f3_out_0,963,0,0
F3,M2,1161,f3_out_0,963,0,0
F3,M2,1162,f3_out_0,964,0,0
F3,M2,1163,f3_out_0,964,0,0
F3,M2,1164,f3_out_0,965,0,0
F3,M2,1165,f3_out_0,965,0,0
F3,M2,1166,f3_out_0,966,0,0
F3,M2,1167,f3_out_0,966,0,0
F3,M2,1168,f3_out_0,967,0,0
F3,M2,1169,f3_out_0,968,0,0
F3,M2,1170,f3_out_0,968,0,0
F3,M2,1171,f3_out_0,969,0,0
F3,M2,1172,f3_out_0,969,0,0
F3,M2,1173,f3_out_0,970,0,0
F3,M2,1174,f3_out_0,970,0,0
F3,M2,1175,f3_out_0,971,0,0
F3,M2,1176,f3_out_0,971,0,0
F3,M2,1177,f3_out_0,972,0,0
F3,M2,1178,f3_out_0,973,0,0
F3,M2,1179,f3_out_0,973,0,0
F3,M2,1180,f3_out_0,974,0,0
F3,M2,1181,f3_out_0,974,0,0
F3,M2,1182,f3_out_0,975,0,0
F3,M2,1183,f3_out_0,975,0,0
F3,M2,1184,f3_out_0,976,0,0
F3,M2,1185,f3_out_0,976,0,0
F3,M2,1186,f3_out_0,977,0,0
F3,M2,1187,f3_out_0,978,0,0
F3,M2,1188,f3_out_0,978,0,0
F3,M2,1189,f3_out_0,979,0,0
F3,M2,1190,f3_out_0,979,0,0
F3,M2,1191,f3_out_0,980,0,0
F3,M2,1192,f3_out_0,980,0,0
F3,M2,1193,f3_out_0,981,0,0
F3,M2,1194,f3_out_0,981,0,0
F3,M2,1195,f3_out_0,982,0,0
F3,M2,1196,f3_out_0,983,0,0
F3,M2,1197,f3_out_0,983,0,0
F3,M2,1198,f3_out_0,984,0,0
F3,M2,1199,f3_out_0,984,0,0
F3,M2,1200,f3_out_0,985,0,0
F3,M2,1201,f3_out_0,985,0,0
F3,M2,1202,f3_out_0,986,0,0
F3,M2,1203,f3_out_0,986,0,0
F3,M2,1204,f3_out_0,987,0,0
F3,M2,1205,f3_out_0,988,0,0
F3,M2,1206,f3_out_0,988,0,0
F3,M2,1207,f3_out_0,989,0,0
F3,M2,1208,f3_out_0,989,0,0
F3,M2,1209,f3_out_0,990,0,0
F3,M2,1210,f3_out_0,990,0,0
F3,M2,1211,f3_out_0,991,0,0
F3,M2,1212,f3_out_0,991,0,0
F3,M2,1213,f3_out_0,992,0,0
F3,M2,1214,f3_out_0,993,0,0
F3,M2,1215,f3_out_0,993,0,0
F3,M2,1216,f3_out_0,994,0,0
F3,M2,1217,f3_out_0,994,0,0
F3,M2,1218,f3_out_0,995,0,0
F3,M2,1219,f3_out_0,995,0,0
F3,M2,1220,f3_out_0,996,0,0
F3,M2,1221,f3_out_0,996,0,0
F3,M2,1222,f3_out_0,997,0,0
F3,M2,1223,f3_out_0,998,0,0
F3,M2,1224,f3_out_0,998,0,0
F3,M2,1225,f3_out_0,999,0,0
F3,M2,1226,f3_out_0,999,0,0
F3,M2,1227,f3_out_0,1000,0,0
F3,M2,1228,f3_out_0,1000,0,0
F3,M2,1229,f3_out_0,1001,0,0
F3,M2,1230,f3_out_0,1001,0,0
F3,M2,1231,f3_out_0,1002,0,0
F3,M2,1232,f3_out_0,1003,0,0
F3,M2,1233,f3_out_0,1003,0,0
F3,M2,1234,f3_out_0,1004,0,0
F3,M2,1235,f3_out_0,1004,0,0
F3,M2,1236,f3_out_0,1005,0,0
F3,M2,1237,f3_out_0,1005,0,0
F3,M2,1238,f3_out_0,1006,0,0
F3,M2,1239,f3_out_0,1006,0,0
F3,M2,1240,f3_out_0,1007,0,0
F3,M2,1241,f3_out_0,1008,0,0
F3,M2,1242,f3_out_0,1008,0,0
F3,M2,1243,f3_out_0,1009,0,0
F3,M2,1244,f3_out_0,1009,0,0
F3,M2,1245,f3_out_0,1010,0,0
F3,M2,1246,f3_out_0,1010,0,0
F3,M2,1247,f3_out_0,1011,0,0
F3,M2,1248,f3_out_0,1011,0,0
F3,M2,1249,f3_out_0,1012,0,0
F3,M2,1250,f3_out_0,1013,0,0
F3,M2,1251,f3_out_0,1013,0,0
F3,M2,1252,f3_out_0,1014,0,0
F3,M2,1253,f3_out_0,1014,0,0
F3,M2,1254,f3_out_0,1015,0,0
F3,M2,1255,f3_out_0,1015,0,0
F3,M2,1256,f3_out_0,1016,0,0
F3,M2,1257,f3_out_0,1016,0,0
F3,M2,1258,f3_out_0,1017,0,0
F3,M2,1259,f3_out_0,1018,0,0
F3,M2,1260,f3_out_0,1018,0,0
F3,M2,1261,f3_out_0,1019,0,0
F3,M2,1262,f3_out_0,1019,0,0
F3,M2,1263,f3_out_0,1020,0,0
F3,M2,1264,f3_out_0,1020,0,0
F3,M2,1265,f3_out_0,1021,0,0
F3,M2,1266,f3_out_0,1021,0,0
F3,M2,1267,f3_out_0,1022,0,0
F3,M2,1268,f3_out_0,1023,0,0
F3,M2,1269,f3_out_0,1023,0,0
F3,M2,1270,f3_out_0,1024,0,0
F3,M2,1271,f3_out_0,1024,0,0
F3,M2,1272,f3_out_0,1025,0,0
F3,M2,1273,f3_out_0,1025,0,0
F3,M2,1274,f3_out_0,1026,0,0
F3,M2,1275,f3_out_0,1026,0,0
F3,M2,1276,f3_out_0,1027,0,0
F3,M2,1277,f3_out_0,1028,0,0
F3,M2,1278,f3_out_0,1028,0,0
F3,M2,1279,f3_out_0,1029,0,0
F3,M2,1280,f3_out_0,1029,0,0
F3,M2,1281,f3_out_0,1030,0,0
F3,M2,1282,f3_out_0,1030,0,0
F3,M2,1283,f3_out_0,1031,0,0
F3,M2,1284,f3_out_0,1031,0,0
F3,M2,1285,f3_out_0,1032,0,0
F3,M2,1286,f3_out_0,1033,0,0
F3,M2,1287,f3_out_0,1033,0,0
F3,M2,1288,f3_out_0,1034,0,0
F3,M2,1289,f3_out_0,1034,0,0
F3,M2,1290,f3_out_0,1035,0,0
F3,M2,1291,f3_out_0,1035,0,0
F3,M2,1292,f3_out_0,1036,0,0
F3,M2,1293,f3_out_0,1036,0,0
F3,M2,1294,f3_out_0,1037,0,0
F3,M2,1295,f3_out_0,1038,0,0
F3,M2,1296,f3_out_0,1038,0,0
F3,M2,1297,f3_out_0,1039,0,0
F3,M2,1298,f3_out_0,1039,0,0
F3,M2,1299,f3_out_0,1040,0,0
F3,M2,1300,f3_out_0,1040,0,0
F3,M2,1301,f3_out_0,1041,0,0
F3,M2,1302,f3_out_0,1041,0,0
F3,M2,1303,f3_out_0,1042,0,0
F3,M2,1304,f3_out_0,1043,0,0
F3,M2,1305,f3_out_0,1043,0,0
F3,M2,1306,f3_out_0,1044,0,0
F3,M2,1307,f3_out_0,1044,0,0
F3,M2,1308,f3_out_0,1045,0,0
F3,M2,1309,f3_out_0,1045,0,0
F3,M2,1310,f3_out_0,1046,0,0
F3,M2,1311,f3_out_0,1046,0,0
F3,M2,1312,f3_out_0,1047,0,0
F3,M2,1313,f3_out_0,1048,0,0
F3,M2,1314,f3_out_0,1048,0,0
F3,M2,1315,f3_out_0,1049,0,0
F3,M2,1316,f3_out_0,1049,0,0
F3,M2,1317,f3_out_0,1050,0,0
F3,M2,1318,f3_out_0,1050,0,0
F3,M2,1319,f3_out_0,1051,0,0
F3,M2,1320,f3_out_0,1051,0,0
F3,M2,1321,f3_out_0,1052,0,0
F3,M2,1322,f3_out_0,1053,0,0
F3,M2,1323,f3_out_0,1053,0,0
F3,M2,1324,f3_out_0,1054,0,0
F3,M2,1325,f3_out_0,1054,0,0
F3,M2,1326,f3_out_0,1055,0,0
F3,M2,1327,f3_out_0,1055,0,0
F3,M2,1328,f3_out_0,1056,0,0
F3,M2,1329,f3_out_0,1056,0,0
F3,M2,1330,f3_out_0,1057,0,0
F3,M2,1331,f3_out_0,1058,0,0
F3,M2,1332,f3_out_0,1058,0,0
F3,M2,1333,f3_out_0,1059,0,0
F3,M2,1334,f3_out_0,1059,0,0
F3,M2,1335,f3_out_0,1060,0,0
F3,M2,1336,f3_out_0,1060,0,0
F3,M2,1337,f3_out_0,1061,0,0
F3,M2,1338,f3_out_0,1061,0,0
F3,M2,1339,f3_out_0,1062,0,0
F3,M2,1340,f3_out_0,1063,0,0
F3,M2,1341,f3_out_0,1063,0,0
F3,M2,1342,f3_out_0,1064,0,0
F3,M2,1343,f3_out_0,1064,0,0
F3,M2,1344,f3_out_0,1065,0,0
F3,M2,1345,f3_out_0,1065,0,0
F3,M2,1346,f3_out_0,1066,0,0
F3,M2,1347,f3_out_0,1066,0,0
F3,M2,1348,f3_out_0,1067,0,0
F3,M2,1349,f3_out_0,1068,0,0
F3,M2,1350,f3_out_0,1068,0,0
F3,M2,1351,f3_out_0,1069,0,0
F3,M2,1352,f3_out_0,1069,0,0
F3,M2,1353,f3_out_0,1070,0,0
F3,M2,1354,f3_out_0,1070,0,0
F3,M2,1355,f3_out_0,1071,0,0
F3,M2,1356,f3_out_0,1071,0,0
F3,M2,1357,f3_out_0,1072,0,0
F3,M2,1358,f3_out_0,1073,0,0
F3,M2,1359,f3_out_0,1073,0,0
F3,M2,1360,f3_out_0,1074,0,0
F3,M2,1361,f3_out_0,1074,0,0
F3,M2,1362,f3_out_0,1075,0,0
F3,M2,1363,f3_out_0,1075,0,0
F3,M2,1364,f3_out_0,1076,0,0
F3,M2,1365,f3_out_0,1076,0,0
F3,M2,1366,f3_out_0,1077,0,0
F3,M2,1367,f3_out_0,1078,0,0
F3,M2,1368,f3_out_0,1078,0,0
F3,M2,1369,f3_out_0,1079,0,0
F3,M2,1370,f3_out_0,1079,0,0
F3,M2,1371,f3_out_0,1080,0,0
F3,M2,1372,f3_out_0,1080,0,0
F3,M2,1373,f3_out_0,1081,0,0
F3,M2,1374,f3_out_0,1081,0,0
F3,M2,1375,f3_out_0,1082,0,0
F3,M2,1376,f3_out_0,1083,0,0
F3,M2,1377,f3_out_0,1083,0,0
F3,M2,1378,f3_out_0,1084,0,0
F3,M2,1379,f3_out_0,1084,0,0
F3,M2,1380,f3_out_0,1085,0,0
F3,M2,1381,f3_out_0,1085,0,0
F3,M2,1382,f3_out_0,1086,0,0
F3,M2,1383,f3_out_0,1086,0,0
F3,M2,1384,f3_out_0,1087,0,0
F3,M2,1385,f3_out_0,1088,0,0
F3,M2,1386,f3_out_0,1088,0,0
F3,M2,1387,f3_out_0,1089,0,0
F3,M2,1388,f3_out_0,1089,0,0
F3,M2,1389,f3_out_0,1090,0,0
F3,M2,1390,f3_out_0,1090,0,0
F3,M2,1391,f3_out_0,1091,0,0
F3,M2,1392,f3_out_0,1091,0,0
F3,M2,1393,f3_out_0,1092,0,0
F3,M2,1394,f3_out_0,1093,0,0
F3,M2,1395,f3_out_0,1093,0,0
F3,M2,1396,f3_out_0,1094,0,0
F3,M2,1397,f3_out_0,1094,0,0
F3,M2,1398,f3_out_0,1095,0,0
F3,M2,1399,f3_out_0,1095,0,0
F3,M2,1400,f3_out_0,1096,0,0
F3,M2,1401,f3_out_0,1096,0,0
F3,M2,1402,f3_out_0,1097,0,0
F3,M2,1403,f3_out_0,1098,0,0
F3,M2,1404,f3_out_0,1098,0,0
F3,M2,1405,f3_out_0,1099,0,0
F3,M2,1406,f3_out_0,1099,0,0
F3,M2,1407,f3_out_0,1100,0,0
F3,M2,1408,f3_out_0,1100,0,0
F3,M2,1409,f3_out_0,1101,0,0
F3,M2,1410,f3_out_0,1101,0,0
F3,M2,1411,f3_out_0,1102,0,0
F3,M2,1412,f3_out_0,1103,0,0
F3,M2,1413,f3_out_0,1103,0,0
F3,M2,1414,f3_out_0,1104,0,0
F3,M2,1415,f3_out_0,1104,0,0
F3,M2,1416,f3_out_0,1105,0,0
F3,M2,1417,f3_out_0,1105,0,0
F3,M2,1418,f3_out_0,1106,0,0
F3,M2,1419,f3_out_0,1106,0,0
F3,M2,1420,f3_out_0,1107,0,0
F3,M2,1421,f3_out_0,1108,0,0
F3,M2,1422,f3_out_0,1108,0,0
F3,M2,1423,f3_out_0,1109,0,0
F3,M2,1424,f3_out_0,1109,0,0
F3,M2,1425,f3_out_0,1110,0,0
F3,M2,1426,f3_out_0,1110,0,0
F3,M2,1427,f3_out_0,1111,0,0
F3,M2,1428,f3_out_0,1111,0,0
F3,M2,1429,f3_out_0,1112,0,0
F3,M2,1430,f3_out_0,1113,0,0
F3,M2,1431,f3_out_0,1113,0,0
F3,M2,1432,f3_out_0,1114,0,0
F3,M2,1433,f3_out_0,1114,0,0
F3,M2,1434,f3_out_0,1115,0,0
F3,M2,1435,f3_out_0,1115,0,0
F3,M2,1436,f3_out_0,1116,0,0
F3,M2,1437,f3_out_0,1116,0,0
F3,M2,1438,f3_out_0,1117,0,0
F3,M2,1439,f3_out_0,1118,0,0
F3,M2,1440,f3_out_0,1118,0,0
F3,M2,1441,f3_out_0,1119,0,0
F3,M2,1442,f3_out_0,1119,0,0
F3,M2,1443,f3_out_0,1120,0,0
F3,M2,1444,f3_out_0,1120,0,0
F3,M2,1445,f3_out_0,1121,0,0
F3,M2,1446,f3_out_0,1121,0,0
F3,M2,1447,f3_out_0,1122,0,0
F3,M2,1448,f3_out_0,1123,0,0
F3,M2,1449,f3_out_0,1123,0,0
F3,M2,1450,f3_out_0,1124,0,0
F3,M2,1451,f3_out_0,1124,0,0
F3,M2,1452,f3_out_0,1125,0,0
F3,M2,1453,f3_out_0,1125,0,0
F3,M2,1454,f3_out_0,1126,0,0
F3,M2,1455,f3_out_0,1126,0,0
F3,M2,1456,f3_out_0,1127,0,0
F3,M2,1457,f3_out_0,1128,0,0
F3,M2,1458,f3_out_0,1128,0,0
F3,M2,1459,f3_out_0,1129,0,0
F3,M2,1460,f3_out_0,1129,0,0
F3,M2,1461,f3_out_0,1130,0,0
F3,M2,1462,f3_out_0,1130,0,0
F3,M2,1463,f3_out_0,1131,0,0
F3,M2,1464,f3_out_0,1131,0,0
F3,M2,1465,f3_out_0,1132,0,0
F3,M2,1466,f3_out_0,1133,0,0
F3,M2,1467,f3_out_0,1133,0,0
F3,M2,1468,f3_out_0,1134,0,0
F3,M2,1469,f3_out_0,1134,0,0
F3,M2,1470,f3_out_0,1135,0,0
F3,M2,1471,f3_out_0,1135,0,0
F3,M2,1472,f3_out_0,1136,0,0
F3,M2,1473,f3_out_0,1136,0,0
F3,M2,1474,f3_out_0,1137,0,0
F3,M2,1475,f3_out_0,1138,0,0
F3,M2,1476,f3_out_0,1138,0,0
F3,M2,1477,f3_out_0,1139,0,0
F3,M2,1478,f3_out_0,1139,0,0
F3,M2,1479,f3_out_0,1140,0,0
F3,M2,1480,f3_out_0,1140,0,0
F3,M2,1481,f3_out_0,1141,0,0
F3,M2,1482,f3_out_0,1141,0,0
F3,M2,1483,f3_out_0,1142,0,0
F3,M2,1484,f3_out_0,1143,0,0
F3,M2,1485,f3_out_0,1143,0,0
F3,M2,1486,f3_out_0,1144,0,0
F3,M2,1487,f3_out_0,1144,0,0
F3,M2,1488,f3_out_0,1145,0,0
F3,M2,1489,f3_out_0,1145,0,0
F3,M2,1490,f3_out_0,1146,0,0
F3,M2,1491,f3_out_0,1146,0,0
F3,M2,1492,f3_out_0,1147,0,0
F3,M2,1493,f3_out_0,1148,0,0
F3,M2,1494,f3_out_0,1148,0,0
F3,M2,1495,f3_out_0,1149,0,0
F3,M2,1496,f3_out_0,1149,0,0
F3,M2,1497,f3_out_0,1150,0,0
F3,M2,1498,f3_out_0,1150,0,0
F3,M2,1499,f3_out_0,1151,0,0
F3,M2,1500,f3_out_0,1151,0,0
F3,M2,1501,f3_out_0,1152,0,0
F3,M2,1502,f3_out_0,1153,0,0
F3,M2,1503,f3_out_0,1153,0,0
F3,M2,1504,f3_out_0,1154,0,0
F3,M2,1505,f3_out_0,1154,0,0
F3,M2,1506,f3_out_0,1155,0,0
F3,M2,1507,f3_out_0,1155,0,0
F3,M2,1508,f3_out_0,1156,0,0
F3,M2,1509,f3_out_0,1156,0,0
F3,M2,1510,f3_out_0,1157,0,0
F3,M2,1511,f3_out_0,1158,0,0
F3,M2,1512,f3_out_0,1158,0,0
F3,M2,1513,f3_out_0,1159,0,0
F3,M2,1514,f3_out_0,1159,0,0
F3,M2,1515,f3_out_0,1160,0,0
F3,M2,1516,f3_out_0,1160,0,0
F3,M2,1517,f3_out_0,1161,0,0
F3,M2,1518,f3_out_0,1161,0,0
F3,M2,1519,f3_out_0,1162,0,0
F3,M2,1520,f3_out_0,1163,0,0
F3,M2,1521,f3_out_0,1163,0,0
F3,M2,1522,f3_out_0,1164,0,0
F3,M2,1523,f3_out_0,1164,0,0
F3,M2,1524,f3_out_0,1165,0,0
F3,M2,1525,f3_out_0,1165,0,0
F3,M2,1526,f3_out_0,1166,0,0
F3,M2,1527,f3_out_0,1166,0,0
F3,M2,1528,f3_out_0,1167,0,0
F3,M2,1529,f3_out_0,1168,0,0
F3,M2,1530,f3_out_0,1168,0,0
F3,M2,1531,f3_out_0,1169,0,0
F3,M2,1532,f3_out_0,1169,0,0
F3,M2,1533,f3_out_0,1170,0,0
F3,M2,1534,f3_out_0,1170,0,0
F3,M2,1535,f3_out_0,1171,0,0
F3,M2,1536,f3_out_0,1171,0,0
F3,M2,1537,f3_out_0,1172,0,0
F3,M2,1538,f3_out_0,1173,0,0
F3,M2,1539,f3_out_0,1173,0,0
F3,M2,1540,f3_out_0,1174,0,0
F3,M2,1541,f3_out_0,1174,0,0
F3,M2,1542,f3_out_0,1175,0,0
F3,M2,1543,f3_out_0,1175,0,0
F3,M2,1544,f3_out_0,1176,0,0
F3,M2,1545,f3_out_0,1176,0,0
F3,M2,1546,f3_out_0,1177,0,0
F3,M2,1547,f3_out_0,1178,0,0
F3,M2,1548,f3_out_0,1178,0,0
F3,M2,1549,f3_out_0,1179,0,0
F3,M2,1550,f3_out_0,1179,0,0
F3,M2,1551,f3_out_0,1180,0,0
F3,M2,1552,f3_out_0,1180,0,0
F3,M2,1553,f3_out_0,1181,0,0
F3,M2,1554,f3_out_0,1181,0,0
F3,M2,1555,f3_out_0,1182,0,0
F3,M2,1556,f3_out_0,1183,0,0
F3,M2,1557,f3_out_0,1183,0,0
F3,M2,1558,f3_out_0,1184,0,0
F3,M2,1559,f3_out_0,1184,0,0
F3,M2,1560,f3_out_0,1185,0,0
F3,M2,1561,f3_out_0,1185,0,0
F3,M2,1562,f3_out_0,1186,0,0
F3,M2,1563,f3_out_0,1186,0,0
F3,M2,1564,f3_out_0,1187,0,0
F3,M2,1565,f3_out_0,1188,0,0
F3,M2,1566,f3_out_0,1188,0,0
F3,M2,1567,f3_out_0,1189,0,0
F3,M2,1568,f3_out_0,1189,0,0
F3,M2,1569,f3_out_0,1190,0,0
F3,M2,1570,f3_out_0,1190,0,0
F3,M2,1571,f3_out_0,1191,0,0
F3,M2,1572,f3_out_0,1191,0,0
F3,M2,1573,f3_out_0,1192,0,0
F3,M2,1574,f3_out_0,1193,0,0
F3,M2,1575,f3_out_0,1193,0,0
F3,M2,1576,f3_out_0,1194,0,0
F3,M2,1577,f3_out_0,1194,0,0
F3,M2,1578,f3_out_0,1195,0,0
F3,M2,1579,f3_out_0,1195,0,0
F3,M2,1580,f3_out_0,1196,0,0
F3,M2,1581,f3_out_0,1196,0,0
F3,M2,1582,f3_out_0,1197,0,0
F3,M2,1583,f3_out_0,1198,0,0
F3,M2,1584,f3_out_0,1198,0,0
F3,M2,1585,f3_out_0,1199,0,0
F3,M2,1586,f3_out_0,1199,0,0
F3,M2,1587,f3_out_0,1200,0,0
F3,M2,1588,f3_out_0,1200,0,0
F3,M2,1589,f3_out_0,1201,0,0
F3,M2,1590,f3_out_0,1201,0,0
F3,M2,1591,f3_out_0,1202,0,0
F3,M2,1592,f3_out_0,1203,0,0
F3,M2,1593,f3_out_0,1203,0,0
F3,M2,1594,f3_out_0,1204,0,0
F3,M2,1595,f3_out_0,1204,0,0
F3,M2,1596,f3_out_0,1205,0,0
F3,M2,1597,f3_out_0,1205,0,0
F3,M2,1598,f3_out_0,1206,0,0
F3,M2,1599,f3_out_0,1206,0,0
F3,M2,1600,f3_out_0,1207,0,0
F3,M2,1601,f3_out_0,1208,0,0
F3,M2,1602,f3_out_0,1208,0,0
F3,M2,1603,f3_out_0,1209,0,0
F3,M2,1604,f3_out_0,1209,0,0
F3,M2,1605,f3_out_0,1210,0,0
F3,M2,1606,f3_out_0,1210,0,0
F3,M2,1607,f3_out_0,1211,0,0
F3,M2,1608,f3_out_0,1211,0,0
F3,M2,1609,f3_out_0,1212,0,0
F3,M2,1610,f3_out_0,1213,0,0
F3,M2,1611,f3_out_0,1213,0,0
F3,M2,1612,f3_out_0,1214,0,0
F3,M2,1613,f3_out_0,1214,0,0
F3,M2,1614,f3_out_0,1215,0,0
F3,M2,1615,f3_out_0,1215,0,0
F3,M2,1616,f3_out_0,1216,0,0
F3,M2,1617,f3_out_0,1216,0,0
F3,M2,1618,f3_out_0,1217,0,0
F3,M2,1619,f3_out_0,1218,0,0
F3,M2,1620,f3_out_0,1218,0,0
F3,M2,1621,f3_out_0,1219,0,0
F3,M2,1622,f3_out_0,1219,0,0
F3,M2,1623,f3_out_0,1220,0,0
F3,M2,1624,f3_out_0,1220,0,0
F3,M2,1625,f3_out_0,1221,0,0
F3,M2,1626,f3_out_0,1221,0,0
F3,M2,1627,f3_out_0,1222,0,0
F3,M2,1628,f3_out_0,1223,0,0
F3,M2,1629,f3_out_0,1223,0,0
F3,M2,1630,f3_out_0,1224,0,0
F3,M2,1631,f3_out_0,1224,0,0
F3,M2,1632,f3_out_0,1225,0,0
F3,M2,1633,f3_out_0,1225,0,0
F3,M2,1634,f3_out_0,1226,0,0
F3,M2,1635,f3_out_0,1226,0,0
F3,M2,1636,f3_out_0,1227,0,0
F3,M2,1637,f3_out_0,1228,0,0
F3,M2,1638,f3_out_0,1228,0,0
F3,M2,1639,f3_out_0,1229,0,0
F3,M2,1640,f3_out_0,1229,0,0
F3,M2,1641,f3_out_0,1230,0,0
F3,M2,1642,f3_out_0,1230,0,0
F3,M2,1643,f3_out_0,1231,0,0
F3,M2,1644,f3_out_0,1231,0,0
F3,M2,1645,f3_out_0,1232,0,0
F3,M2,1646,f3_out_0,1233,0,0
F3,M2,1647,f3_out_0,1233,0,0
F3,M2,1648,f3_out_0,1234,0,0
F3,M2,1649,f3_out_0,1234,0,0
F3,M2,1650,f3_out_0,1235,0,0
F3,M2,1651,f3_out_0,1235,0,0
F3,M2,1652,f3_out_0,1236,0,0
F3,M2,1653,f3_out_0,1236,0,0
F3,M2,1654,f3_out_0,1237,0,0
F3,M2,1655,f3_out_0,1238,0,0
F3,M2,1656,f3_out_0,1238,0,0
F3,M2,1657,f3_out_0,1239,0,0
F3,M2,1658,f3_out_0,1239,0,0
F3,M2,1659,f3_out_0,1240,0,0
F3,M2,1660,f3_out_0,1240,0,0
F3,M2,1661,f3_out_0,1241,0,0
F3,M2,1662,f3_out_0,1241,0,0
F3,M2,1663,f3_out_0,1242,0,0
F3,M2,1664,f3_out_0,1243,0,0
F3,M2,1665,f3_out_0,1243,0,0
F3,M2,1666,f3_out_0,1244,0,0
F3,M2,1667,f3_out_0,1244,0,0
F3,M2,1668,f3_out_0,1245,0,0
F3,M2,1669,f3_out_0,1245,0,0
F3,M2,1670,f3_out_0,1246,0,0
F3,M2,1671,f3_out_0,1246,0,0
F3,M2,1672,f3_out_0,1247,0,0
F3,M2,1673,f3_out_0,1248,0,0
F3,M2,1674,f3_out_0,1248,0,0
F3,M2,1675,f3_out_0,1249,0,0
F3,M2,1676,f3_out_0,1249,0,0
F3,M2,1677,f3_out_0,1250,0,0
F3,M2,1678,f3_out_0,1250,0,0
F3,M2,1679,f3_out_0,1251,0,0
F3,M2,1680,f3_out_0,1251,0,0
F3,M2,1681,f3_out_0,1252,0,0
F3,M2,1682,f3_out_0,1253,0,0
F3,M2,1683,f3_out_0,1253,0,0
F3,M2,1684,f3_out_0,1254,0,0
F3,M2,1685,f3_out_0,1254,0,0
F3,M2,1686,f3_out_0,1255,0,0
F3,M2,1687,f3_out_0,1255,0,0
F3,M2,1688,f3_out_0,1256,0,0
F3,M2,1689,f3_out_0,1256,0,0
F3,M2,1690,f3_out_0,1257,0,0
F3,M2,1691,f3_out_0,1258,0,0
F3,M2,1692,f3_out_0,1258,0,0
F3,M2,1693,f3_out_0,1259,0,0
F3,M2,1694,f3_out_0,1259,0,0
F3,M2,1695,f3_out_0,1260,0,0
F3,M2,1696,f3_out_0,1260,0,0
F3,M2,1697,f3_out_0,1261,0,0
F3,M2,1698,f3_out_0,1261,0,0
F3,M2,1699,f3_out_0,1262,0,0
F3,M2,1700,f3_out_0,1263,0,0
F3,M2,1701,f3_out_0,1263,0,0
F3,M2,1702,f3_out_0,1264,0,0
F3,M2,1703,f3_out_0,1264,0,0
F3,M2,1704,f3_out_0,1265,0,0
F3,M2,1705,f3_out_0,1265,0,0
F3,M2,1706,f3_out_0,1266,0,0
F3,M2,1707,f3_out_0,1266,0,0
F3,M2,1708,f3_out_0,1267,0,0
F3,M2,1709,f3_out_0,1268,0,0
F3,M2,1710,f3_out_0,1268,0,0
F3,M2,1711,f3_out_0,1269,0,0
F3,M2,1712,f3_out_0,1269,0,0
F3,M2,1713,f3_out_0,1270,0,0
F3,M2,1714,f3_out_0,1270,0,0
F3,M2,1715,f3_out_0,1271,0,0
F3,M2,1716,f3_out_0,1271,0,0
F3,M2,1717,f3_out_0,1272,0,0
F3,M2,1718,f3_out_0,1273,0,0
F3,M2,1719,f3_out_0,1273,0,0
F3,M2,1720,f3_out_0,1274,0,0
F3,M2,1721,f3_out_0,1274,0,0
F3,M2,1722,f3_out_0,1275,0,0
F3,M2,1723,f3_out_0,1275,0,0
F3,M2,1724,f3_out_0,1276,0,0
F3,M2,1725,f3_out_0,1276,0,0
F3,M2,1726,f3_out_0,1277,0,0
F3,M2,1727,f3_out_0,1278,0,0
F3,M2,1728,f3_out_0,1278,0,0
F3,M2,1729,f3_out_0,1279,0,0
F3,M2,1730,f3_out_0,1279,0,0
F3,M2,1731,f3_out_0,1280,0,0
F3,M2,1732,f3_out_0,1280,0,0
F3,M2,1733,f3_out_0,1281,0,0
F3,M2,1734,f3_out_0,1281,0,0
F3,M2,1735,f3_out_0,1282,0,0
F3,M2,1736,f3_out_0,1283,0,0
F3,M2,1737,f3_out_0,1283,0,0
F3,M2,1738,f3_out_0,1284,0,0
F3,M2,1739,f3_out_0,1284,0,0
F3,M2,1740,f3_out_0,1285,0,0
F3,M2,1741,f3_out_0,1285,0,0
F3,M2,1742,f3_out_0,1286,0,0
F3,M2,1743,f3_out_0,1286,0,0
F3,M2,1744,f3_out_0,1287,0,0
F3,M2,1745,f3_out_0,1288,0,0
F3,M2,1746,f3_out_0,1288,0,0
F3,M2,1747,f3_out_0,1289,0,0
F3,M2,1748,f3_out_0,1289,0,0
F3,M2,1749,f3_out_0,1290,0,0
F3,M2,1750,f3_out_0,1290,0,0
F3,M2,1751,f3_out_0,1291,0,0
F3,M2,1752,f3_out_0,1291,0,0
F3,M2,1753,f3_out_0,1292,0,0
F3,M2,1754,f3_out_0,1293,0,0
F3,M2,1755,f3_out_0,1293,0,0
F3,M2,1756,f3_out_0,1294,0,0
F3,M2,1757,f3_out_0,1294,0,0
F3,M2,1758,f3_out_0,1295,0,0
F3,M2,1759,f3_out_0,1295,0,0
F3,M2,1760,f3_out_0,1296,0,0
F3,M2,1761,f3_out_0,1296,0,0
F3,M2,1762,f3_out_0,1297,0,0
F3,M2,1763,f3_out_0,1298,0,0
F3,M2,1764,f3_out_0,1298,0,0
F3,M2,1765,f3_out_0,1299,0,0
F3,M2,1766,f3_out_0,1299,0,0
F3,M2,1767,f3_out_0,1300,0,0
F3,M2,1768,f3_out_0,1300,0,0
F3,M2,1769,f3_out_0,1301,0,0
F3,M2,1770,f3_out_0,1301,0,0
F3,M2,1771,f3_out_0,1302,0,0
F3,M2,1772,f3_out_0,1303,0,0
F3,M2,1773,f3_out_0,1303,0,0
F3,M2,1774,f3_out_0,1304,0,0
F3,M2,1775,f3_out_0,1304,0,0
F3,M2,1776,f3_out_0,1305,0,0
F3,M2,1777,f3_out_0,1305,0,0
F3,M2,1778,f3_out_0,1306,0,0
F3,M2,1779,f3_out_0,1306,0,0
F3,M2,1780,f3_out_0,1307,0,0
F3,M2,1781,f3_out_0,1308,0,0
F3,M2,1782,f3_out_0,1308,0,0
F3,M2,1783,f3_out_0,1309,0,0
F3,M2,1784,f3_out_0,1309,0,0
F3,M2,1785,f3_out_0,1310,0,0
F3,M2,1786,f3_out_0,1310,0,0
F3,M2,1787,f3_out_0,1311,0,0
F3,M2,1788,f3_out_0,1311,0,0
F3,M2,1789,f3_out_0,1312,0,0
F3,M2,1790,f3_out_0,1313,0,0
F3,M2,1791,f3_out_0,1313,0,0
F3,M2,1792,f3_out_0,1314,0,0
F3,M2,1793,f3_out_0,1314,0,0
F3,M2,1794,f3_out_0,1315,0,0
F3,M2,1795,f3_out_0,1315,0,0
F3,M2,1796,f3_out_0,1316,0,0
F3,M2,1797,f3_out_0,1316,0,0
F3,M2,1798,f3_out_0,1317,0,0
F3,M2,1799,f3_out_0,1318,0,0
F3,M2,1800,f3_out_0,1318,0,0
F3,M2,1801,f3_out_0,1319,0,0
F3,M2,1802,f3_out_0,1319,0,0
F3,M2,1803,f3_out_0,1320,0,0
F3,M2,1804,f3_out_0,1320,0,0
F3,M2,1805,f3_out_0,1321,0,0
F3,M2,1806,f3_out_0,1321,0,0
F3,M2,1807,f3_out_0,1322,0,0
F3,M2,1808,f3_out_0,1323,0,0
F3,M2,1809,f3_out_0,1323,0,0
F3,M2,1810,f3_out_0,1324,0,0
F3,M2,1811,f3_out_0,1324,0,0
F3,M2,1812,f3_out_0,1325,0,0
F3,M2,1813,f3_out_0,1325,0,0
F3,M2,1814,f3_out_0,1326,0,0
F3,M2,1815,f3_out_0,1326,0,0
F3,M2,1816,f3_out_0,1327,0,0
F3,M2,1817,f3_out_0,1328,0,0
F3,M2,1818,f3_out_0,1328,0,0
F3,M2,1819,f3_out_0,1329,0,0
F3,M2,1820,f3_out_0,1329,0,0
F3,M2,1821,f3_out_0,1330,0,0
F3,M2,1822,f3_out_0,1330,0,0
F3,M2,1823,f3_out_0,1331,0,0
F3,M2,1824,f3_out_0,1331,0,0
F3,M2,1825,f3_out_0,1332,0,0
F3,M2,1826,f3_out_0,1333,0,0
F3,M2,1827,f3_out_0,1333,0,0
F3,M2,1828,f3_out_0,1334,0,0
F3,M2,1829,f3_out_0,1334,0,0
F3,M2,1830,f3_out_0,1335,0,0
F3,M2,1831,f3_out_0,1335,0,0
F3,M2,1832,f3_out_0,1336,0,0
F3,M2,1833,f3_out_0,1336,0,0
F3,M2,1834,f3_out_0,1337,0,0
F3,M2,1835,f3_out_0,1338,0,0
F3,M2,1836,f3_out_0,1338,0,0
F3,M2,1837,f3_out_0,1339,0,0
F3,M2,1838,f3_out_0,1339,0,0
F3,M2,1839,f3_out_0,1340,0,0
F3,M2,1840,f3_out_0,1340,0,0
F3,M2,1841,f3_out_0,1341,0,0
F3,M2,1842,f3_out_0,1341,0,0
F3,M2,1843,f3_out_0,1342,0,0
F3,M2,1844,f3_out_0,1343,0,0
F3,M2,1845,f3_out_0,1343,0,0
F3,M2,1846,f3_out_0,1344,0,0
F3,M2,1847,f3_out_0,1344,0,0
F3,M2,1848,f3_out_0,1345,0,0
F3,M2,1849,f3_out_0,1345,0,0
F3,M2,1850,f3_out_0,1346,0,0
F3,M2,1851,f3_out_0,1346,0,0
F3,M2,1852,f3_out_0,1347,0,0
F3,M2,1853,f3_out_0,1348,0,0
F3,M2,1854,f3_out_0,1348,0,0
F3,M2,1855,f3_out_0,1349,0,0
F3,M2,1856,f3_out_0,1349,0,0
F3,M2,1857,f3_out_0,1350,0,0
F3,M2,1858,f3_out_0,1350,0,0
F3,M2,1859,f3_out_0,1351,0,0
F3,M2,1860,f3_out_0,1351,0,0
F3,M2,1861,f3_out_0,1352,0,0
F3,M2,1862,f3_out_0,1353,0,0
F3,M2,1863,f3_out_0,1353,0,0
F3,M2,1864,f3_out_0,1354,0,0
F3,M2,1865,f3_out_0,1354,0,0
F3,M2,1866,f3_out_0,1355,0,0
F3,M2,1867,f3_out_0,1355,0,0
F3,M2,1868,f3_out_0,1356,0,0
F3,M2,1869,f3_out_0,1356,0,0
F3,M2,1870,f3_out_0,1357,0,0
F3,M2,1871,f3_out_0,1358,0,0
F3,M2,1872,f3_out_0,1358,0,0
F3,M2,1873,f3_out_0,1359,0,0
F3,M2,1874,f3_out_0,1359,0,0
F3,M2,1875,f3_out_0,1360,0,0
F3,M2,1876,f3_out_0,1360,0,0
F3,M2,1877,f3_out_0,1361,0,0
F3,M2,1878,f3_out_0,1361,0,0
F3,M2,1879,f3_out_0,1362,0,0
F3,M2,1880,f3_out_0,1363,0,0
F3,M2,1881,f3_out_0,1363,0,0
F3,M2,1882,f3_out_0,1364,0,0
F3,M2,1883,f3_out_0,1364,0,0
F3,M2,1884,f3_out_0,1365,0,0
F3,M2,1885,f3_out_0,1365,0,0
F3,M2,1886,f3_out_0,1366,0,0
F3,M2,1887,f3_out_0,1366,0,0
F3,M2,1888,f3_out_0,1367,0,0
F3,M2,1889,f3_out_0,1368,0,0
F3,M2,1890,f3_out_0,1368,0,0
F3,M2,1891,f3_out_0,1369,0,0
F3,M2,1892,f3_out_0,1369,0,0
F3,M2,1893,f3_out_0,1370,0,0
F3,M2,1894,f3_out_0,1370,0,0
F3,M2,1895,f3_out_0,1371,0,0
F3,M2,1896,f3_out_0,1371,0,0
F3,M2,1897,f3_out_0,1372,0,0
F3,M2,1898,f3_out_0,1373,0,0
F3,M2,1899,f3_out_0,1373,0,0
F3,M2,1900,f3_out_0,1374,0,0
F3,M2,1901,f3_out_0,1374,0,0
F3,M2,1902,f3_out_0,1375,0,0
F3,M2,1903,f3_out_0,1375,0,0
F3,M2,1904,f3_out_0,1376,0,0
F3,M2,1905,f3_out_0,1376,0,0
F3,M2,1906,f3_out_0,1377,0,0
F3,M2,1907,f3_out_0,1378,0,0
F3,M2,1908,f3_out_0,1378,0,0
F3,M2,1909,f3_out_0,1379,0,0
F3,M2,1910,f3_out_0,1379,0,0
F3,M2,1911,f3_out_0,1380,0,0
F3,M2,1912,f3_out_0,1380,0,0
F3,M2,1913,f3_out_0,1381,0,0
F3,M2,1914,f3_out_0,1381,0,0
F3,M2,1915,f3_out_0,1382,0,0
F3,M2,1916,f3_out_0,1383,0,0
F3,M2,1917,f3_out_0,1383,0,0
F3,M2,1918,f3_out_0,1384,0,0
F3,M2,1919,f3_out_0,1384,0,0
F3,M2,1920,f3_out_0,1385,0,0
F3,M2,1921,f3_out_0,1385,0,0
F3,M2,1922,f3_out_0,1386,0,0
F3,M2,1923,f3_out_0,1386,0,0
F3,M2,1924,f3_out_0,1387,0,0
F3,M2,1925,f3_out_0,1388,0,0
F3,M2,1926,f3_out_0,1388,0,0
F3,M2,1927,f3_out_0,1389,0,0
F3,M2,1928,f3_out_0,1389,0,0
F3,M2,1929,f3_out_0,1390,0,0
F3,M2,1930,f3_out_0,1390,0,0
F3,M2,1931,f3_out_0,1391,0,0
F3,M2,1932,f3_out_0,1391,0,0
F3,M2,1933,f3_out_0,1392,0,0
F3,M2,1934,f3_out_0,1393,0,0
F3,M2,1935,f3_out_0,1393,0,0
F3,M2,1936,f3_out_0,1394,0,0
F3,M2,1937,f3_out_0,1394,0,0
F3,M2,1938,f3_out_0,1395,0,0
F3,M2,1939,f3_out_0,1395,0,0
F3,M2,1940,f3_out_0,1396,0,0
F3,M2,1941,f3_out_0,1396,0,0
F3,M2,1942,f3_out_0,1397,0,0
F3,M2,1943,f3_out_0,1398,0,0
F3,M2,1944,f3_out_0,1398,0,0
F3,M2,1945,f3_out_0,1399,0,0
F3,M2,1946,f3_out_0,1399,0,0
F3,M2,1947,f3_out_0,1400,0,0
F3,M2,1948,f3_out_0,1400,0,0
F3,M2,1949,f3_out_0,1401,0,0
F3,M2,1950,f3_out_0,1401,0,0
F3,M2,1951,f3_out_0,1402,0,0
F3,M2,1952,f3_out_0,1403,0,0
F3,M2,1953,f3_out_0,1403,0,0
F3,M2,1954,f3_out_0,1404,0,0
F3,M2,1955,f3_out_0,1404,0,0
F3,M2,1956,f3_out_0,1405,0,0
F3,M2,1957,f3_out_0,1405,0,0
F3,M2,1958,f3_out_0,1406,0,0
F3,M2,1959,f3_out_0,1406,0,0
F3,M2,1960,f3_out_0,1407,0,0
F3,M2,1961,f3_out_0,1408,0,0
F3,M2,1962,f3_out_0,1408,0,0
F3,M2,1963,f3_out_0,1409,0,0
F3,M2,1964,f3_out_0,1409,0,0
F3,M2,1965,f3_out_0,1410,0,0
F3,M2,1966,f3_out_0,1410,0,0
F3,M2,1967,f3_out_0,1411,0,0
F3,M2,1968,f3_out_0,1411,0,0
F3,M2,1969,f3_out_0,1412,0,0
F3,M2,1970,f3_out_0,1413,0,0
F3,M2,1971,f3_out_0,1413,0,0
F3,M2,1972,f3_out_0,1414,0,0
F3,M2,1973,f3_out_0,1414,0,0
F3,M2,1974,f3_out_0,1415,0,0
F3,M2,1975,f3_out_0,1415,0,0
F3,M2,1976,f3_out_0,1416,0,0
F3,M2,1977,f3_out_0,1416,0,0
F3,M2,1978,f3_out_0,1417,0,0
F3,M2,1979,f3_out_0,1418,0,0
F3,M2,1980,f3_out_0,1418,0,0
F3,M2,1981,f3_out_0,1419,0,0
F3,M2,1982,f3_out_0,1419,0,0
F3,M2,1983,f3_out_0,1420,0,0
F3,M2,1984,f3_out_0,1420,0,0
F3,M2,1985,f3_out_0,1421,0,0
F3,M2,1986,f3_out_0,1421,0,0
F3,M2,1987,f3_out_0,1422,0,0
F3,M2,1988,f3_out_0,1423,0,0
F3,M2,1989,f3_out_0,1423,0,0
F3,M2,1990,f3_out_0,1424,0,0
F3,M2,1991,f3_out_0,1424,0,0
F3,M2,1992,f3_out_0,1425,0,0
F3,M2,1993,f3_out_0,1425,0,0
F3,M2,1994,f3_out_0,1426,0,0
F3,M2,1995,f3_out_0,1426,0,0
F3,M2,1996,f3_out_0,1427,0,0
F3,M2,1997,f3_out_0,1428,0,0
F3,M2,1998,f3_out_0,1428,0,0
F3,M2,1999,f3_out_0,1429,0,0
F3,M2,2000,f3_out_0,1429,0,0
F3,M2,2001,f3_out_0,1430,0,0
F3,M2,2002,f3_out_0,1430,0,0
F3,M2,2003,f3_out_0,1431,0,0
F3,M2,2004,f3_out_0,1431,0,0
F3,M2,2005,f3_out_0,1432,0,0
F3,M2,2006,f3_out_0,1433,0,0
F3,M2,2007,f3_out_0,1433,0,0
F3,M2,2008,f3_out_0,1434,0,0
F3,M2,2009,f3_out_0,1434,0,0
F3,M2,2010,f3_out_0,1435,0,0
F3,M2,2011,f3_out_0,1435,0,0
F3,M2,2012,f3_out_0,1436,0,0
F3,M2,2013,f3_out_0,1436,0,0
F3,M2,2014,f3_out_0,1437,0,0
F3,M2,2015,f3_out_0,1438,0,0
F3,M2,2016,f3_out_0,1438,0,0
F3,M2,2017,f3_out_0,1439,0,0
F3,M2,2018,f3_out_0,1439,0,0
F3,M2,2019,f3_out_0,1440,0,0
F3,M2,2020,f3_out_0,1440,0,0
F3,M2,2021,f3_out_0,1441,0,0
F3,M2,2022,f3_out_0,1441,0,0
F3,M2,2023,f3_out_0,1442,0,0
F3,M2,2024,f3_out_0,1443,0,0
F3,M2,2025,f3_out_0,1443,0,0
F3,M2,2026,f3_out_0,1444,0,0
F3,M2,2027,f3_out_0,1444,0,0
F3,M2,2028,f3_out_0,1445,0,0
F3,M2,2029,f3_out_0,1445,0,0
F3,M2,2030,f3_out_0,1446,0,0
F3,M2,2031,f3_out_0,1446,0,0
F3,M2,2032,f3_out_0,1447,0,0
F3,M2,2033,f3_out_0,1448,0,0
F3,M2,2034,f3_out_0,1448,0,0
F3,M2,2035,f3_out_0,1449,0,0
F3,M2,2036,f3_out_0,1449,0,0
F3,M2,2037,f3_out_0,1450,0,0
F3,M2,2038,f3_out_0,1450,0,0
F3,M2,2039,f3_out_0,1451,0,0
F3,M2,2040,f3_out_0,1451,0,0
F3,M2,2041,f3_out_0,1452,0,0
F3,M2,2042,f3_out_0,1453,0,0
F3,M2,2043,f3_out_0,1453,0,0
F3,M2,2044,f3_out_0,1454,0,0
F3,M2,2045,f3_out_0,1454,0,0
F3,M2,2046,f3_out_0,1455,0,0
F3,M2,2047,f3_out_0,1455,0,0
F3,M2,2048,f3_out_0,1456,0,0
F3,M2,2049,f3_out_0,1456,0,0
