W7_Q32	OFF	8	w7_out_000
W7_Q32	OFF	6	w7_out_000
W7_Q32	STRUCT_R1	8	w7_out_000
W7_Q32	ALGSTRUCT	7	w7_out_000
W7_Q32	OFF	3	w7_out_000
W7_Q32	STRUCT_R1	13	w7_out_000
W7_Q32	OFF	1	w7_out_000
W7_Q32	ALGSTRUCT	5	w7_out_000
W7_Q32	ALGSTRUCT	4	w7_out_000
W7_Q32	STRUCT	15	w7_out_000
W7_Q32	STRUCT_R1	2	w7_out_000
W7_Q32	ALGSTRUCT	15	w7_out_000
W7_Q32	ALGSTRUCT	14	w7_out_000
W7_Q32	STRUCT	7	w7_out_000
W7_Q32	ALGSTRUCT	9	w7_out_000
W7_Q32	STRUCT	12	w7_out_000
W7_Q32	STRUCT_R1	10	w7_out_000
W7_Q32	OFF	13	w7_out_000
W7_Q32	STRUCT_R1	15	w7_out_000
W7_Q32	ALGSTRUCT	2	w7_out_000
W7_Q32	STRUCT_R1	14	w7_out_000
W7_Q32	STRUCT_R1	5	w7_out_000
W7_Q32	STRUCT	11	w7_out_000
W7_Q32	STRUCT_R1	7	w7_out_000
W7_Q32	OFF	10	w7_out_000
W7_Q32	STRUCT	6	w7_out_000
W7_Q32	STRUCT	13	w7_out_000
W7_Q32	STRUCT_R1	9	w7_out_000
W7_Q32	OFF	5	w7_out_000
W7_Q32	STRUCT	4	w7_out_000
W7_Q32	STRUCT	8	w7_out_000
W7_Q32	ALGSTRUCT	11	w7_out_000
W7_Q32	OFF	14	w7_out_000
W7_Q32	OFF	7	w7_out_000
W7_Q32	STRUCT_R1	1	w7_out_000
W7_Q32	STRUCT	2	w7_out_000
W7_Q32	STRUCT_R1	6	w7_out_000
W7_Q32	ALGSTRUCT	1	w7_out_000
W7_Q32	ALGSTRUCT	8	w7_out_000
W7_Q32	OFF	11	w7_out_000
W7_Q32	OFF	4	w7_out_000
W7_Q32	OFF	2	w7_out_000
W7_Q32	STRUCT	9	w7_out_000
W7_Q32	STRUCT	14	w7_out_000
W7_Q32	OFF	15	w7_out_000
W7_Q32	ALGSTRUCT	6	w7_out_000
W7_Q32	ALGSTRUCT	3	w7_out_000
W7_Q32	STRUCT	5	w7_out_000
W7_Q32	ALGSTRUCT	13	w7_out_000
W7_Q32	STRUCT_R1	11	w7_out_000
W7_Q32	STRUCT_R1	3	w7_out_000
W7_Q32	STRUCT_R1	12	w7_out_000
W7_Q32	ALGSTRUCT	12	w7_out_000
W7_Q32	ALGSTRUCT	10	w7_out_000
W7_Q32	OFF	9	w7_out_000
W7_Q32	STRUCT_R1	4	w7_out_000
W7_Q32	STRUCT	10	w7_out_000
W7_Q32	STRUCT	3	w7_out_000
W7_Q32	STRUCT	1	w7_out_000
W7_Q32	OFF	12	w7_out_000
